JvmtiExport can_access_local_variables 0
JvmtiExport can_hotswap_or_post_breakpoint 0
JvmtiExport can_post_on_exceptions 0
# 430 ciObject found
ciMethod java/lang/Object <init> ()V 4097 1 1573375 0 0
ciMethod java/lang/Object getClass ()Ljava/lang/Class; 2049 1 256 0 -1
ciMethod java/lang/Object hashCode ()I 3073 1 384 0 -1
ciMethod java/lang/Object equals (Ljava/lang/Object;)Z 2169 1 27267 0 -1
ciMethod java/lang/String equals (Ljava/lang/Object;)Z 3265 10409 14390 0 -1
ciMethod java/lang/String startsWith (Ljava/lang/String;I)Z 3097 1321 4780 0 384
ciMethod java/lang/String startsWith (Ljava/lang/String;)Z 2233 1 267058 0 320
ciMethod java/lang/String hashCode ()I 2801 32769 2236 0 416
ciMethod java/lang/Class isInstance (Ljava/lang/Object;)Z 2049 1 256 0 -1
ciMethod java/lang/Class isAssignableFrom (Ljava/lang/Class;)Z 2057 1 257 0 -1
ciMethod java/lang/Class isPrimitive ()Z 2049 1 256 0 -1
ciMethod java/lang/System getSecurityManager ()Ljava/lang/SecurityManager; 4097 1 76283 0 0
ciMethod java/lang/System identityHashCode (Ljava/lang/Object;)I 2049 1 256 0 -1
ciMethod java/util/Map containsKey (Ljava/lang/Object;)Z 0 0 1 0 -1
ciMethod java/util/Map get (Ljava/lang/Object;)Ljava/lang/Object; 0 0 1 0 -1
ciMethod java/util/Map put (Ljava/lang/Object;Ljava/lang/Object;)Ljava/lang/Object; 0 0 1 0 -1
ciMethod java/util/Map remove (Ljava/lang/Object;)Ljava/lang/Object; 0 0 1 0 -1
ciMethod java/util/Map computeIfAbsent (Ljava/lang/Object;Ljava/util/function/Function;)Ljava/lang/Object; 33 1 4 0 -1
ciMethod java/lang/StringBuilder <init> ()V 1777 1 73422 0 -1
ciMethod java/lang/StringBuilder append (Ljava/lang/Object;)Ljava/lang/StringBuilder; 1353 1 4372 0 -1
ciMethod java/lang/StringBuilder append (Ljava/lang/String;)Ljava/lang/StringBuilder; 3345 1 292426 0 -1
ciMethod java/lang/StringBuilder toString ()Ljava/lang/String; 1777 1 91042 0 -1
ciMethod sun/misc/Unsafe compareAndSwapInt (Ljava/lang/Object;JII)Z 2049 1 256 0 -1
ciMethod sun/misc/Unsafe getObjectVolatile (Ljava/lang/Object;J)Ljava/lang/Object; 4097 1 512 0 -1
ciMethod sun/misc/Unsafe getAndAddInt (Ljava/lang/Object;JI)I 3081 1 660 0 -1
ciMethod java/lang/Boolean valueOf (Z)Ljava/lang/Boolean; 1665 1 12757 0 -1
ciMethod java/lang/Boolean equals (Ljava/lang/Object;)Z 129 1 5246 0 -1
ciMethod java/util/List isEmpty ()Z 0 0 1 0 -1
ciMethod java/util/List iterator ()Ljava/util/Iterator; 0 0 1 0 -1
ciMethod java/util/Set contains (Ljava/lang/Object;)Z 0 0 1 0 -1
ciMethodData java/lang/Object <init> ()V 2 1573375 orig 264 8 193 156 98 0 0 0 0 128 4 72 28 0 0 0 0 32 1 0 0 0 0 0 0 0 0 0 0 0 0 0 0 0 0 0 0 0 0 0 0 0 0 0 0 0 0 0 0 0 0 0 0 0 0 0 0 0 0 0 0 0 0 0 0 0 0 0 0 0 0 0 0 0 0 0 0 0 0 0 0 77 68 79 32 101 120 116 114 97 32 100 97 116 97 32 108 111 99 107 0 0 0 0 0 0 0 0 0 0 0 0 0 0 0 0 0 0 0 0 0 0 0 0 0 0 0 0 0 0 0 0 0 0 0 0 0 0 0 0 0 0 0 0 0 0 0 0 0 0 0 0 0 0 0 0 0 0 0 0 0 0 0 0 0 0 0 0 0 0 0 0 0 0 0 0 0 0 0 0 0 0 0 0 0 1 0 0 0 0 0 0 0 1 0 0 0 0 0 0 0 1 0 0 0 0 0 0 0 0 0 0 0 0 0 0 0 0 2 0 0 249 255 191 0 1 0 0 0 0 0 0 0 0 0 0 0 2 0 0 0 0 0 3 0 1 0 0 0 0 0 0 0 255 255 255 255 0 0 0 0 0 0 0 0 data 0 oops 0
ciMethod java/util/Iterator hasNext ()Z 0 0 1 0 -1
ciMethod java/util/Iterator next ()Ljava/lang/Object; 0 0 1 0 -1
ciMethod java/util/concurrent/ConcurrentMap get (Ljava/lang/Object;)Ljava/lang/Object; 0 0 1 0 -1
ciMethod java/util/concurrent/ConcurrentMap put (Ljava/lang/Object;Ljava/lang/Object;)Ljava/lang/Object; 0 0 1 0 -1
ciMethod java/util/concurrent/ConcurrentHashMap spread (I)I 2137 1 70555 0 0
ciMethod java/util/concurrent/ConcurrentHashMap tabAt ([Ljava/util/concurrent/ConcurrentHashMap$Node;I)Ljava/util/concurrent/ConcurrentHashMap$Node; 3265 1 177013 0 64
ciMethod java/util/concurrent/ConcurrentHashMap casTabAt ([Ljava/util/concurrent/ConcurrentHashMap$Node;ILjava/util/concurrent/ConcurrentHashMap$Node;Ljava/util/concurrent/ConcurrentHashMap$Node;)Z 2057 1 32229 0 -1
ciMethod java/util/concurrent/ConcurrentHashMap setTabAt ([Ljava/util/concurrent/ConcurrentHashMap$Node;ILjava/util/concurrent/ConcurrentHashMap$Node;)V 3025 1 43348 0 -1
ciMethod java/util/concurrent/ConcurrentHashMap get (Ljava/lang/Object;)Ljava/lang/Object; 2169 169 28699 0 736
ciMethod java/util/concurrent/ConcurrentHashMap containsKey (Ljava/lang/Object;)Z 2065 1 9262 0 1824
ciMethod java/util/concurrent/ConcurrentHashMap computeIfAbsent (Ljava/lang/Object;Ljava/util/function/Function;)Ljava/lang/Object; 4097 169 7601 0 -1
ciMethod java/util/concurrent/ConcurrentHashMap initTable ()[Ljava/util/concurrent/ConcurrentHashMap$Node; 49 1 286 0 -1
ciMethod java/util/concurrent/ConcurrentHashMap addCount (JI)V 1849 57 5375 0 -1
ciMethod java/util/concurrent/ConcurrentHashMap helpTransfer ([Ljava/util/concurrent/ConcurrentHashMap$Node;Ljava/util/concurrent/ConcurrentHashMap$Node;)[Ljava/util/concurrent/ConcurrentHashMap$Node; 0 0 2 0 -1
ciMethod java/util/concurrent/ConcurrentHashMap treeifyBin ([Ljava/util/concurrent/ConcurrentHashMap$Node;I)V 1 1 23 0 -1
ciMethod java/util/concurrent/ConcurrentHashMap$Node <init> (ILjava/lang/Object;Ljava/lang/Object;Ljava/util/concurrent/ConcurrentHashMap$Node;)V 2009 1 36616 0 -1
ciMethod java/util/concurrent/ConcurrentHashMap$Node find (ILjava/lang/Object;)Ljava/util/concurrent/ConcurrentHashMap$Node; 0 0 1 0 -1
ciMethodData java/lang/String hashCode ()I 2 54315 orig 264 8 193 156 98 0 0 0 0 176 79 72 28 0 0 0 0 152 1 0 0 32 0 0 0 0 0 0 0 0 0 0 0 0 0 0 0 0 0 0 0 0 0 0 0 0 0 0 0 0 0 0 0 0 0 0 0 0 0 0 0 0 0 0 0 0 0 0 0 0 0 0 0 0 0 0 0 0 0 0 0 77 68 79 32 101 120 116 114 97 32 100 97 116 97 32 108 111 99 107 0 0 0 0 0 0 0 0 0 0 0 0 0 0 0 0 0 0 0 0 0 0 0 0 0 0 0 0 0 0 0 0 0 0 0 0 0 0 0 0 0 0 0 0 0 1 0 0 0 0 0 0 0 0 0 0 0 0 0 0 0 0 0 0 0 0 0 0 0 0 0 0 0 0 0 0 0 0 0 0 1 0 0 0 0 1 0 0 0 0 0 0 0 0 0 0 0 0 0 0 0 1 0 0 0 0 0 0 0 0 0 0 0 0 0 0 0 0 16 0 0 241 58 0 0 89 33 6 0 221 4 0 0 126 108 0 0 2 0 0 0 1 0 11 0 2 0 0 0 120 0 0 0 255 255 255 255 7 0 6 0 0 0 0 0 data 15 0x60007 0x4a2 0x78 0x2bc 0xee007 0x3 0x58 0x2ba 0x1e0007 0x2ba 0x38 0xc409 0x2d0003 0xc409 0xffffffffffffffe0 oops 0
ciMethodData java/lang/System getSecurityManager ()Ljava/lang/SecurityManager; 2 76283 orig 264 8 193 156 98 0 0 0 0 232 148 73 28 0 0 0 0 24 1 0 0 0 0 0 0 0 0 0 0 0 0 0 0 0 0 0 0 0 0 0 0 0 0 0 0 0 0 0 0 0 0 0 0 0 0 0 0 0 0 0 0 0 0 0 0 0 0 0 0 0 0 0 0 0 0 0 0 0 0 0 0 77 68 79 32 101 120 116 114 97 32 100 97 116 97 32 108 111 99 107 0 0 0 0 0 0 0 0 0 0 0 0 0 0 0 0 0 0 0 0 0 0 0 0 0 0 0 0 0 0 0 0 0 0 0 0 0 0 0 0 0 0 0 0 0 0 0 0 0 0 0 0 0 0 0 0 0 0 0 0 0 0 0 0 0 0 0 0 0 0 0 0 0 0 0 0 0 0 0 0 0 0 0 0 0 0 0 0 0 0 0 0 0 0 0 0 0 0 0 0 0 0 0 0 0 0 0 0 0 0 0 0 0 0 0 0 0 0 2 0 0 217 63 9 0 1 0 0 0 0 0 0 0 0 0 0 0 2 0 0 0 0 0 3 0 1 0 0 0 0 0 0 0 255 255 255 255 0 0 0 0 0 0 0 0 data 0 oops 0
ciMethod java/util/function/Function apply (Ljava/lang/Object;)Ljava/lang/Object; 0 0 1 0 -1
ciMethodData java/lang/String startsWith (Ljava/lang/String;I)Z 2 14911 orig 264 8 193 156 98 0 0 0 0 168 77 72 28 0 0 0 0 176 1 0 0 32 0 0 0 0 0 0 0 0 0 0 0 0 0 0 0 0 0 0 0 0 0 0 0 0 0 0 0 0 0 0 0 0 0 0 0 0 0 0 0 0 0 0 0 0 0 0 0 0 0 0 0 0 0 0 0 0 0 0 0 77 68 79 32 101 120 116 114 97 32 100 97 116 97 32 108 111 99 107 0 0 0 0 0 0 0 0 0 0 0 0 0 0 0 0 0 0 0 0 0 0 0 0 0 0 0 0 0 0 0 0 0 0 0 0 0 0 0 0 0 0 0 0 0 0 0 0 0 0 0 0 0 0 0 0 0 0 0 0 0 0 0 0 0 0 0 0 0 0 0 0 0 0 0 0 0 0 0 0 0 0 0 0 0 1 0 0 0 0 0 0 0 0 0 0 0 0 0 0 0 3 0 0 0 0 0 0 0 0 0 0 0 0 0 0 0 131 1 0 0 73 137 0 0 209 204 1 0 0 0 0 0 0 0 0 0 2 0 0 0 1 0 13 0 2 0 0 0 128 0 0 0 255 255 255 255 7 0 25 0 0 0 0 0 data 16 0x190007 0xe 0x40 0x111b 0x250007 0x109f 0x20 0x7c 0x2f0007 0x277 0x40 0x399a 0x410007 0x2b72 0xffffffffffffffe0 0xe28 oops 0
ciMethodData java/lang/String startsWith (Ljava/lang/String;)Z 2 267082 orig 264 8 193 156 98 0 0 0 0 64 78 72 28 0 0 0 0 128 1 0 0 0 0 0 0 0 0 0 0 0 0 0 0 0 0 0 0 0 0 0 0 0 0 0 0 0 0 0 0 0 0 0 0 0 0 0 0 0 0 0 0 0 0 0 0 0 0 0 0 0 0 0 0 0 0 0 0 0 0 0 0 77 68 79 32 101 120 116 114 97 32 100 97 116 97 32 108 111 99 107 0 0 0 0 0 0 0 0 0 0 0 0 0 0 0 0 0 0 0 0 0 0 0 0 0 0 0 0 0 0 0 0 0 0 0 0 0 0 0 0 0 0 0 0 0 0 0 0 0 0 0 0 0 0 0 0 0 0 0 0 0 0 0 0 0 0 0 0 0 0 0 0 0 0 0 0 0 0 0 0 0 0 0 0 0 1 0 0 0 0 0 0 0 0 0 0 0 0 0 0 0 3 0 0 0 0 0 0 0 0 0 0 0 0 0 0 0 23 1 0 0 153 145 32 0 1 0 0 0 0 0 0 0 0 0 0 0 2 0 0 0 0 0 3 0 2 0 0 0 48 0 0 0 255 255 255 255 5 0 3 0 0 0 0 0 data 6 0x30005 0x0 0x33ba3f0 0x41233 0x0 0x0 oops 1 2 java/lang/String
ciMethod java/security/PrivilegedActionException getException ()Ljava/lang/Exception; 161 1 20 0 -1
ciMethodData java/util/concurrent/ConcurrentHashMap tabAt ([Ljava/util/concurrent/ConcurrentHashMap$Node;I)Ljava/util/concurrent/ConcurrentHashMap$Node; 2 177013 orig 264 8 193 156 98 0 0 0 0 144 164 99 28 0 0 0 0 176 1 0 0 0 0 0 0 0 0 0 0 0 0 0 0 0 0 0 0 0 0 0 0 0 0 0 0 0 0 0 0 0 0 0 0 0 0 0 0 0 0 0 0 0 0 0 0 0 0 0 0 0 0 0 0 0 0 0 0 0 0 0 0 77 68 79 32 101 120 116 114 97 32 100 97 116 97 32 108 111 99 107 0 0 0 0 0 0 0 0 0 0 0 0 0 0 0 0 0 0 0 0 0 0 0 0 0 0 0 0 0 0 0 0 0 0 0 0 0 0 0 0 0 0 0 0 0 0 0 0 0 0 0 0 0 0 0 0 0 0 0 0 0 0 0 0 0 0 0 0 0 0 0 0 0 0 0 0 0 0 0 0 0 0 0 0 0 0 0 0 0 0 0 0 0 0 0 0 0 0 0 0 0 0 0 0 0 0 0 0 0 0 0 0 0 0 0 0 0 152 1 0 0 233 142 21 0 1 0 0 0 0 0 0 0 0 0 0 0 2 0 0 0 0 0 3 0 2 0 0 0 96 0 0 0 255 255 255 255 5 0 14 0 0 0 0 0 data 12 0xe0005 0x0 0x0 0x0 0x0 0x0 0x110104 0x0 0x25f66f70 0x13f07 0x215fd550 0x3d3b oops 2 8 java/util/concurrent/ConcurrentHashMap$Node 10 java/util/concurrent/ConcurrentHashMap$ForwardingNode
ciMethodData java/util/concurrent/ConcurrentHashMap spread (I)I 2 70555 orig 264 8 193 156 98 0 0 0 0 96 161 99 28 0 0 0 0 32 1 0 0 0 0 0 0 0 0 0 0 0 0 0 0 0 0 0 0 0 0 0 0 0 0 0 0 0 0 0 0 0 0 0 0 0 0 0 0 0 0 0 0 0 0 0 0 0 0 0 0 0 0 0 0 0 0 0 0 0 0 0 0 77 68 79 32 101 120 116 114 97 32 100 97 116 97 32 108 111 99 107 0 0 0 0 0 0 0 0 0 0 0 0 0 0 0 0 0 0 0 0 0 0 0 0 0 0 0 0 0 0 0 0 0 0 0 0 0 0 0 0 0 0 0 0 0 0 0 0 0 0 0 0 0 0 0 0 0 0 0 0 0 0 0 0 0 0 0 0 0 0 0 0 0 0 0 0 0 0 0 0 0 0 0 0 0 0 0 0 0 0 0 0 0 0 0 0 0 0 0 0 0 0 0 0 0 0 0 0 0 0 0 0 0 0 0 0 0 11 1 0 0 129 148 8 0 1 0 0 0 0 0 0 0 0 0 0 0 2 0 0 0 0 0 3 0 1 0 0 0 0 0 0 0 255 255 255 255 0 0 0 0 0 0 0 0 data 0 oops 0
ciMethod java/util/IdentityHashMap maskNull (Ljava/lang/Object;)Ljava/lang/Object; 2113 1 6650 0 0
ciMethod java/util/IdentityHashMap hash (Ljava/lang/Object;I)I 2113 1 6704 0 0
ciMethod java/util/IdentityHashMap nextKeyIndex (II)I 2065 1 10992 0 0
ciMethod java/util/IdentityHashMap get (Ljava/lang/Object;)Ljava/lang/Object; 593 1041 5623 0 384
ciMethod org/springframework/beans/factory/BeanFactory isTypeMatch (Ljava/lang/String;Lorg/springframework/core/ResolvableType;)Z 0 0 1 0 -1
ciMethod org/apache/commons/logging/Log isDebugEnabled ()Z 0 0 1 0 -1
ciMethod org/apache/commons/logging/Log isTraceEnabled ()Z 0 0 1 0 -1
ciMethod org/apache/commons/logging/Log info (Ljava/lang/Object;Ljava/lang/Throwable;)V 0 0 1 0 -1
ciMethod org/apache/commons/logging/Log debug (Ljava/lang/Object;)V 0 0 1 0 -1
ciMethod org/apache/commons/logging/Log trace (Ljava/lang/Object;)V 0 0 1 0 -1
ciMethod org/springframework/beans/factory/support/AbstractBeanFactory predictBeanType (Ljava/lang/String;Lorg/springframework/beans/factory/support/RootBeanDefinition;[Ljava/lang/Class;)Ljava/lang/Class; 0 0 1 0 -1
ciMethod org/springframework/util/Assert notNull (Ljava/lang/Object;Ljava/lang/String;)V 2049 1 213191 0 64
ciMethod org/springframework/util/ClassUtils isAssignable (Ljava/lang/Class;Ljava/lang/Class;)Z 2049 1 5521 0 640
ciMethod org/springframework/util/ClassUtils getUserClass (Ljava/lang/Object;)Ljava/lang/Class; 0 0 2 0 -1
ciMethod org/springframework/util/ClassUtils getUserClass (Ljava/lang/Class;)Ljava/lang/Class; 1 1 20272 0 -1
ciMethodData java/util/concurrent/ConcurrentHashMap get (Ljava/lang/Object;)Ljava/lang/Object; 2 28699 orig 264 8 193 156 98 0 0 0 0 232 171 99 28 0 0 0 0 8 4 0 0 96 1 0 0 0 0 0 0 0 0 0 0 0 0 0 0 0 0 0 0 0 0 0 0 0 0 0 0 0 0 0 0 0 0 0 0 0 0 0 0 0 0 0 0 0 0 0 0 0 0 0 0 0 0 0 0 0 0 0 0 77 68 79 32 101 120 116 114 97 32 100 97 116 97 32 108 111 99 107 0 0 0 0 0 0 0 0 0 0 0 0 0 0 0 0 0 0 0 0 0 0 0 0 0 0 0 0 0 0 0 0 0 0 0 0 0 0 0 0 0 0 0 0 0 2 0 0 0 0 0 0 0 0 0 0 0 0 0 0 0 0 0 0 0 0 0 0 0 0 0 0 0 0 0 0 0 0 0 0 2 0 0 0 0 0 0 0 0 0 0 0 0 0 0 0 0 0 0 0 0 0 0 0 0 0 0 0 0 0 0 0 0 0 0 0 0 15 1 0 0 97 120 3 0 1 105 0 0 85 47 0 0 17 7 0 0 2 0 0 0 1 0 36 0 2 0 0 0 184 2 0 0 255 255 255 255 5 0 1 0 0 0 0 0 data 87 0x10005 0x6240 0x250bcc20 0xb50 0x1e5b8950 0x17c 0x40002 0x6f0c 0xf0007 0xde 0x278 0x6e2e 0x170007 0x0 0x258 0x6e2e 0x220002 0x6e2e 0x270007 0x506e 0x228 0x1dc0 0x330007 0xa45 0xb0 0x137b 0x3e0007 0x669 0x90 0xd12 0x430007 0x0 0xf8 0xd12 0x490005 0x604 0x250bcc20 0x690 0x1e5b8950 0x7e 0x4ce007 0x78 0xa8 0xc9a 0x56e007 0xa44 0x88 0x2 0x5d0005 0x0 0x20ca3890 0x2 0x0 0x0 0x630007 0x2 0x38 0x0 0x6b0003 0x0 0x18 0x760007 0x754 0xd0 0x719 0x7f0007 0x304 0xffffffffffffffe0 0x415 0x8a0007 0xa3 0x90 0x372 0x8f0007 0x0 0xffffffffffffffa0 0x372 0x950005 0x1c4 0x250bcc20 0x1ab 0x1e5b8950 0x3 0x980007 0xad 0xffffffffffffff50 0x2c5 oops 7 2 java/lang/invoke/MethodType$ConcurrentWeakInternSet$WeakEntry 4 java/lang/invoke/MemberName 36 java/lang/invoke/MethodType$ConcurrentWeakInternSet$WeakEntry 38 java/lang/invoke/MemberName 50 java/util/concurrent/ConcurrentHashMap$TreeBin 79 java/lang/invoke/MethodType$ConcurrentWeakInternSet$WeakEntry 81 java/lang/invoke/MemberName
ciMethod java/lang/invoke/MethodHandle invokeBasic ()Ljava/lang/Object; 0 0 1 0 -1
ciMethod java/lang/invoke/LambdaForm$MH identity_L (Ljava/lang/Object;)Ljava/lang/Object; 2073 1 86111 0 -1
ciMethodData java/lang/invoke/LambdaForm$MH identity_L (Ljava/lang/Object;)Ljava/lang/Object; 2 86111 orig 264 8 193 156 98 0 0 0 0 168 137 155 28 0 0 0 0 152 1 0 0 0 0 0 0 0 0 0 0 0 0 0 0 0 0 0 0 0 0 0 0 0 0 0 0 0 0 0 0 0 0 0 0 0 0 0 0 0 0 0 0 0 0 0 0 0 0 0 0 0 0 0 0 0 0 0 0 0 0 0 0 77 68 79 32 101 120 116 114 97 32 100 97 116 97 32 108 111 99 107 0 0 0 0 0 0 0 0 0 0 0 0 0 0 0 0 0 0 0 0 0 0 0 0 0 0 0 0 0 0 0 0 0 0 0 0 0 0 0 0 0 0 0 0 0 0 0 0 0 0 0 0 0 0 0 0 0 0 0 0 0 0 0 0 0 0 0 0 0 0 0 0 0 0 0 0 0 0 0 0 0 0 0 0 0 0 0 0 0 0 0 0 0 0 0 0 0 0 0 0 0 0 0 0 0 0 0 0 0 0 0 0 0 0 0 0 0 3 1 0 0 225 122 10 0 1 0 0 0 0 0 0 0 0 0 0 0 2 0 0 0 0 0 3 0 2 0 0 0 48 0 0 0 120 0 0 0 4 0 1 0 0 0 0 0 data 6 0x10004 0x0 0x25f61520 0x110f 0x0 0x0 oops 1 2 java/lang/invoke/BoundMethodHandle$Species_L
ciMethod java/lang/invoke/LambdaForm$MH linkToTargetMethod (Ljava/lang/Object;)Ljava/lang/Object; 2049 1 86111 0 -1
ciMethod org/springframework/util/StringUtils hasLength (Ljava/lang/String;)Z 2121 1 35681 0 -1
ciMethod org/springframework/util/ObjectUtils isEmpty ([Ljava/lang/Object;)Z 2073 1 4282 0 -1
ciMethod org/springframework/core/ResolvableType <init> (Ljava/lang/Class;)V 4097 1 3255 0 0
ciMethod org/springframework/core/ResolvableType isInstance (Ljava/lang/Object;)Z 521 1 9395 0 0
ciMethod org/springframework/core/ResolvableType isAssignableFrom (Ljava/lang/Class;)Z 2169 1 271 0 -1
ciMethod org/springframework/core/ResolvableType isAssignableFrom (Lorg/springframework/core/ResolvableType;)Z 5233 1 654 0 -1
ciMethod org/springframework/core/ResolvableType as (Ljava/lang/Class;)Lorg/springframework/core/ResolvableType; 3161 1 11042 0 -1
ciMethod org/springframework/core/ResolvableType hasGenerics ()Z 1033 1 9303 0 0
ciMethod org/springframework/core/ResolvableType getGeneric ([I)Lorg/springframework/core/ResolvableType; 2913 721 496 0 -1
ciMethod org/springframework/core/ResolvableType getGenerics ()[Lorg/springframework/core/ResolvableType; 4097 3153 3632 0 -1
ciMethod org/springframework/core/ResolvableType resolve ()Ljava/lang/Class; 1057 1 132 0 0
ciMethod org/springframework/core/ResolvableType forClass (Ljava/lang/Class;)Lorg/springframework/core/ResolvableType; 4097 1 2699 0 0
ciMethod org/springframework/core/ResolvableType access$100 ()[Lorg/springframework/core/ResolvableType; 2105 1 18053 0 0
ciMethod org/springframework/core/ResolvableType$1 getGenerics ()[Lorg/springframework/core/ResolvableType; 2105 1 18053 0 64
ciMethod org/springframework/core/ResolvableType$1 isAssignableFrom (Ljava/lang/Class;)Z 2057 1 5736 0 672
ciMethod org/springframework/core/ResolvableType$1 isAssignableFrom (Lorg/springframework/core/ResolvableType;)Z 3105 1 5516 0 672
ciMethod java/util/concurrent/ConcurrentHashMap$ReservationNode <init> ()V 2985 1 1919 0 -1
ciMethodData org/springframework/util/Assert notNull (Ljava/lang/Object;Ljava/lang/String;)V 2 213191 orig 264 8 193 156 98 0 0 0 0 80 138 146 28 0 0 0 0 88 1 0 0 0 0 0 0 0 0 0 0 0 0 0 0 0 0 0 0 0 0 0 0 0 0 0 0 0 0 0 0 0 0 0 0 0 0 0 0 0 0 0 0 0 0 0 0 0 0 0 0 0 0 0 0 0 0 0 0 0 0 0 0 77 68 79 32 101 120 116 114 97 32 100 97 116 97 32 108 111 99 107 0 0 0 0 0 0 0 0 0 0 0 0 0 0 0 0 0 0 0 0 0 0 0 0 0 0 0 0 0 0 0 0 0 0 0 0 0 0 0 0 0 0 0 0 0 0 0 0 0 0 0 0 0 0 0 0 0 0 0 0 0 0 0 0 0 0 0 0 0 0 0 0 0 0 0 0 0 0 0 0 0 0 0 0 0 25 0 0 0 0 0 0 0 0 0 0 0 0 0 0 0 1 0 0 0 0 0 0 0 0 0 0 0 0 0 0 0 0 1 0 0 57 254 25 0 1 0 0 0 0 0 0 0 0 0 0 0 2 0 0 0 0 0 5 0 2 0 0 0 48 0 0 0 255 255 255 255 7 0 1 0 0 0 0 0 data 6 0x10007 0x33fc7 0x30 0x0 0x90002 0x0 oops 0
ciMethodData java/lang/invoke/LambdaForm$MH linkToTargetMethod (Ljava/lang/Object;)Ljava/lang/Object; 2 86111 orig 264 8 193 156 98 0 0 0 0 168 141 155 28 0 0 0 0 216 1 0 0 0 0 0 0 0 0 0 0 0 0 0 0 0 0 0 0 0 0 0 0 0 0 0 0 0 0 0 0 0 0 0 0 0 0 0 0 0 0 0 0 0 0 0 0 0 0 0 0 0 0 0 0 0 0 0 0 0 0 0 0 77 68 79 32 101 120 116 114 97 32 100 97 116 97 32 108 111 99 107 0 0 0 0 0 0 0 0 0 0 0 0 0 0 0 0 0 0 0 0 0 0 0 0 0 0 0 0 0 0 0 0 0 0 0 0 0 0 0 0 0 0 0 0 0 0 0 0 0 0 0 0 0 0 0 0 0 0 0 0 0 0 0 0 0 0 0 0 0 0 0 0 0 0 0 0 0 0 0 0 0 0 0 0 0 0 0 0 0 0 0 0 0 0 0 0 0 0 0 0 0 0 0 0 0 0 0 0 0 0 0 0 0 0 0 0 0 0 1 0 0 249 122 10 0 1 0 0 0 0 0 0 0 0 0 0 0 2 0 0 0 0 0 3 0 2 0 0 0 112 0 0 0 184 0 0 0 4 0 1 0 0 0 0 0 data 14 0x10004 0x0 0x25f61520 0x1112 0x0 0x0 0x4000b 0x13e4e 0x25f61520 0x1111 0x0 0x0 0x1 0x2 oops 2 2 java/lang/invoke/BoundMethodHandle$Species_L 8 java/lang/invoke/BoundMethodHandle$Species_L
ciMethod org/springframework/core/log/LogMessage format (Ljava/lang/String;Ljava/lang/Object;)Lorg/springframework/core/log/LogMessage; 513 1 64 0 -1
ciMethod org/springframework/beans/factory/support/AbstractBeanFactory resolveBeanClass (Lorg/springframework/beans/factory/support/RootBeanDefinition;Ljava/lang/String;[Ljava/lang/Class;)Ljava/lang/Class; 665 1 1707 0 -1
ciMethod org/springframework/beans/factory/config/ConfigurableBeanFactory getMergedBeanDefinition (Ljava/lang/String;)Lorg/springframework/beans/factory/config/BeanDefinition; 0 0 1 0 -1
ciMethod org/springframework/core/AttributeAccessor getAttribute (Ljava/lang/String;)Ljava/lang/Object; 0 0 1 0 -1
ciMethod org/springframework/beans/factory/config/BeanDefinition getParentName ()Ljava/lang/String; 0 0 1 0 -1
ciMethod org/springframework/beans/factory/config/BeanDefinition getScope ()Ljava/lang/String; 0 0 1 0 -1
ciMethod org/springframework/beans/factory/config/BeanDefinition isSingleton ()Z 0 0 1 0 -1
ciMethod org/springframework/beans/factory/support/DefaultListableBeanFactory containsBeanDefinition (Ljava/lang/String;)Z 2049 1 10445 0 0
ciMethod org/springframework/beans/factory/support/DefaultListableBeanFactory getBeanDefinition (Ljava/lang/String;)Lorg/springframework/beans/factory/config/BeanDefinition; 2049 1 1914 0 0
ciMethod org/springframework/beans/factory/support/DefaultListableBeanFactory isBeanEligibleForMetadataCaching (Ljava/lang/String;)Z 3225 1 403 0 0
ciMethod org/springframework/beans/factory/support/AbstractBeanFactory doResolveBeanClass (Lorg/springframework/beans/factory/support/RootBeanDefinition;[Ljava/lang/Class;)Ljava/lang/Class; 1409 1 759 0 -1
ciMethod org/springframework/beans/factory/support/AbstractAutowireCapableBeanFactory applyBeanPostProcessorsAfterInitialization (Ljava/lang/Object;Ljava/lang/String;)Ljava/lang/Object; 3409 46137 426 0 -1
ciMethod org/springframework/beans/factory/support/AbstractAutowireCapableBeanFactory predictBeanType (Ljava/lang/String;Lorg/springframework/beans/factory/support/RootBeanDefinition;[Ljava/lang/Class;)Ljava/lang/Class; 2049 1 27442 0 10144
ciMethod org/springframework/beans/factory/support/AbstractAutowireCapableBeanFactory determineTargetType (Ljava/lang/String;Lorg/springframework/beans/factory/support/RootBeanDefinition;[Ljava/lang/Class;)Ljava/lang/Class; 11145 1 7724 0 0
ciMethod org/springframework/beans/factory/support/AbstractAutowireCapableBeanFactory getTypeForFactoryMethod (Ljava/lang/String;Lorg/springframework/beans/factory/support/RootBeanDefinition;[Ljava/lang/Class;)Ljava/lang/Class; 1 1 125 0 -1
ciMethod org/springframework/beans/factory/support/AbstractAutowireCapableBeanFactory getTypeForFactoryBean (Ljava/lang/String;Lorg/springframework/beans/factory/support/RootBeanDefinition;Z)Lorg/springframework/core/ResolvableType; 3089 1 583 0 0
ciMethod org/springframework/beans/factory/support/AbstractAutowireCapableBeanFactory getFactoryBeanGeneric (Lorg/springframework/core/ResolvableType;)Lorg/springframework/core/ResolvableType; 1353 1 185 0 0
ciMethod org/springframework/beans/factory/support/AbstractAutowireCapableBeanFactory getTypeForFactoryBeanFromMethod (Ljava/lang/Class;Ljava/lang/String;)Lorg/springframework/core/ResolvableType; 0 0 1 0 0
ciMethod org/springframework/beans/factory/support/AbstractAutowireCapableBeanFactory getSingletonFactoryBeanForTypeCheck (Ljava/lang/String;Lorg/springframework/beans/factory/support/RootBeanDefinition;)Lorg/springframework/beans/factory/FactoryBean; 1737 1 417 0 0
ciMethod org/springframework/beans/factory/support/AbstractAutowireCapableBeanFactory getNonSingletonFactoryBeanForTypeCheck (Ljava/lang/String;Lorg/springframework/beans/factory/support/RootBeanDefinition;)Lorg/springframework/beans/factory/FactoryBean; 0 0 1 0 0
ciMethod org/springframework/beans/factory/support/AbstractAutowireCapableBeanFactory resolveBeforeInstantiation (Ljava/lang/String;Lorg/springframework/beans/factory/support/RootBeanDefinition;)Ljava/lang/Object; 3273 1 409 0 -1
ciMethod org/springframework/beans/factory/support/AbstractAutowireCapableBeanFactory applyBeanPostProcessorsBeforeInstantiation (Ljava/lang/Class;Ljava/lang/String;)Ljava/lang/Object; 2177 8393 402 0 -1
ciMethod org/springframework/beans/factory/support/AbstractAutowireCapableBeanFactory createBeanInstance (Ljava/lang/String;Lorg/springframework/beans/factory/support/RootBeanDefinition;[Ljava/lang/Object;)Lorg/springframework/beans/BeanWrapper; 3161 1 402 0 -1
ciMethod org/springframework/beans/factory/support/AbstractBeanFactory doGetBean (Ljava/lang/String;Ljava/lang/Class;[Ljava/lang/Object;Z)Ljava/lang/Object; 3081 1 3115 0 -1
ciMethod org/springframework/beans/factory/support/AbstractBeanFactory isTypeMatch (Ljava/lang/String;Lorg/springframework/core/ResolvableType;Z)Z 170409 1 62289 0 -1
ciMethod org/springframework/beans/factory/support/AbstractBeanFactory getParentBeanFactory ()Lorg/springframework/beans/factory/BeanFactory; 1033 1 129 0 0
ciMethod org/springframework/beans/factory/support/AbstractBeanFactory getTempClassLoader ()Ljava/lang/ClassLoader; 1033 1 129 0 -1
ciMethod org/springframework/beans/factory/support/AbstractBeanFactory isCacheBeanMetadata ()Z 1033 1 129 0 -1
ciMethod org/springframework/beans/factory/support/AbstractBeanFactory getBeanPostProcessorCache ()Lorg/springframework/beans/factory/support/AbstractBeanFactory$BeanPostProcessorCache; 2057 25 11903 0 -1
ciMethod org/springframework/beans/factory/support/AbstractBeanFactory hasInstantiationAwareBeanPostProcessors ()Z 2049 1 28414 0 -1
ciMethod org/springframework/beans/factory/support/AbstractBeanFactory getAccessControlContext ()Ljava/security/AccessControlContext; 0 0 1 0 -1
ciMethod org/springframework/beans/factory/support/AbstractBeanFactory getMergedBeanDefinition (Ljava/lang/String;)Lorg/springframework/beans/factory/config/BeanDefinition; 4353 1 800 0 -1
ciMethod org/springframework/beans/factory/support/AbstractBeanFactory isPrototypeCurrentlyInCreation (Ljava/lang/String;)Z 17 1 1584 0 -1
ciMethod org/springframework/beans/factory/support/AbstractBeanFactory beforePrototypeCreation (Ljava/lang/String;)V 0 0 1 0 -1
ciMethod org/springframework/beans/factory/support/AbstractBeanFactory afterPrototypeCreation (Ljava/lang/String;)V 0 0 1 0 -1
ciMethod org/springframework/beans/factory/support/AbstractBeanFactory transformedBeanName (Ljava/lang/String;)Ljava/lang/String; 3401 1 67245 0 1664
ciMethod org/springframework/beans/factory/support/AbstractBeanFactory originalBeanName (Ljava/lang/String;)Ljava/lang/String; 0 0 1 0 -1
ciMethod org/springframework/beans/factory/support/AbstractBeanFactory getMergedLocalBeanDefinition (Ljava/lang/String;)Lorg/springframework/beans/factory/support/RootBeanDefinition; 2377 1 14111 0 1664
ciMethod org/springframework/beans/factory/support/AbstractBeanFactory getMergedBeanDefinition (Ljava/lang/String;Lorg/springframework/beans/factory/config/BeanDefinition;)Lorg/springframework/beans/factory/support/RootBeanDefinition; 545 1 263 0 0
ciMethod org/springframework/beans/factory/support/AbstractBeanFactory getMergedBeanDefinition (Ljava/lang/String;Lorg/springframework/beans/factory/config/BeanDefinition;Lorg/springframework/beans/factory/config/BeanDefinition;)Lorg/springframework/beans/factory/support/RootBeanDefinition; 545 1 1198 0 0
ciMethod org/springframework/beans/factory/support/AbstractBeanFactory copyRelevantMergedBeanDefinitionCaches (Lorg/springframework/beans/factory/support/RootBeanDefinition;Lorg/springframework/beans/factory/support/RootBeanDefinition;)V 25 1 792 0 -1
ciMethod org/springframework/beans/factory/support/AbstractBeanFactory isFactoryBean (Ljava/lang/String;Lorg/springframework/beans/factory/support/RootBeanDefinition;)Z 2049 1 11748 0 -1
ciMethod org/springframework/beans/factory/support/AbstractBeanFactory getTypeForFactoryBean (Ljava/lang/String;Lorg/springframework/beans/factory/support/RootBeanDefinition;Z)Lorg/springframework/core/ResolvableType; 0 0 1 0 0
ciMethod org/springframework/beans/factory/support/AbstractBeanFactory getTypeForFactoryBeanFromAttributes (Lorg/springframework/core/AttributeAccessor;)Lorg/springframework/core/ResolvableType; 3089 1 586 0 0
ciMethod org/springframework/beans/factory/support/AbstractBeanFactory isBeanEligibleForMetadataCaching (Ljava/lang/String;)Z 3225 1 403 0 0
ciMethod org/springframework/beans/factory/support/AbstractBeanFactory containsBeanDefinition (Ljava/lang/String;)Z 0 0 1 0 -1
ciMethod org/springframework/beans/factory/support/AbstractBeanFactory getBeanDefinition (Ljava/lang/String;)Lorg/springframework/beans/factory/config/BeanDefinition; 0 0 1 0 -1
ciMethod org/springframework/beans/factory/support/FactoryBeanRegistrySupport getTypeForFactoryBean (Lorg/springframework/beans/factory/FactoryBean;)Ljava/lang/Class; 41 1 2393 0 0
ciMethod org/springframework/beans/factory/support/FactoryBeanRegistrySupport getFactoryBean (Ljava/lang/String;Ljava/lang/Object;)Lorg/springframework/beans/factory/FactoryBean; 57 1 7 0 -1
ciMethod org/springframework/beans/factory/support/DefaultSingletonBeanRegistry getSingleton (Ljava/lang/String;Z)Ljava/lang/Object; 4097 1 11911 0 4224
ciMethod org/springframework/beans/factory/support/DefaultSingletonBeanRegistry onSuppressedException (Ljava/lang/Exception;)V 0 0 1 0 -1
ciMethod org/springframework/beans/factory/support/DefaultSingletonBeanRegistry containsSingleton (Ljava/lang/String;)Z 3089 1 53048 0 1408
ciMethod org/springframework/beans/factory/support/DefaultSingletonBeanRegistry isSingletonCurrentlyInCreation (Ljava/lang/String;)Z 8241 1 11126 0 -1
ciMethod org/springframework/beans/factory/support/DefaultSingletonBeanRegistry beforeSingletonCreation (Ljava/lang/String;)V 3449 1 431 0 -1
ciMethod org/springframework/beans/factory/support/DefaultSingletonBeanRegistry afterSingletonCreation (Ljava/lang/String;)V 3449 1 431 0 -1
ciMethod org/springframework/beans/factory/support/DefaultSingletonBeanRegistry getSingletonMutex ()Ljava/lang/Object; 1081 1 135 0 -1
ciMethod org/springframework/core/SimpleAliasRegistry canonicalName (Ljava/lang/String;)Ljava/lang/String; 2633 174281 67615 0 1472
ciMethod org/springframework/beans/factory/BeanCreationException contains (Ljava/lang/Class;)Z 0 0 1 0 -1
ciMethod org/springframework/beans/factory/CannotLoadBeanClassException <init> (Ljava/lang/String;Ljava/lang/String;Ljava/lang/String;Ljava/lang/ClassNotFoundException;)V 0 0 1 0 -1
ciMethod org/springframework/beans/factory/CannotLoadBeanClassException <init> (Ljava/lang/String;Ljava/lang/String;Ljava/lang/String;Ljava/lang/LinkageError;)V 0 0 1 0 -1
ciMethod org/springframework/beans/BeanWrapper getWrappedInstance ()Ljava/lang/Object; 0 0 1 0 -1
ciMethod org/springframework/beans/factory/support/AbstractBeanDefinition overrideFrom (Lorg/springframework/beans/factory/config/BeanDefinition;)V 0 0 1 0 -1
ciMethod org/springframework/beans/factory/support/AbstractBeanDefinition getBeanClassName ()Ljava/lang/String; 2049 1 6267 0 -1
ciMethod org/springframework/beans/factory/support/AbstractBeanDefinition getBeanClass ()Ljava/lang/Class; 481 1 3267 0 0
ciMethod org/springframework/beans/factory/support/AbstractBeanDefinition hasBeanClass ()Z 2049 1 27141 0 64
ciMethod org/springframework/beans/factory/support/AbstractBeanDefinition setScope (Ljava/lang/String;)V 2049 1 1962 0 -1
ciMethod org/springframework/beans/factory/support/AbstractBeanDefinition getScope ()Ljava/lang/String; 1041 1 130 0 -1
ciMethod org/springframework/beans/factory/support/AbstractBeanDefinition isSingleton ()Z 761 1 5536 0 0
ciMethod org/springframework/beans/factory/support/AbstractBeanDefinition isLazyInit ()Z 697 1 13192 0 -1
ciMethod org/springframework/beans/factory/support/AbstractBeanDefinition getInstanceSupplier ()Ljava/util/function/Supplier; 1025 1 128 0 0
ciMethod org/springframework/beans/factory/support/AbstractBeanDefinition getFactoryBeanName ()Ljava/lang/String; 1097 1 137 0 0
ciMethod org/springframework/beans/factory/support/AbstractBeanDefinition getFactoryMethodName ()Ljava/lang/String; 1033 1 129 0 0
ciMethod org/springframework/beans/factory/support/AbstractBeanDefinition isSynthetic ()Z 1161 1 145 0 -1
ciMethod org/springframework/beans/factory/support/AbstractBeanDefinition getResourceDescription ()Ljava/lang/String; 0 0 5 0 -1
ciMethod org/springframework/beans/factory/support/RootBeanDefinition <init> (Lorg/springframework/beans/factory/config/BeanDefinition;)V 1577 1 661 0 -1
ciMethod org/springframework/beans/factory/support/RootBeanDefinition getDecoratedDefinition ()Lorg/springframework/beans/factory/config/BeanDefinitionHolder; 1185 1 148 0 0
ciMethod org/springframework/beans/factory/support/RootBeanDefinition getTargetType ()Ljava/lang/Class; 2065 1 6591 0 -1
ciMethod org/springframework/beans/factory/support/RootBeanDefinition cloneBeanDefinition ()Lorg/springframework/beans/factory/support/RootBeanDefinition; 1353 1 169 0 -1
ciMethod org/springframework/beans/factory/ObjectFactory getObject ()Ljava/lang/Object; 0 0 1 0 -1
ciMethod org/springframework/beans/factory/config/BeanDefinitionHolder getBeanDefinition ()Lorg/springframework/beans/factory/config/BeanDefinition; 1049 1 131 0 -1
ciMethod org/springframework/beans/factory/config/BeanDefinitionHolder getBeanName ()Ljava/lang/String; 1025 1 128 0 -1
ciMethod org/springframework/beans/factory/config/SmartInstantiationAwareBeanPostProcessor predictBeanType (Ljava/lang/Class;Ljava/lang/String;)Ljava/lang/Class; 3033 1 379 0 -1
ciMethod org/springframework/beans/factory/BeanFactoryUtils isFactoryDereference (Ljava/lang/String;)Z 3073 1 51798 0 128
ciMethod org/springframework/beans/factory/BeanFactoryUtils transformedBeanName (Ljava/lang/String;)Ljava/lang/String; 3401 1 9206 0 224
ciMethod org/springframework/beans/factory/FactoryBean getObjectType ()Ljava/lang/Class; 0 0 1 0 -1
ciMethodData java/util/IdentityHashMap get (Ljava/lang/Object;)Ljava/lang/Object; 2 10784 orig 264 8 193 156 98 0 0 0 0 64 162 131 28 0 0 0 0 216 1 0 0 16 0 0 0 0 0 0 0 0 0 0 0 0 0 0 0 0 0 0 0 0 0 0 0 0 0 0 0 0 0 0 0 0 0 0 0 0 0 0 0 0 0 0 0 0 0 0 0 0 0 0 0 0 0 0 0 0 0 0 0 77 68 79 32 101 120 116 114 97 32 100 97 116 97 32 108 111 99 107 0 0 0 0 0 0 0 0 0 0 0 0 0 0 0 0 0 0 0 0 0 0 0 0 0 0 0 0 0 0 0 0 0 0 0 0 0 0 0 0 0 0 0 0 0 0 0 0 0 0 0 0 0 0 0 0 0 0 0 0 0 0 0 0 0 0 0 0 0 0 0 0 0 0 0 0 0 0 0 0 0 0 0 0 0 0 0 0 0 0 0 0 0 0 0 0 0 0 0 0 0 0 0 0 0 0 0 0 0 0 0 0 0 0 0 0 0 130 0 0 0 105 173 0 0 241 76 1 0 0 0 0 0 0 0 0 0 2 0 0 0 1 0 16 0 2 0 0 0 136 0 0 0 255 255 255 255 2 0 1 0 0 0 0 0 data 17 0x10002 0x15ad 0x110002 0x15ad 0x1f0007 0x3c24 0x20 0x327 0x2b0007 0x299e 0x20 0x1286 0x340002 0x299e 0x390003 0x299e 0xffffffffffffffb0 oops 0
ciMethodData java/util/concurrent/ConcurrentHashMap computeIfAbsent (Ljava/lang/Object;Ljava/util/function/Function;)Ljava/lang/Object; 2 7601 orig 264 8 193 156 98 0 0 0 0 112 199 99 28 0 0 0 0 96 8 0 0 128 0 0 0 0 0 0 0 0 0 0 0 0 0 0 0 0 0 0 0 0 0 0 0 0 0 0 0 0 0 0 0 0 0 0 0 0 0 0 0 0 0 0 0 0 0 0 0 0 0 0 0 0 0 0 0 0 0 0 0 77 68 79 32 101 120 116 114 97 32 100 97 116 97 32 108 111 99 107 0 0 0 0 0 0 0 0 0 0 0 0 0 0 0 0 0 0 0 0 0 0 0 0 0 0 0 0 0 0 0 0 0 0 0 0 0 0 0 0 0 0 0 0 0 0 0 0 0 0 0 0 0 0 0 0 0 0 0 0 0 0 0 0 0 0 0 0 0 0 0 0 0 0 0 0 0 0 0 0 0 0 0 0 0 0 0 0 0 0 0 0 0 0 0 0 0 0 0 0 0 0 0 0 0 0 0 0 0 0 0 0 0 0 0 0 0 0 2 0 0 137 221 0 0 225 35 0 0 0 0 0 0 0 0 0 0 2 0 0 0 2 0 81 0 2 0 0 0 8 7 0 0 255 255 255 255 7 0 1 0 0 0 0 0 data 225 0x10007 0x0 0x40 0x1bb1 0x50007 0x1bb1 0x30 0x0 0xc0002 0x0 0x110005 0x26c 0x33ba3f0 0x18ae 0x33ba480 0x97 0x140002 0x1bb1 0x260007 0x77 0x40 0x1bb1 0x2f0007 0x1bb1 0x48 0x0 0x330002 0x77 0x380003 0x77 0x5e0 0x460002 0x1bb1 0x4c0007 0x15a0 0x160 0x611 0x530002 0x611 0x650002 0x611 0x680007 0x0 0xb8 0x611 0x730005 0x5db 0x208ff920 0x16 0x208ffa00 0x20 0x7b0007 0x0 0x30 0x611 0x870002 0x611 0x920002 0x611 0x950003 0x611 0x28 0xa00002 0x0 0xa90003 0x611 0x18 0xb60007 0x0 0x38 0x611 0xb90003 0x611 0x4a0 0xbc0003 0x0 0x470 0xc80007 0x15a0 0x68 0x0 0xd00005 0x0 0x0 0x0 0x0 0x0 0xd50003 0x0 0x408 0xe50002 0x15a0 0xea0007 0x0 0x358 0x15a0 0xef0007 0x0 0x1b0 0x15a0 0xff0007 0x5c3 0xc8 0x13e1 0x10b0007 0x586 0x90 0xe5b 0x1100007 0x0 0x88 0xe5b 0x1160005 0x0 0x33ba3f0 0xe42 0x208ffab0 0x19 0x1190007 0x0 0x38 0xe5b 0x1230003 0x13e1 0xc8 0x1320007 0x404 0x98 0x1bf 0x1370005 0x19c 0x208ff920 0xa 0x208ffa00 0x19 0x13f0007 0x0 0x60 0x1bf 0x1500002 0x1bf 0x1560003 0x1bf 0x30 0x15c0003 0x404 0xfffffffffffffea0 0x15f0003 0x15a0 0x1a0 0x1640004 0x0 0x0 0x0 0x0 0x0 0x1670007 0x0 0x158 0x0 0x16f0004 0x0 0x0 0x0 0x0 0x0 0x17c0007 0x0 0x88 0x0 0x1840005 0x0 0x0 0x0 0x0 0x0 0x18a0007 0x0 0x38 0x0 0x1940003 0x0 0x98 0x1990005 0x0 0x0 0x0 0x0 0x0 0x1a10007 0x0 0x50 0x0 0x1ad0005 0x0 0x0 0x0 0x0 0x0 0x1b40003 0x15a0 0x18 0x1c10007 0x0 0x70 0x15a0 0x1c80007 0x15a0 0x30 0x0 0x1d00002 0x0 0x1d50007 0x1bf 0x38 0x13e1 0x1db0003 0x77 0xfffffffffffff9d0 0x1e00007 0x0 0x30 0x7d0 0x1e70002 0x7d0 oops 8 12 java/lang/String 14 java/lang/Class 47 org/springframework/context/annotation/AnnotationBeanNameGenerator$$Lambda$192 49 org/springframework/beans/factory/support/AbstractAutowireCapableBeanFactory$$Lambda$305 114 java/lang/String 116 org/springframework/core/convert/converter/GenericConverter$ConvertiblePair 131 org/springframework/context/annotation/AnnotationBeanNameGenerator$$Lambda$192 133 org/springframework/beans/factory/support/AbstractAutowireCapableBeanFactory$$Lambda$305
ciMethodData java/util/IdentityHashMap nextKeyIndex (II)I 2 10992 orig 264 8 193 156 98 0 0 0 0 104 161 131 28 0 0 0 0 96 1 0 0 0 0 0 0 0 0 0 0 0 0 0 0 0 0 0 0 0 0 0 0 0 0 0 0 0 0 0 0 0 0 0 0 0 0 0 0 0 0 0 0 0 0 0 0 0 0 0 0 0 0 0 0 0 0 0 0 0 0 0 0 77 68 79 32 101 120 116 114 97 32 100 97 116 97 32 108 111 99 107 0 0 0 0 0 0 0 0 0 0 0 0 0 0 0 0 0 0 0 0 0 0 0 0 0 0 0 0 0 0 0 0 0 0 0 0 0 0 0 0 0 0 0 0 0 0 0 0 0 0 0 0 0 0 0 0 0 0 0 0 0 0 0 0 0 0 0 0 0 0 0 0 0 0 0 0 0 0 0 0 0 0 0 0 0 0 0 0 0 0 0 0 0 0 0 0 0 0 0 0 0 0 0 0 0 0 0 0 0 0 0 0 0 0 0 0 0 2 1 0 0 113 79 1 0 1 0 0 0 0 0 0 0 0 0 0 0 2 0 0 0 0 0 6 0 2 0 0 0 56 0 0 0 255 255 255 255 7 0 4 0 0 0 0 0 data 7 0x40007 0x52a 0x38 0x24c4 0xa0003 0x24c4 0x18 oops 0
ciMethodData java/util/concurrent/ConcurrentHashMap containsKey (Ljava/lang/Object;)Z 2 9262 orig 264 8 193 156 98 0 0 0 0 136 172 99 28 0 0 0 0 184 1 0 0 0 0 0 0 0 0 0 0 0 0 0 0 0 0 0 0 0 0 0 0 0 0 0 0 0 0 0 0 0 0 0 0 0 0 0 0 0 0 0 0 0 0 0 0 0 0 0 0 0 0 0 0 0 0 0 0 0 0 0 0 77 68 79 32 101 120 116 114 97 32 100 97 116 97 32 108 111 99 107 0 0 0 0 0 0 0 0 0 0 0 0 0 0 0 0 0 0 0 0 0 0 0 0 0 0 0 0 0 0 0 0 0 0 0 0 0 0 0 0 0 0 0 0 0 0 0 0 0 0 0 0 0 0 0 0 0 0 0 0 0 0 0 0 0 0 0 0 0 0 0 0 0 0 0 0 0 0 0 0 0 0 0 0 0 0 0 0 0 0 0 0 0 0 0 0 0 0 0 0 0 0 0 0 0 0 0 0 0 0 0 0 0 0 0 0 0 2 1 0 0 97 25 1 0 1 0 0 0 0 0 0 0 0 0 0 0 2 0 0 0 0 0 6 0 2 0 0 0 104 0 0 0 255 255 255 255 5 0 2 0 0 0 0 0 data 13 0x20005 0x0 0x248597f0 0x232c 0x0 0x0 0x50007 0x1f27 0x38 0x405 0x90003 0x405 0x18 oops 1 2 java/util/concurrent/ConcurrentHashMap
ciMethodData java/util/IdentityHashMap maskNull (Ljava/lang/Object;)Ljava/lang/Object; 2 6650 orig 264 8 193 156 98 0 0 0 0 240 154 131 28 0 0 0 0 88 1 0 0 0 0 0 0 0 0 0 0 0 0 0 0 0 0 0 0 0 0 0 0 0 0 0 0 0 0 0 0 0 0 0 0 0 0 0 0 0 0 0 0 0 0 0 0 0 0 0 0 0 0 0 0 0 0 0 0 0 0 0 0 77 68 79 32 101 120 116 114 97 32 100 97 116 97 32 108 111 99 107 0 0 0 0 0 0 0 0 0 0 0 0 0 0 0 0 0 0 0 0 0 0 0 0 0 0 0 0 0 0 0 0 0 0 0 0 0 0 0 0 0 0 0 0 0 0 0 0 0 0 0 0 0 0 0 0 0 0 0 0 0 0 0 0 0 0 0 0 0 0 0 0 0 0 0 0 0 0 0 0 0 0 0 0 0 0 0 0 0 0 0 0 0 0 0 0 0 0 0 0 0 0 0 0 0 0 0 0 0 0 0 0 0 0 0 0 0 8 1 0 0 145 199 0 0 1 0 0 0 0 0 0 0 0 0 0 0 2 0 0 0 0 0 6 0 2 0 0 0 56 0 0 0 255 255 255 255 7 0 1 0 0 0 0 0 data 7 0x10007 0x18f2 0x38 0x0 0x70003 0x0 0x18 oops 0
ciMethodData java/util/IdentityHashMap hash (Ljava/lang/Object;I)I 2 6704 orig 264 8 193 156 98 0 0 0 0 200 160 131 28 0 0 0 0 96 1 0 0 0 0 0 0 0 0 0 0 0 0 0 0 0 0 0 0 0 0 0 0 0 0 0 0 0 0 0 0 0 0 0 0 0 0 0 0 0 0 0 0 0 0 0 0 0 0 0 0 0 0 0 0 0 0 0 0 0 0 0 0 77 68 79 32 101 120 116 114 97 32 100 97 116 97 32 108 111 99 107 0 0 0 0 0 0 0 0 0 0 0 0 0 0 0 0 0 0 0 0 0 0 0 0 0 0 0 0 0 0 0 0 0 0 0 0 0 0 0 0 0 0 0 0 0 0 0 0 0 0 0 0 0 0 0 0 0 0 0 0 0 0 0 0 0 0 0 0 0 0 0 0 0 0 0 0 0 0 0 0 0 0 0 0 0 0 0 0 0 0 0 0 0 0 0 0 0 0 0 0 0 0 0 0 0 0 0 0 0 0 0 0 0 0 0 0 0 8 1 0 0 65 201 0 0 1 0 0 0 0 0 0 0 0 0 0 0 2 0 0 0 0 0 3 0 2 0 0 0 16 0 0 0 255 255 255 255 2 0 1 0 0 0 0 0 data 2 0x10002 0x1928 oops 0
ciMethodData org/springframework/core/SimpleAliasRegistry canonicalName (Ljava/lang/String;)Ljava/lang/String; 2 89326 orig 264 8 193 156 98 0 0 0 0 200 34 229 34 0 0 0 0 240 1 0 0 96 0 0 0 0 0 0 0 0 0 0 0 0 0 0 0 0 0 0 0 0 0 0 0 0 0 0 0 0 0 0 0 0 0 0 0 0 0 0 0 0 0 0 0 0 0 0 0 0 0 0 0 0 0 0 0 0 0 0 0 77 68 79 32 101 120 116 114 97 32 100 97 116 97 32 108 111 99 107 0 0 0 0 0 0 0 0 0 0 0 0 0 0 0 0 0 0 0 0 0 0 0 0 0 0 0 0 0 0 0 0 0 0 0 0 0 0 0 0 0 0 0 0 0 0 0 0 0 0 0 0 0 0 0 0 0 0 0 0 0 0 0 0 0 0 0 0 0 0 0 0 0 0 0 0 0 0 0 0 0 0 0 0 0 0 0 0 0 0 0 0 0 0 0 0 0 0 0 0 0 0 0 0 0 0 0 0 0 0 0 0 0 0 0 0 0 73 1 0 0 209 62 8 0 161 62 8 0 0 0 0 0 0 0 0 0 2 0 0 0 1 0 9 0 2 0 0 0 160 0 0 0 255 255 255 255 5 0 7 0 0 0 0 0 data 20 0x70005 0x0 0x248597f0 0x107da 0x0 0x0 0xc0104 0x0 0x0 0x0 0x0 0x0 0x110007 0x107da 0x20 0x0 0x170007 0x0 0xffffffffffffff80 0x107d9 oops 1 2 java/util/concurrent/ConcurrentHashMap
ciMethodData org/springframework/beans/factory/support/AbstractBeanFactory transformedBeanName (Ljava/lang/String;)Ljava/lang/String; 2 67355 orig 264 8 193 156 98 0 0 0 0 248 235 227 34 0 0 0 0 144 1 0 0 0 0 0 0 0 0 0 0 0 0 0 0 0 0 0 0 0 0 0 0 0 0 0 0 0 0 0 0 0 0 0 0 0 0 0 0 0 0 0 0 0 0 0 0 0 0 0 0 0 0 0 0 0 0 0 0 0 0 0 0 77 68 79 32 101 120 116 114 97 32 100 97 116 97 32 108 111 99 107 0 0 0 0 0 0 0 0 0 0 0 0 0 0 0 0 0 0 0 0 0 0 0 0 0 0 0 0 0 0 0 0 0 0 0 0 0 0 0 0 0 0 0 0 0 0 0 0 0 0 0 0 0 0 0 0 0 0 0 0 0 0 0 0 0 0 0 0 0 0 0 0 0 0 0 0 0 0 0 0 0 0 0 0 0 0 0 0 0 0 0 0 0 0 0 0 0 0 0 0 0 0 0 0 0 0 0 0 0 0 0 0 0 0 0 0 0 169 1 0 0 145 43 8 0 1 0 0 0 0 0 0 0 0 0 0 0 2 0 0 0 1 0 16 0 2 0 0 0 64 0 0 0 255 255 255 255 2 0 2 0 0 0 0 0 data 8 0x20002 0x10572 0x50005 0x0 0x2431e7e0 0x10572 0x0 0x0 oops 1 4 org/springframework/beans/factory/support/DefaultListableBeanFactory
ciMethodData org/springframework/beans/factory/BeanFactoryUtils transformedBeanName (Ljava/lang/String;)Ljava/lang/String; 2 9206 orig 264 8 193 156 98 0 0 0 0 24 171 17 35 0 0 0 0 40 2 0 0 64 0 0 0 0 0 0 0 0 0 0 0 0 0 0 0 0 0 0 0 0 0 0 0 0 0 0 0 0 0 0 0 0 0 0 0 0 0 0 0 0 0 0 0 0 0 0 0 0 0 0 0 0 0 0 0 0 0 0 0 77 68 79 32 101 120 116 114 97 32 100 97 116 97 32 108 111 99 107 0 0 0 0 0 0 0 0 0 0 0 0 0 0 0 0 0 0 0 0 0 0 0 0 0 0 0 0 0 0 0 0 0 0 0 0 0 0 0 0 0 0 0 0 0 0 0 0 0 0 0 0 0 0 0 0 0 0 0 0 0 0 0 0 0 0 0 0 0 0 0 0 0 0 0 0 0 0 0 0 0 0 0 0 0 0 0 0 0 0 0 0 0 0 0 0 0 0 0 0 0 0 0 0 0 0 0 0 0 0 0 0 0 0 0 0 0 169 1 0 0 105 18 1 0 1 0 0 0 0 0 0 0 0 0 0 0 2 0 0 0 0 0 8 0 2 0 0 0 224 0 0 0 255 255 255 255 2 0 3 0 0 0 0 0 data 28 0x30002 0x224d 0x90005 0x3 0x33ba3f0 0x224a 0x0 0x0 0xc0007 0x83 0x20 0x21ca 0x15000a 0x83 0x1 0x2485a190 0x1a0005 0x0 0x248597f0 0x83 0x0 0x0 0x1f0004 0x0 0x33ba3f0 0x83 0x0 0x0 oops 3 4 java/lang/String 18 java/util/concurrent/ConcurrentHashMap 24 java/lang/String
ciMethodData org/springframework/beans/factory/BeanFactoryUtils isFactoryDereference (Ljava/lang/String;)Z 2 52361 orig 264 8 193 156 98 0 0 0 0 40 170 17 35 0 0 0 0 208 1 0 0 0 0 0 0 0 0 0 0 0 0 0 0 0 0 0 0 0 0 0 0 0 0 0 0 0 0 0 0 0 0 0 0 0 0 0 0 0 0 0 0 0 0 0 0 0 0 0 0 0 0 0 0 0 0 0 0 0 0 0 0 77 68 79 32 101 120 116 114 97 32 100 97 116 97 32 108 111 99 107 0 0 0 0 0 0 0 0 0 0 0 0 0 0 0 0 0 0 0 0 0 0 0 0 0 0 0 0 0 0 0 0 0 0 0 0 0 0 0 0 0 0 0 0 0 0 0 0 0 0 0 0 0 0 0 0 0 0 0 0 0 0 0 0 0 0 0 0 0 0 0 0 0 0 0 0 0 0 0 0 0 0 0 0 0 0 0 0 0 0 0 0 0 0 0 0 0 0 0 0 0 0 0 0 0 0 0 0 0 0 0 0 0 0 0 0 0 128 1 0 0 73 88 6 0 1 0 0 0 0 0 0 0 0 0 0 0 2 0 0 0 0 0 9 0 2 0 0 0 136 0 0 0 255 255 255 255 7 0 1 0 0 0 0 0 data 17 0x10007 0x0 0x88 0xcb09 0x70005 0x0 0x33ba3f0 0xcb09 0x0 0x0 0xa0007 0xc642 0x38 0x4c7 0xe0003 0x4c7 0x18 oops 1 6 java/lang/String
ciMethodData org/springframework/beans/factory/support/DefaultSingletonBeanRegistry containsSingleton (Ljava/lang/String;)Z 2 53516 orig 264 8 193 156 98 0 0 0 0 232 214 228 34 0 0 0 0 128 1 0 0 0 0 0 0 0 0 0 0 0 0 0 0 0 0 0 0 0 0 0 0 0 0 0 0 0 0 0 0 0 0 0 0 0 0 0 0 0 0 0 0 0 0 0 0 0 0 0 0 0 0 0 0 0 0 0 0 0 0 0 0 77 68 79 32 101 120 116 114 97 32 100 97 116 97 32 108 111 99 107 0 0 0 0 0 0 0 0 0 0 0 0 0 0 0 0 0 0 0 0 0 0 0 0 0 0 0 0 0 0 0 0 0 0 0 0 0 0 0 0 0 0 0 0 0 0 0 0 0 0 0 0 0 0 0 0 0 0 0 0 0 0 0 0 0 0 0 0 0 0 0 0 0 0 0 0 0 0 0 0 0 0 0 0 0 0 0 0 0 0 0 0 0 0 0 0 0 0 0 0 0 0 0 0 0 0 0 0 0 0 0 0 0 0 0 0 0 130 1 0 0 81 124 6 0 1 0 0 0 0 0 0 0 0 0 0 0 2 0 0 0 0 0 3 0 2 0 0 0 48 0 0 0 255 255 255 255 5 0 5 0 0 0 0 0 data 6 0x50005 0x0 0x248597f0 0xcf8a 0x0 0x0 oops 1 2 java/util/concurrent/ConcurrentHashMap
ciMethodData org/springframework/beans/factory/support/DefaultSingletonBeanRegistry getSingleton (Ljava/lang/String;Z)Ljava/lang/Object; 2 11911 orig 264 8 193 156 98 0 0 0 0 152 208 228 34 0 0 0 0 48 4 0 0 128 0 0 0 0 0 0 0 0 0 0 0 0 0 0 0 0 0 0 0 0 0 0 0 0 0 0 0 0 0 0 0 0 0 0 0 0 0 0 0 0 0 0 0 0 0 0 0 0 0 0 0 0 0 0 0 0 0 0 0 77 68 79 32 101 120 116 114 97 32 100 97 116 97 32 108 111 99 107 0 0 0 0 0 0 0 0 0 0 0 0 0 0 0 0 0 0 0 0 0 0 0 0 0 0 0 0 0 0 0 0 0 0 0 0 0 0 0 0 0 0 0 0 0 1 0 0 0 0 0 0 0 0 0 0 0 0 0 0 0 0 0 0 0 0 0 0 0 0 0 0 0 0 0 0 0 0 0 0 1 0 0 0 0 0 0 0 0 0 0 0 0 0 0 0 0 0 0 0 0 0 0 0 0 0 0 0 0 0 0 0 0 0 0 0 0 0 2 0 0 57 100 1 0 1 0 0 0 248 22 0 0 0 0 0 0 2 0 0 0 0 0 23 0 2 0 0 0 216 2 0 0 255 255 255 255 5 0 5 0 0 0 0 0 data 91 0x50005 0x0 0x248597f0 0x2c87 0x0 0x0 0xc0007 0x82e 0x2a8 0x2459 0x110005 0x0 0x2431e7e0 0x2459 0x0 0x0 0x14e007 0x2457 0x258 0x3 0x1c0005 0x0 0x248597f0 0x3 0x0 0x0 0x230007 0x0 0x208 0x3 0x270007 0x3 0x1e8 0x0 0x370005 0x0 0x0 0x0 0x0 0x0 0x3e0007 0x0 0x180 0x0 0x460005 0x0 0x0 0x0 0x0 0x0 0x4d0007 0x0 0x130 0x0 0x550005 0x0 0x0 0x0 0x0 0x0 0x5a0004 0x0 0x0 0x0 0x0 0x0 0x610007 0x0 0xb0 0x0 0x660005 0x0 0x0 0x0 0x0 0x0 0x720005 0x0 0x0 0x0 0x0 0x0 0x7d0005 0x0 0x0 0x0 0x0 0x0 0x860003 0x0 0x18 oops 3 2 java/util/concurrent/ConcurrentHashMap 12 org/springframework/beans/factory/support/DefaultListableBeanFactory 22 java/util/concurrent/ConcurrentHashMap
ciMethodData org/springframework/beans/factory/support/DefaultSingletonBeanRegistry isSingletonCurrentlyInCreation (Ljava/lang/String;)Z 2 11126 orig 264 8 193 156 98 0 0 0 0 0 220 228 34 0 0 0 0 128 1 0 0 0 0 0 0 0 0 0 0 0 0 0 0 0 0 0 0 0 0 0 0 0 0 0 0 0 0 0 0 0 0 0 0 0 0 0 0 0 0 0 0 0 0 0 0 0 0 0 0 0 0 0 0 0 0 0 0 0 0 0 0 77 68 79 32 101 120 116 114 97 32 100 97 116 97 32 108 111 99 107 0 0 0 0 0 0 0 0 0 0 0 0 0 0 0 0 0 0 0 0 0 0 0 0 0 0 0 0 0 0 0 0 0 0 0 0 0 0 0 0 0 0 0 0 0 0 0 0 0 0 0 0 0 0 0 0 0 0 0 0 0 0 0 0 0 0 0 0 0 0 0 0 0 0 0 0 0 0 0 0 0 0 0 0 0 17 0 0 0 0 0 0 0 0 0 0 0 0 0 0 0 1 0 0 0 0 0 0 0 0 0 0 0 0 0 0 0 196 0 0 0 129 59 1 0 1 0 0 0 0 0 0 0 0 0 0 0 2 0 0 0 0 0 3 0 2 0 0 0 48 0 0 0 255 255 255 255 5 0 5 0 0 0 0 0 data 6 0x50005 0x0 0x208fe520 0x2770 0x0 0x0 oops 1 2 java/util/Collections$SetFromMap
ciMethodData org/springframework/beans/factory/support/AbstractBeanFactory isPrototypeCurrentlyInCreation (Ljava/lang/String;)Z 2 1584 orig 264 8 193 156 98 0 0 0 0 152 229 227 34 0 0 0 0 216 2 0 0 80 1 0 0 0 0 0 0 0 0 0 0 0 0 0 0 0 0 0 0 0 0 0 0 0 0 0 0 0 0 0 0 0 0 0 0 0 0 0 0 0 0 0 0 0 0 0 0 0 0 0 0 0 0 0 0 0 0 0 0 77 68 79 32 101 120 116 114 97 32 100 97 116 97 32 108 111 99 107 0 0 0 0 0 0 0 0 0 0 0 0 0 0 0 0 0 0 0 0 0 0 0 0 0 0 0 0 0 0 0 0 0 0 0 0 0 0 0 0 0 0 0 0 0 0 0 0 0 0 0 0 0 0 0 0 0 0 0 0 0 0 0 0 0 0 0 0 0 0 0 0 0 0 0 0 0 0 0 0 0 0 0 0 0 17 0 0 0 0 0 0 0 0 0 0 0 0 0 0 0 1 0 0 0 0 0 0 0 0 0 0 0 0 0 0 0 2 0 0 0 113 49 0 0 1 0 0 0 0 0 0 0 0 0 0 0 2 0 0 0 0 0 14 0 2 0 0 0 136 1 0 0 255 255 255 255 5 0 4 0 0 0 0 0 data 49 0x40005 0x0 0x20901b00 0x62e 0x0 0x0 0x90007 0x617 0x158 0x17 0xe0005 0x0 0x33ba3f0 0x17 0x0 0x0 0x110007 0x0 0xf0 0x17 0x150004 0xffffffffffffffe9 0x0 0x0 0x0 0x0 0x180007 0x17 0xb8 0x0 0x1c0004 0x0 0x0 0x0 0x0 0x0 0x200005 0x0 0x0 0x0 0x0 0x0 0x250007 0x0 0x38 0x0 0x290003 0x0 0x18 oops 2 2 org/springframework/core/NamedThreadLocal 12 java/lang/String
ciMethodData org/springframework/beans/factory/support/AbstractBeanFactory getMergedLocalBeanDefinition (Ljava/lang/String;)Lorg/springframework/beans/factory/support/RootBeanDefinition; 2 14111 orig 264 8 193 156 98 0 0 0 0 208 240 227 34 0 0 0 0 80 2 0 0 128 0 0 0 0 0 0 0 0 0 0 0 0 0 0 0 0 0 0 0 0 0 0 0 0 0 0 0 0 0 0 0 0 0 0 0 0 0 0 0 0 0 0 0 0 0 0 0 0 0 0 0 0 0 0 0 0 0 0 0 77 68 79 32 101 120 116 114 97 32 100 97 116 97 32 108 111 99 107 0 0 0 0 0 0 0 0 0 0 0 0 0 0 0 0 0 0 0 0 0 0 0 0 0 0 0 0 0 0 0 0 0 0 0 0 0 0 0 0 0 0 0 0 0 1 0 0 0 0 0 0 0 0 0 0 0 0 0 0 0 0 0 0 0 0 0 0 0 0 0 0 0 0 0 0 0 0 0 0 1 0 0 0 0 0 0 0 0 0 0 0 0 0 0 0 0 0 0 0 0 0 0 0 0 0 0 0 0 0 0 0 0 0 0 0 0 41 1 0 0 177 175 1 0 1 0 0 0 161 27 0 0 0 0 0 0 2 0 0 0 0 0 8 0 2 0 0 0 0 1 0 0 255 255 255 255 5 0 5 0 0 0 0 0 data 32 0x50005 0x0 0x248597f0 0x35f6 0x0 0x0 0xa0104 0x0 0x2431ecb0 0x2ae4 0x2431ed60 0xa3e 0xf0007 0xd4 0x40 0x3522 0x16e007 0x1 0x20 0x3522 0x1f0005 0x0 0x2431e7e0 0xd5 0x0 0x0 0x220005 0x0 0x2431e7e0 0xd5 0x0 0x0 oops 5 2 java/util/concurrent/ConcurrentHashMap 8 org/springframework/beans/factory/support/RootBeanDefinition 10 org/springframework/context/annotation/ConfigurationClassBeanDefinitionReader$ConfigurationClassBeanDefinition 22 org/springframework/beans/factory/support/DefaultListableBeanFactory 28 org/springframework/beans/factory/support/DefaultListableBeanFactory
ciMethodData org/springframework/beans/factory/support/AbstractBeanDefinition getResourceDescription ()Ljava/lang/String; 1 5 orig 264 8 193 156 98 0 0 0 0 96 199 233 34 0 0 0 0 176 1 0 0 0 0 0 0 0 0 0 0 0 0 0 0 0 0 0 0 0 0 0 0 0 0 0 0 0 0 0 0 0 0 0 0 0 0 0 0 0 0 0 0 0 0 0 0 0 0 0 0 0 0 0 0 0 0 0 0 0 0 0 0 77 68 79 32 101 120 116 114 97 32 100 97 116 97 32 108 111 99 107 0 0 0 0 0 0 0 0 0 0 0 0 0 0 0 0 0 0 0 0 0 0 0 0 0 0 0 0 0 0 0 0 0 0 0 0 0 0 0 0 0 0 0 0 0 0 0 0 0 0 0 0 0 0 0 0 0 0 0 0 0 0 0 0 0 0 0 0 0 0 0 0 0 0 0 0 0 0 0 0 0 0 0 0 0 17 0 0 0 0 0 0 0 0 0 0 0 0 0 0 0 1 0 0 0 0 0 0 0 0 0 0 0 0 0 0 0 0 0 0 0 41 0 0 0 1 0 0 0 0 0 0 0 0 0 0 0 2 0 0 0 0 0 0 0 0 0 0 0 104 0 0 0 255 255 255 255 7 0 4 0 0 0 0 0 data 13 0x40007 0x5 0x68 0x0 0xb0005 0x0 0x0 0x0 0x0 0x0 0x100003 0x0 0x18 oops 0
ciMethodData org/springframework/beans/factory/support/AbstractBeanDefinition isSingleton ()Z 2 5536 orig 264 8 193 156 98 0 0 0 0 24 156 233 34 0 0 0 0 0 2 0 0 128 0 0 0 0 0 0 0 0 0 0 0 0 0 0 0 0 0 0 0 0 0 0 0 0 0 0 0 0 0 0 0 0 0 0 0 0 0 0 0 0 0 0 0 0 0 0 0 0 0 0 0 0 0 0 0 0 0 0 0 77 68 79 32 101 120 116 114 97 32 100 97 116 97 32 108 111 99 107 0 0 0 0 0 0 0 0 0 0 0 0 0 0 0 0 0 0 0 0 0 0 0 0 0 0 0 0 0 0 0 0 0 0 0 0 0 0 0 0 0 0 0 0 0 0 0 0 0 0 0 0 0 0 0 0 0 0 0 0 0 0 0 0 0 0 0 0 0 0 0 0 0 0 0 0 0 0 0 0 0 0 0 0 0 0 0 0 0 0 0 0 0 0 0 0 0 0 0 0 0 0 0 0 0 0 0 0 0 0 0 0 0 0 0 0 0 95 0 0 0 9 170 0 0 1 0 0 0 0 0 0 0 0 0 0 0 2 0 0 0 0 0 9 0 2 0 0 0 184 0 0 0 255 255 255 255 5 0 6 0 0 0 0 0 data 23 0x60005 0x17a 0x33ba3f0 0x13c7 0x0 0x0 0x90007 0x152b 0x70 0x16 0x120005 0x0 0x33ba3f0 0x16 0x0 0x0 0x150007 0x16 0x38 0x0 0x190003 0x152b 0x18 oops 2 2 java/lang/String 12 java/lang/String
ciMethodData org/springframework/beans/factory/support/AbstractBeanFactory beforePrototypeCreation (Ljava/lang/String;)V 1 1 orig 264 8 193 156 98 0 0 0 0 224 230 227 34 0 0 0 0 128 3 0 0 184 1 0 0 0 0 0 0 0 0 0 0 0 0 0 0 0 0 0 0 0 0 0 0 0 0 0 0 0 0 0 0 0 0 0 0 0 0 0 0 0 0 0 0 0 0 0 0 0 0 0 0 0 0 0 0 0 0 0 0 77 68 79 32 101 120 116 114 97 32 100 97 116 97 32 108 111 99 107 0 0 0 0 0 0 0 0 0 0 0 0 0 0 0 0 0 0 0 0 0 0 0 0 0 0 0 0 0 0 0 0 0 0 0 0 0 0 0 0 0 0 0 0 0 0 0 0 0 0 0 0 0 0 0 0 0 0 0 0 0 0 0 0 0 0 0 0 0 0 0 0 0 0 0 0 0 0 0 0 0 0 0 0 0 25 0 0 0 0 0 0 0 0 0 0 0 0 0 0 0 1 0 0 0 0 0 0 0 0 0 0 0 0 0 0 0 0 0 0 0 9 0 0 0 1 0 0 0 0 0 0 0 0 0 0 0 2 0 0 0 0 0 0 0 0 0 0 0 48 2 0 0 255 255 255 255 5 0 4 0 0 0 0 0 data 70 0x40005 0x0 0x20901b00 0x1 0x0 0x0 0x90007 0x0 0x68 0x1 0x110005 0x0 0x20901b00 0x1 0x0 0x0 0x140003 0x1 0x1b0 0x180004 0x0 0x0 0x0 0x0 0x0 0x1b0007 0x0 0x108 0x0 0x230002 0x0 0x290004 0x0 0x0 0x0 0x0 0x0 0x2c0005 0x0 0x0 0x0 0x0 0x0 0x340005 0x0 0x0 0x0 0x0 0x0 0x3f0005 0x0 0x0 0x0 0x0 0x0 0x420003 0x0 0x78 0x460004 0x0 0x0 0x0 0x0 0x0 0x4c0005 0x0 0x0 0x0 0x0 0x0 oops 2 2 org/springframework/core/NamedThreadLocal 12 org/springframework/core/NamedThreadLocal
ciMethodData org/springframework/beans/factory/support/AbstractBeanDefinition getBeanClassName ()Ljava/lang/String; 2 6267 orig 264 8 193 156 98 0 0 0 0 8 149 233 34 0 0 0 0 40 2 0 0 128 0 0 0 0 0 0 0 0 0 0 0 0 0 0 0 0 0 0 0 0 0 0 0 0 0 0 0 0 0 0 0 0 0 0 0 0 0 0 0 0 0 0 0 0 0 0 0 0 0 0 0 0 0 0 0 0 0 0 0 77 68 79 32 101 120 116 114 97 32 100 97 116 97 32 108 111 99 107 0 0 0 0 0 0 0 0 0 0 0 0 0 0 0 0 0 0 0 0 0 0 0 0 0 0 0 0 0 0 0 0 0 0 0 0 0 0 0 0 0 0 0 0 0 0 0 0 0 0 0 0 0 0 0 0 0 0 0 0 0 0 0 0 0 0 0 0 0 0 0 0 0 0 0 0 0 0 0 0 0 0 0 0 0 17 0 0 0 0 0 0 0 0 0 0 0 0 0 0 0 1 0 0 0 0 0 0 0 0 0 0 0 0 0 0 0 0 1 0 0 217 187 0 0 1 0 0 0 0 0 0 0 0 0 0 0 2 0 0 0 0 0 9 0 2 0 0 0 224 0 0 0 255 255 255 255 4 1 6 0 0 0 0 0 data 28 0x60104 0xfffffffffffff4ac 0x33ba480 0x4dd 0x0 0x0 0x90007 0x129e 0x80 0x4dd 0xd0004 0x0 0x33ba480 0x4dd 0x0 0x0 0x100005 0x0 0x33ba480 0x4dd 0x0 0x0 0x150104 0x0 0x33ba3f0 0xb54 0x0 0x0 oops 4 2 java/lang/Class 12 java/lang/Class 18 java/lang/Class 24 java/lang/String
ciMethodData org/springframework/beans/factory/support/AbstractBeanDefinition hasBeanClass ()Z 2 27141 orig 264 8 193 156 98 0 0 0 0 192 151 233 34 0 0 0 0 120 1 0 0 0 0 0 0 0 0 0 0 0 0 0 0 0 0 0 0 0 0 0 0 0 0 0 0 0 0 0 0 0 0 0 0 0 0 0 0 0 0 0 0 0 0 0 0 0 0 0 0 0 0 0 0 0 0 0 0 0 0 0 0 77 68 79 32 101 120 116 114 97 32 100 97 116 97 32 108 111 99 107 0 0 0 0 0 0 0 0 0 0 0 0 0 0 0 0 0 0 0 0 0 0 0 0 0 0 0 0 0 0 0 0 0 0 0 0 0 0 0 0 0 0 0 0 0 0 0 0 0 0 0 0 0 0 0 0 0 0 0 0 0 0 0 0 0 0 0 0 0 0 0 0 0 0 0 0 0 0 0 0 0 0 0 0 0 1 0 0 0 0 0 0 0 0 0 0 0 0 0 0 0 1 0 0 0 0 0 0 0 0 0 0 0 0 0 0 0 0 1 0 0 41 72 3 0 1 0 0 0 0 0 0 0 0 0 0 0 2 0 0 0 0 0 3 0 2 0 0 0 48 0 0 0 255 255 255 255 4 1 4 0 0 0 0 0 data 6 0x40104 0xfffffffffffff0ed 0x33ba3f0 0x1 0x33ba480 0x3d28 oops 2 2 java/lang/String 4 java/lang/Class
ciMethodData org/springframework/util/ClassUtils isAssignable (Ljava/lang/Class;Ljava/lang/Class;)Z 2 5521 orig 264 8 193 156 98 0 0 0 0 40 241 146 28 0 0 0 0 144 3 0 0 64 1 0 0 0 0 0 0 0 0 0 0 0 0 0 0 0 0 0 0 0 0 0 0 0 0 0 0 0 0 0 0 0 0 0 0 0 0 0 0 0 0 0 0 0 0 0 0 0 0 0 0 0 0 0 0 0 0 0 0 77 68 79 32 101 120 116 114 97 32 100 97 116 97 32 108 111 99 107 0 0 0 0 0 0 0 0 0 0 0 0 0 0 0 0 0 0 0 0 0 0 0 0 0 0 0 0 0 0 0 0 0 0 0 0 0 0 0 0 0 0 0 0 0 0 0 0 0 0 0 0 0 0 0 0 0 0 0 0 0 0 0 0 0 0 0 0 0 0 0 0 0 0 0 0 0 0 0 0 0 0 0 0 0 17 0 0 0 0 0 0 0 0 0 0 0 0 0 0 0 0 0 0 0 0 0 0 0 0 0 0 0 0 0 0 0 0 1 0 0 137 164 0 0 1 0 0 0 0 0 0 0 0 0 0 0 2 0 0 0 0 0 22 0 2 0 0 0 64 2 0 0 255 255 255 255 2 0 3 0 0 0 0 0 data 72 0x30002 0x1491 0x90002 0x1491 0xe0005 0x1 0x33ba480 0x1490 0x0 0x0 0x110007 0x148b 0x20 0x6 0x170005 0x1 0x33ba480 0x148a 0x0 0x0 0x1a0007 0x148b 0xb8 0x0 0x210005 0x0 0x0 0x0 0x0 0x0 0x260004 0x0 0x0 0x0 0x0 0x0 0x2c0007 0x0 0x38 0x0 0x300003 0x0 0x18 0x390005 0x0 0x26737bd0 0x148b 0x0 0x0 0x3e0104 0x0 0x0 0x0 0x0 0x0 0x430007 0x148b 0x88 0x0 0x480005 0x0 0x0 0x0 0x0 0x0 0x4b0007 0x0 0x38 0x0 0x4f0003 0x0 0x18 oops 3 6 java/lang/Class 16 java/lang/Class 45 java/util/IdentityHashMap
ciMethodData org/springframework/beans/factory/support/AbstractBeanFactory getMergedBeanDefinition (Ljava/lang/String;Lorg/springframework/beans/factory/config/BeanDefinition;)Lorg/springframework/beans/factory/support/RootBeanDefinition; 1 263 orig 264 8 193 156 98 0 0 0 0 168 241 227 34 0 0 0 0 136 1 0 0 0 0 0 0 0 0 0 0 0 0 0 0 0 0 0 0 0 0 0 0 0 0 0 0 0 0 0 0 0 0 0 0 0 0 0 0 0 0 0 0 0 0 0 0 0 0 0 0 0 0 0 0 0 0 0 0 0 0 0 0 77 68 79 32 101 120 116 114 97 32 100 97 116 97 32 108 111 99 107 0 0 0 0 0 0 0 0 0 0 0 0 0 0 0 0 0 0 0 0 0 0 0 0 0 0 0 0 0 0 0 0 0 0 0 0 0 0 0 0 0 0 0 0 0 0 0 0 0 0 0 0 0 0 0 0 0 0 0 0 0 0 0 0 0 0 0 0 0 0 0 0 0 0 0 0 0 0 0 0 0 0 0 0 0 17 0 0 0 0 0 0 0 0 0 0 0 0 0 0 0 0 0 0 0 0 0 0 0 0 0 0 0 0 0 0 0 68 0 0 0 25 6 0 0 1 0 0 0 0 0 0 0 0 0 0 0 2 0 0 0 0 0 0 0 0 0 0 0 48 0 0 0 255 255 255 255 5 0 4 0 0 0 0 0 data 6 0x40005 0x0 0x2431e7e0 0xc3 0x0 0x0 oops 1 2 org/springframework/beans/factory/support/DefaultListableBeanFactory
ciMethodData org/springframework/beans/factory/support/AbstractBeanFactory getMergedBeanDefinition (Ljava/lang/String;Lorg/springframework/beans/factory/config/BeanDefinition;Lorg/springframework/beans/factory/config/BeanDefinition;)Lorg/springframework/beans/factory/support/RootBeanDefinition; 2 1198 orig 264 8 193 156 98 0 0 0 0 152 244 227 34 0 0 0 0 168 10 0 0 232 8 0 0 0 0 0 0 0 0 0 0 0 0 0 0 0 0 0 0 0 0 0 0 0 0 0 0 0 0 0 0 0 0 0 0 0 0 0 0 0 0 0 0 0 0 0 0 0 0 0 0 0 0 0 0 0 0 0 0 77 68 79 32 101 120 116 114 97 32 100 97 116 97 32 108 111 99 107 0 0 0 0 0 0 0 0 0 0 0 0 0 0 0 0 0 0 0 0 0 0 0 0 0 0 0 0 0 0 0 0 0 0 0 0 0 0 0 0 0 0 0 0 0 0 0 0 0 0 0 0 0 0 0 0 0 0 0 0 0 0 0 0 0 0 0 0 0 0 0 0 0 0 0 0 0 0 0 0 0 0 0 0 0 0 0 0 0 0 0 0 0 0 0 0 0 0 0 0 0 0 0 0 0 0 0 0 0 0 0 0 0 0 0 0 0 68 0 0 0 81 35 0 0 1 0 0 0 0 0 0 0 0 0 0 0 2 0 0 0 1 0 71 0 2 0 0 0 72 9 0 0 255 255 255 255 7 0 15 0 0 0 0 0 data 297 0xf0007 0x3 0x80 0x467 0x170005 0x0 0x248597f0 0x467 0x0 0x0 0x1c0104 0x0 0x2431ecb0 0x223 0x2431ed60 0xf3 0x230007 0x154 0x40 0x316 0x2b0007 0x0 0x878 0x316 0x330005 0x19a 0x208fd6f0 0x160 0x2431ed60 0x170 0x380007 0x0 0x110 0x46a 0x3c0004 0xfffffffffffffda7 0x208fd6f0 0x47 0x2431ed60 0x170 0x3f0007 0x259 0x98 0x211 0x430004 0x0 0x2431ed60 0x170 0x2431ecb0 0xa1 0x460005 0x0 0x2431ed60 0x170 0x2431ecb0 0xa1 0x4b0003 0x211 0x508 0x530002 0x259 0x580003 0x259 0x4e0 0x5d0005 0x0 0x0 0x0 0x0 0x0 0x620005 0x0 0x0 0x0 0x0 0x0 0x6a0005 0x0 0x0 0x0 0x0 0x0 0x6d0007 0x0 0x68 0x0 0x730005 0x0 0x0 0x0 0x0 0x0 0x780003 0x0 0x250 0x7c0005 0x0 0x0 0x0 0x0 0x0 0x830004 0x0 0x0 0x0 0x0 0x0 0x860007 0x0 0x98 0x0 0x8b0004 0x0 0x0 0x0 0x0 0x0 0x900005 0x0 0x0 0x0 0x0 0x0 0x970003 0x0 0x158 0xa40002 0x0 0xaa0005 0x0 0x0 0x0 0x0 0x0 0xaf0005 0x0 0x0 0x0 0x0 0x0 0xb50005 0x0 0x0 0x0 0x0 0x0 0xb90005 0x0 0x0 0x0 0x0 0x0 0xbf0005 0x0 0x0 0x0 0x0 0x0 0xc20005 0x0 0x0 0x0 0x0 0x0 0xc50002 0x0 0xc90003 0x0 0x158 0xd30005 0x0 0x0 0x0 0x0 0x0 0xdd0002 0x0 0xe30005 0x0 0x0 0x0 0x0 0x0 0xe70005 0x0 0x0 0x0 0x0 0x0 0xec0005 0x0 0x0 0x0 0x0 0x0 0xf10005 0x0 0x0 0x0 0x0 0x0 0xf40005 0x0 0x0 0x0 0x0 0x0 0xf90002 0x0 0x1030002 0x0 0x10b0005 0x0 0x0 0x0 0x0 0x0 0x1100005 0x0 0x2431ecb0 0x2fa 0x2431ed60 0x170 0x1130002 0x46a 0x1160007 0x24f 0x50 0x21b 0x11d0005 0x0 0x2431ed60 0x16d 0x2431ecb0 0xae 0x1210007 0x467 0x120 0x3 0x1250005 0x0 0x2431ecb0 0x3 0x0 0x0 0x12a0007 0x3 0xd0 0x0 0x12f0005 0x0 0x0 0x0 0x0 0x0 0x1320007 0x0 0x80 0x0 0x1380005 0x0 0x0 0x0 0x0 0x0 0x13d0005 0x0 0x0 0x0 0x0 0x0 0x1410007 0x3 0xa0 0x467 0x1450005 0x0 0x2431e7e0 0x467 0x0 0x0 0x1480007 0x0 0x50 0x467 0x1520005 0x0 0x248597f0 0x467 0x0 0x0 0x15a0007 0x154 0x30 0x316 0x1620002 0x316 oops 18 6 java/util/concurrent/ConcurrentHashMap 12 org/springframework/beans/factory/support/RootBeanDefinition 14 org/springframework/context/annotation/ConfigurationClassBeanDefinitionReader$ConfigurationClassBeanDefinition 26 org/springframework/context/annotation/ScannedGenericBeanDefinition 28 org/springframework/context/annotation/ConfigurationClassBeanDefinitionReader$ConfigurationClassBeanDefinition 36 org/springframework/context/annotation/ScannedGenericBeanDefinition 38 org/springframework/context/annotation/ConfigurationClassBeanDefinitionReader$ConfigurationClassBeanDefinition 46 org/springframework/context/annotation/ConfigurationClassBeanDefinitionReader$ConfigurationClassBeanDefinition 48 org/springframework/beans/factory/support/RootBeanDefinition 52 org/springframework/context/annotation/ConfigurationClassBeanDefinitionReader$ConfigurationClassBeanDefinition 54 org/springframework/beans/factory/support/RootBeanDefinition 219 org/springframework/beans/factory/support/RootBeanDefinition 221 org/springframework/context/annotation/ConfigurationClassBeanDefinitionReader$ConfigurationClassBeanDefinition 231 org/springframework/context/annotation/ConfigurationClassBeanDefinitionReader$ConfigurationClassBeanDefinition 233 org/springframework/beans/factory/support/RootBeanDefinition 241 org/springframework/beans/factory/support/RootBeanDefinition 277 org/springframework/beans/factory/support/DefaultListableBeanFactory 287 java/util/concurrent/ConcurrentHashMap
ciMethodData org/springframework/beans/factory/support/AbstractBeanFactory getBeanPostProcessorCache ()Lorg/springframework/beans/factory/support/AbstractBeanFactory$BeanPostProcessorCache; 2 11903 orig 264 8 193 156 98 0 0 0 0 40 216 227 34 0 0 0 0 48 5 0 0 0 0 0 0 0 0 0 0 0 0 0 0 0 0 0 0 0 0 0 0 0 0 0 0 0 0 0 0 0 0 0 0 0 0 0 0 0 0 0 0 0 0 0 0 0 0 0 0 0 0 0 0 0 0 0 0 0 0 0 0 77 68 79 32 101 120 116 114 97 32 100 97 116 97 32 108 111 99 107 0 0 0 0 0 0 0 0 0 0 0 0 0 0 0 0 0 0 0 0 0 0 0 0 0 0 0 0 0 0 0 0 0 0 0 0 0 0 0 0 0 0 0 0 0 1 0 0 0 0 0 0 0 0 0 0 0 0 0 0 0 0 0 0 0 0 0 0 0 0 0 0 0 0 0 0 0 0 0 0 2 0 0 0 0 25 0 0 0 0 0 0 0 0 0 0 0 0 0 0 0 1 0 0 0 0 0 0 0 0 0 0 0 0 0 0 0 1 1 0 0 241 107 1 0 217 0 0 0 136 20 0 0 4 0 0 0 2 0 0 0 1 0 20 0 2 0 0 0 232 3 0 0 255 255 255 255 7 224 6 0 0 0 0 0 data 125 0x6e007 0x2d7c 0x3e8 0x4 0xd0002 0x4 0x150005 0x0 0x26bda570 0x4 0x0 0x0 0x1c0005 0x0 0x26bda620 0x1f 0x0 0x0 0x210007 0x4 0x358 0x1b 0x250005 0x0 0x26bda620 0x1b 0x0 0x0 0x2a0004 0x0 0x26bda6d0 0x4 0x26bda780 0x4 0x2f0004 0xffffffffffffffee 0x26bda6d0 0x2 0x26bda780 0x2 0x320007 0x12 0x130 0x9 0x3a0004 0x0 0x26bda830 0x4 0x27560930 0x2 0x3d0005 0x0 0x26bd9b80 0x9 0x0 0x0 0x440004 0xfffffffffffffffa 0x26bda830 0x2 0x275609e0 0x2 0x470007 0x6 0x80 0x3 0x4f0004 0x0 0x275609e0 0x2 0x27560a90 0x1 0x520005 0x0 0x26bd9b80 0x3 0x0 0x0 0x590004 0xffffffffffffffeb 0x26bda6d0 0x2 0x26bda780 0x4 0x5c0007 0x15 0x80 0x6 0x640004 0x0 0x26bda780 0x4 0x27560930 0x2 0x670005 0x0 0x26bd9b80 0x6 0x0 0x0 0x6e0004 0xffffffffffffffed 0x26bda6d0 0x2 0x26bda780 0x4 0x710007 0x13 0x80 0x8 0x790004 0x0 0x26bda780 0x4 0x27560930 0x2 0x7c0005 0x0 0x26bd9b80 0x8 0x0 0x0 0x820003 0x1b 0xfffffffffffffc90 oops 25 8 org/springframework/beans/factory/support/AbstractBeanFactory$BeanPostProcessorCacheAwareList 14 java/util/concurrent/CopyOnWriteArrayList$COWIterator 24 java/util/concurrent/CopyOnWriteArrayList$COWIterator 30 org/springframework/context/support/ApplicationContextAwareProcessor 32 org/springframework/context/support/ApplicationListenerDetector 36 org/springframework/context/support/ApplicationContextAwareProcessor 38 org/springframework/context/support/ApplicationListenerDetector 46 org/springframework/context/annotation/ConfigurationClassPostProcessor$ImportAwareBeanPostProcessor 48 org/springframework/context/annotation/CommonAnnotationBeanPostProcessor 52 java/util/ArrayList 58 org/springframework/context/annotation/ConfigurationClassPostProcessor$ImportAwareBeanPostProcessor 60 org/springframework/beans/factory/annotation/AutowiredAnnotationBeanPostProcessor 68 org/springframework/beans/factory/annotation/AutowiredAnnotationBeanPostProcessor 70 org/springframework/aop/aspectj/annotation/AnnotationAwareAspectJAutoProxyCreator 74 java/util/ArrayList 80 org/springframework/context/support/ApplicationContextAwareProcessor 82 org/springframework/context/support/ApplicationListenerDetector 90 org/springframework/context/support/ApplicationListenerDetector 92 org/springframework/context/annotation/CommonAnnotationBeanPostProcessor 96 java/util/ArrayList 102 org/springframework/context/support/ApplicationContextAwareProcessor 104 org/springframework/context/support/ApplicationListenerDetector 112 org/springframework/context/support/ApplicationListenerDetector 114 org/springframework/context/annotation/CommonAnnotationBeanPostProcessor 118 java/util/ArrayList
ciMethodData org/springframework/beans/factory/support/AbstractBeanFactory hasInstantiationAwareBeanPostProcessors ()Z 2 28414 orig 264 8 193 156 98 0 0 0 0 248 216 227 34 0 0 0 0 224 1 0 0 0 0 0 0 0 0 0 0 0 0 0 0 0 0 0 0 0 0 0 0 0 0 0 0 0 0 0 0 0 0 0 0 0 0 0 0 0 0 0 0 0 0 0 0 0 0 0 0 0 0 0 0 0 0 0 0 0 0 0 0 77 68 79 32 101 120 116 114 97 32 100 97 116 97 32 108 111 99 107 0 0 0 0 0 0 0 0 0 0 0 0 0 0 0 0 0 0 0 0 0 0 0 0 0 0 0 0 0 0 0 0 0 0 0 0 0 0 0 0 0 0 0 0 0 0 0 0 0 0 0 0 0 0 0 0 0 0 0 0 0 0 0 0 0 0 0 0 0 0 0 0 0 0 0 0 0 0 0 0 0 0 0 0 0 0 0 0 0 0 0 0 0 0 0 0 0 0 0 0 0 0 0 0 0 0 0 0 0 0 0 0 0 0 0 0 0 0 1 0 0 241 111 3 0 1 0 0 0 71 22 0 0 0 0 0 0 2 0 0 0 0 0 6 0 2 0 0 0 152 0 0 0 255 255 255 255 5 0 1 0 0 0 0 0 data 19 0x10005 0x0 0x2431e7e0 0x6dfe 0x0 0x0 0x70005 0x0 0x26bd9b80 0x6dff 0x0 0x0 0xc0007 0x1647 0x38 0x57b8 0x100003 0x57b8 0x18 oops 2 2 org/springframework/beans/factory/support/DefaultListableBeanFactory 8 java/util/ArrayList
ciMethodData org/springframework/beans/factory/support/AbstractAutowireCapableBeanFactory predictBeanType (Ljava/lang/String;Lorg/springframework/beans/factory/support/RootBeanDefinition;[Ljava/lang/Class;)Ljava/lang/Class; 2 32824 orig 264 8 193 156 98 0 0 0 0 208 211 226 34 0 0 0 0 144 4 0 0 88 2 0 0 0 0 0 0 0 0 0 0 0 0 0 0 0 0 0 0 0 0 0 0 0 0 0 0 0 0 0 0 0 0 0 0 0 0 0 0 0 0 0 0 0 0 0 0 0 0 0 0 0 0 0 0 0 0 0 0 77 68 79 32 101 120 116 114 97 32 100 97 116 97 32 108 111 99 107 0 0 0 0 0 0 0 0 0 0 0 0 0 0 0 0 0 0 0 0 0 0 0 0 0 0 0 0 0 0 0 0 0 0 0 0 0 0 0 0 0 0 0 0 0 2 0 0 0 0 0 0 0 0 0 0 0 0 0 0 0 0 0 0 0 0 0 0 0 0 0 0 0 0 0 0 0 0 0 0 1 0 0 0 0 0 0 0 0 0 0 0 0 0 0 0 0 0 0 0 0 0 0 0 0 0 0 0 0 0 0 0 0 0 0 0 0 0 1 0 0 145 81 3 0 193 1 4 0 1 64 0 0 212 43 0 0 2 0 0 0 1 0 31 0 2 0 0 0 48 3 0 0 255 255 255 255 5 0 4 0 0 0 0 0 data 102 0x40005 0x0 0x2431e7e0 0x6a32 0x0 0x0 0xb0007 0x0 0x300 0x6a32 0xf0005 0x0 0x2431ecb0 0x4807 0x2431ed60 0x222b 0x120007 0x4f 0x2b0 0x69e3 0x160005 0x0 0x2431e7e0 0x69e3 0x0 0x0 0x190007 0x1636 0x260 0x53ae 0x1f0007 0x5398 0x58 0x16 0x270007 0x0 0x38 0x16 0x2b0003 0x16 0x18 0x320005 0x0 0x2431e7e0 0x53ae 0x0 0x0 0x380005 0x0 0x26bd9b80 0x53ae 0x0 0x0 0x410005 0x0 0x25a9e250 0xd3e6 0x0 0x0 0x46e007 0x53b0 0x158 0x8037 0x4b0005 0x0 0x25a9e250 0x8037 0x0 0x0 0x500004 0x0 0x275609e0 0x40e0 0x27560a90 0x3f57 0x5a0005 0x0 0x275609e0 0x40e0 0x27560a90 0x3f57 0x630007 0x8038 0x90 0x0 0x680007 0x0 0x70 0x0 0x6f0005 0x0 0x0 0x0 0x0 0x0 0x720007 0x0 0x20 0x0 0x780003 0x8038 0xfffffffffffffe90 oops 12 2 org/springframework/beans/factory/support/DefaultListableBeanFactory 12 org/springframework/beans/factory/support/RootBeanDefinition 14 org/springframework/context/annotation/ConfigurationClassBeanDefinitionReader$ConfigurationClassBeanDefinition 22 org/springframework/beans/factory/support/DefaultListableBeanFactory 43 org/springframework/beans/factory/support/DefaultListableBeanFactory 49 java/util/ArrayList 55 java/util/ArrayList$Itr 65 java/util/ArrayList$Itr 71 org/springframework/beans/factory/annotation/AutowiredAnnotationBeanPostProcessor 73 org/springframework/aop/aspectj/annotation/AnnotationAwareAspectJAutoProxyCreator 77 org/springframework/beans/factory/annotation/AutowiredAnnotationBeanPostProcessor 79 org/springframework/aop/aspectj/annotation/AnnotationAwareAspectJAutoProxyCreator
ciMethodData org/springframework/beans/factory/support/AbstractAutowireCapableBeanFactory determineTargetType (Ljava/lang/String;Lorg/springframework/beans/factory/support/RootBeanDefinition;[Ljava/lang/Class;)Ljava/lang/Class; 2 7724 orig 264 8 193 156 98 0 0 0 0 40 213 226 34 0 0 0 0 248 2 0 0 40 1 0 0 0 0 0 0 0 0 0 0 0 0 0 0 0 0 0 0 0 0 0 0 0 0 0 0 0 0 0 0 0 0 0 0 0 0 0 0 0 0 0 0 0 0 0 0 0 0 0 0 0 0 0 0 0 0 0 0 77 68 79 32 101 120 116 114 97 32 100 97 116 97 32 108 111 99 107 0 0 0 0 0 0 0 0 0 0 0 0 0 0 0 0 0 0 0 0 0 0 0 0 0 0 0 0 0 0 0 0 0 0 0 0 0 0 0 0 0 0 0 0 0 1 0 0 0 0 0 0 0 0 0 0 0 0 0 0 0 0 0 0 0 0 0 0 0 0 0 0 0 0 0 0 0 0 0 0 1 0 0 0 0 0 0 0 0 0 0 0 0 0 0 0 0 0 0 0 0 0 0 0 0 0 0 0 0 0 0 0 0 0 0 0 0 0 1 0 0 217 197 0 0 1 0 0 0 1 24 0 0 0 0 0 0 2 0 0 0 0 0 23 0 2 0 0 0 152 1 0 0 255 255 255 255 5 0 1 0 0 0 0 0 data 51 0x10005 0x0 0x2431ecb0 0x12fe 0x2431ed60 0x5bd 0x80007 0x182e 0x168 0x8d 0xc0005 0x0 0x2431ecb0 0x5a 0x2431ed60 0x33 0xf0007 0x5a 0x68 0x33 0x160005 0x0 0x2431e7e0 0x33 0x0 0x0 0x190003 0x33 0x48 0x200005 0x0 0x2431e7e0 0x5a 0x0 0x0 0x260002 0x8d 0x29e007 0x3 0x70 0x8b 0x2d0005 0x0 0x2431e7e0 0x8b 0x0 0x0 0x300007 0x0 0x20 0x8b oops 7 2 org/springframework/beans/factory/support/RootBeanDefinition 4 org/springframework/context/annotation/ConfigurationClassBeanDefinitionReader$ConfigurationClassBeanDefinition 12 org/springframework/beans/factory/support/RootBeanDefinition 14 org/springframework/context/annotation/ConfigurationClassBeanDefinitionReader$ConfigurationClassBeanDefinition 22 org/springframework/beans/factory/support/DefaultListableBeanFactory 31 org/springframework/beans/factory/support/DefaultListableBeanFactory 43 org/springframework/beans/factory/support/DefaultListableBeanFactory
ciMethodData org/springframework/beans/factory/support/RootBeanDefinition getTargetType ()Ljava/lang/Class; 2 6591 orig 264 8 193 156 98 0 0 0 0 88 195 234 34 0 0 0 0 208 1 0 0 0 0 0 0 0 0 0 0 0 0 0 0 0 0 0 0 0 0 0 0 0 0 0 0 0 0 0 0 0 0 0 0 0 0 0 0 0 0 0 0 0 0 0 0 0 0 0 0 0 0 0 0 0 0 0 0 0 0 0 0 77 68 79 32 101 120 116 114 97 32 100 97 116 97 32 108 111 99 107 0 0 0 0 0 0 0 0 0 0 0 0 0 0 0 0 0 0 0 0 0 0 0 0 0 0 0 0 0 0 0 0 0 0 0 0 0 0 0 0 0 0 0 0 0 0 0 0 0 0 0 0 0 0 0 0 0 0 0 0 0 0 0 0 0 0 0 0 0 0 0 0 0 0 0 0 0 0 0 0 0 0 0 0 0 17 0 0 0 0 0 0 0 0 0 0 0 0 0 0 0 1 0 0 0 0 0 0 0 0 0 0 0 0 0 0 0 2 1 0 0 233 197 0 0 1 0 0 0 0 0 0 0 0 0 0 0 2 0 0 0 0 0 8 0 2 0 0 0 136 0 0 0 255 255 255 255 7 0 4 0 0 0 0 0 data 17 0x40007 0xb9 0x20 0x1804 0x120007 0x8c 0x68 0x2d 0x160005 0x0 0x2431d680 0x2d 0x0 0x0 0x190003 0x2d 0x18 oops 1 10 org/springframework/core/ResolvableType
ciMethodData org/springframework/beans/factory/support/AbstractBeanFactory resolveBeanClass (Lorg/springframework/beans/factory/support/RootBeanDefinition;Ljava/lang/String;[Ljava/lang/Class;)Ljava/lang/Class; 2 1707 orig 264 8 193 156 98 0 0 0 0 152 175 204 34 0 0 0 0 128 4 0 0 48 1 0 0 0 0 0 0 0 0 0 0 0 0 0 0 0 0 0 0 0 0 0 0 0 0 0 0 0 0 0 0 0 0 0 0 0 0 0 0 0 0 0 0 0 0 0 0 0 0 0 0 0 0 0 0 0 0 0 0 77 68 79 32 101 120 116 114 97 32 100 97 116 97 32 108 111 99 107 0 0 0 0 0 0 0 0 0 0 0 0 0 0 0 0 0 0 0 0 0 0 0 0 0 0 0 0 0 0 0 0 0 0 0 0 0 0 0 0 0 0 0 0 0 0 0 0 0 0 0 0 0 0 0 0 0 0 0 0 0 0 0 0 0 0 0 0 0 0 0 0 0 0 0 0 0 0 0 0 0 0 0 0 0 0 0 0 0 0 0 0 0 0 0 0 0 0 0 0 0 0 0 0 0 0 0 0 0 0 0 0 0 0 0 0 0 83 0 0 0 193 50 0 0 1 0 0 0 0 0 0 0 0 0 0 0 2 0 0 0 0 0 50 0 2 0 0 0 32 3 0 0 255 255 255 255 5 0 1 0 0 0 0 0 data 100 0x10005 0x0 0x2431ecb0 0x4ed 0x2431ed60 0x16b 0x40007 0x2ac 0x50 0x3ac 0x80005 0x0 0x2431ecb0 0x39f 0x2431ed60 0xd 0xc0002 0x2ac 0xf0007 0x2ac 0xd0 0x0 0x15000a 0x0 0x5 0x0 0x0 0x1 0x0 0x0 0x1b0005 0x0 0x0 0x0 0x0 0x0 0x1e0002 0x0 0x210004 0x0 0x0 0x0 0x0 0x0 0x280002 0x2ac 0x300005 0x0 0x0 0x0 0x0 0x0 0x330004 0x0 0x0 0x0 0x0 0x0 0x3d0005 0x0 0x0 0x0 0x0 0x0 0x420005 0x0 0x0 0x0 0x0 0x0 0x470002 0x0 0x520005 0x0 0x0 0x0 0x0 0x0 0x570005 0x0 0x0 0x0 0x0 0x0 0x5c0002 0x0 0x670005 0x0 0x0 0x0 0x0 0x0 0x6c0005 0x0 0x0 0x0 0x0 0x0 0x710002 0x0 oops 4 2 org/springframework/beans/factory/support/RootBeanDefinition 4 org/springframework/context/annotation/ConfigurationClassBeanDefinitionReader$ConfigurationClassBeanDefinition 12 org/springframework/beans/factory/support/RootBeanDefinition 14 org/springframework/context/annotation/ConfigurationClassBeanDefinitionReader$ConfigurationClassBeanDefinition
ciMethodData org/springframework/beans/factory/support/AbstractBeanFactory isTypeMatch (Ljava/lang/String;Lorg/springframework/core/ResolvableType;Z)Z 2 62320 orig 264 8 193 156 98 0 0 0 0 136 185 227 34 0 0 0 0 56 16 0 0 192 0 0 0 0 0 0 0 0 0 0 0 0 0 0 0 0 0 0 0 0 0 0 0 0 0 0 0 0 0 0 0 0 0 0 0 0 0 0 0 0 0 0 0 0 0 0 0 0 0 0 0 0 0 0 0 0 0 0 0 77 68 79 32 101 120 116 114 97 32 100 97 116 97 32 108 111 99 107 0 0 0 0 0 0 0 0 0 0 0 0 0 0 0 0 0 0 0 0 0 0 0 0 0 0 0 0 0 0 0 0 0 0 0 0 0 0 0 0 0 0 0 0 0 4 0 0 0 0 0 0 0 0 0 0 0 0 0 0 0 0 0 0 0 0 0 0 0 0 0 0 0 0 0 0 0 0 0 0 3 0 0 0 0 0 0 0 0 0 0 0 0 0 0 0 0 0 0 0 0 0 0 0 0 0 0 0 0 0 0 0 0 0 0 0 0 0 1 0 0 129 1 5 0 1 0 0 0 223 136 0 0 0 0 0 0 2 0 0 0 1 0 179 0 2 0 0 0 216 14 0 0 255 255 255 255 5 0 2 0 0 0 0 0 data 475 0x20005 0x0 0x2431e7e0 0xa031 0x0 0x0 0x80002 0xa031 0x110005 0x0 0x2431e7e0 0xa031 0x0 0x0 0x180007 0x79d6 0x550 0x265a 0x1d0005 0x2588 0x2431e890 0x68 0x2431e940 0x6a 0x22e007 0x1b 0x500 0x2640 0x270004 0xffffffffffffddd8 0x2431e9f0 0x6 0x2431eaa0 0xdd 0x2a0007 0x2228 0x158 0x418 0x2f0007 0x206 0x108 0x212 0x350004 0x0 0x2431eaa0 0x6f 0x2431eb50 0xb9 0x380005 0x0 0x2431e7e0 0x212 0x0 0x0 0x3f0007 0x0 0x88 0x212 0x450005 0x0 0x2431ec00 0x212 0x0 0x0 0x480007 0x206 0x38 0xc 0x4c0003 0xc 0x18 0x540005 0x0 0x2431ec00 0x206 0x0 0x0 0x5a0007 0x0 0x358 0x2228 0x600005 0x0 0x2431ec00 0x2228 0x0 0x0 0x63e007 0x21b2 0x20 0x77 0x690005 0x0 0x2431ec00 0x21b2 0x0 0x0 0x6c0007 0x21b2 0x2b8 0x0 0x720005 0x0 0x0 0x0 0x0 0x0 0x750007 0x0 0x268 0x0 0x7b0005 0x0 0x0 0x0 0x0 0x0 0x820005 0x0 0x0 0x0 0x0 0x0 0x890007 0x0 0x140 0x0 0x900002 0x0 0x930007 0x0 0x110 0x0 0x970005 0x0 0x0 0x0 0x0 0x0 0x9e0007 0x0 0x70 0x0 0xa50005 0x0 0x0 0x0 0x0 0x0 0xa80007 0x0 0x20 0x0 0xb00005 0x0 0x0 0x0 0x0 0x0 0xb30007 0x0 0x20 0x0 0xc10007 0x0 0x20 0x0 0xcd0007 0x0 0x88 0x0 0xd30005 0x0 0x0 0x0 0x0 0x0 0xd60007 0x0 0x38 0x0 0xda0003 0x0 0x18 0xe40005 0x0 0x2431e7e0 0x79f1 0x0 0x0 0xe70007 0x79d6 0x70 0x1b 0xed0005 0x0 0x2431e7e0 0x1b 0x0 0x0 0xf00007 0x1b 0x20 0x0 0xf60005 0x0 0x2431e7e0 0x79f1 0x0 0x0 0xfd0007 0x79f1 0xd0 0x0 0x1030005 0x0 0x0 0x0 0x0 0x0 0x1060007 0x0 0x80 0x0 0x10d0005 0x0 0x0 0x0 0x0 0x0 0x1110005 0x0 0x0 0x0 0x0 0x0 0x11a0005 0x0 0x2431e7e0 0x79f1 0x0 0x0 0x1210005 0x0 0x2431ecb0 0x567c 0x2431ed60 0x2375 0x1270005 0x0 0x2431ec00 0x79f1 0x0 0x0 0x12e0007 0x79f1 0x20 0x0 0x1390007 0x79f1 0x68 0x0 0x1440004 0x0 0x0 0x0 0x0 0x0 0x1450003 0x0 0x78 0x1500004 0x0 0x33ba480 0x79f1 0x0 0x0 0x1550004 0x0 0x33ba480 0x79f1 0x0 0x0 0x15d0007 0x161 0x260 0x7890 0x1620007 0x7890 0x240 0x0 0x16a0005 0x0 0x0 0x0 0x0 0x0 0x16d0007 0x0 0x1f0 0x0 0x1720005 0x0 0x0 0x0 0x0 0x0 0x1750007 0x0 0x40 0x0 0x1790007 0x0 0x180 0x0 0x17f0005 0x0 0x0 0x0 0x0 0x0 0x1840005 0x0 0x0 0x0 0x0 0x0 0x1890005 0x0 0x0 0x0 0x0 0x0 0x1910005 0x0 0x0 0x0 0x0 0x0 0x1980005 0x0 0x0 0x0 0x0 0x0 0x19f0007 0x0 0x70 0x0 0x1a60005 0x0 0x0 0x0 0x0 0x0 0x1a90007 0x0 0x20 0x0 0x1b20007 0x0 0x70 0x79f1 0x1bc0005 0x0 0x2431e7e0 0x79f1 0x0 0x0 0x1c30007 0x79f2 0x20 0x0 0x1cf0005 0x717 0x33ba480 0x72db 0x0 0x0 0x1d20007 0x774e 0xe0 0x2a4 0x1d70007 0x0 0x1b0 0x2a4 0x1dc0007 0x161 0x190 0x143 0x1e50005 0x0 0x2431e7e0 0x143 0x0 0x0 0x1ec0005 0x0 0x2431d680 0x143 0x0 0x0 0x1f30007 0xf3 0x110 0x50 0x1fa0007 0x774e 0xf0 0x0 0x20a0004 0x0 0x0 0x0 0x0 0x0 0x20b0005 0x0 0x0 0x0 0x0 0x0 0x2120007 0x0 0x70 0x0 0x2190005 0x0 0x0 0x0 0x0 0x0 0x21c0007 0x0 0x20 0x0 0x2230007 0xf3 0xb0 0x78af 0x22f0007 0x4d1 0x20 0x73de 0x23b0007 0x5069 0x70 0x2846 0x2400005 0x0 0x2431d680 0x2846 0x0 0x0 0x245e007 0x2 0x20 0x2845 0x24e0007 0x506b 0x50 0x2938 0x2540005 0x0 0x2431ec00 0x2938 0x0 0x0 0x25b0005 0x0 0x2431ec00 0x506b 0x0 0x0 oops 29 2 org/springframework/beans/factory/support/DefaultListableBeanFactory 10 org/springframework/beans/factory/support/DefaultListableBeanFactory 20 org/springframework/boot/context/ContextIdApplicationContextInitializer$ContextId 22 org/springframework/boot/autoconfigure/condition/ConditionEvaluationReport 30 org/springframework/context/annotation/ConfigurationClassPostProcessor 32 org/springframework/boot/autoconfigure/SharedMetadataReaderFactoryContextInitializer$SharedMetadataReaderFactoryBean 44 org/springframework/boot/autoconfigure/SharedMetadataReaderFactoryContextInitializer$SharedMetadataReaderFactoryBean 46 org/mybatis/spring/mapper/MapperFactoryBean 50 org/springframework/beans/factory/support/DefaultListableBeanFactory 60 org/springframework/core/ResolvableType$1 73 org/springframework/core/ResolvableType$1 83 org/springframework/core/ResolvableType$1 93 org/springframework/core/ResolvableType$1 186 org/springframework/beans/factory/support/DefaultListableBeanFactory 196 org/springframework/beans/factory/support/DefaultListableBeanFactory 206 org/springframework/beans/factory/support/DefaultListableBeanFactory 238 org/springframework/beans/factory/support/DefaultListableBeanFactory 244 org/springframework/beans/factory/support/RootBeanDefinition 246 org/springframework/context/annotation/ConfigurationClassBeanDefinitionReader$ConfigurationClassBeanDefinition 250 org/springframework/core/ResolvableType$1 273 java/lang/Class 279 java/lang/Class 365 org/springframework/beans/factory/support/DefaultListableBeanFactory 375 java/lang/Class 393 org/springframework/beans/factory/support/DefaultListableBeanFactory 399 org/springframework/core/ResolvableType 451 org/springframework/core/ResolvableType 465 org/springframework/core/ResolvableType$1 471 org/springframework/core/ResolvableType$1
ciMethodData org/springframework/beans/factory/support/FactoryBeanRegistrySupport getTypeForFactoryBean (Lorg/springframework/beans/factory/FactoryBean;)Ljava/lang/Class; 2 2427 orig 264 8 193 156 98 0 0 0 0 136 58 228 34 0 0 0 0 176 2 0 0 208 0 0 0 0 0 0 0 0 0 0 0 0 0 0 0 0 0 0 0 0 0 0 0 0 0 0 0 0 0 0 0 0 0 0 0 0 0 0 0 0 0 0 0 0 0 0 0 0 0 0 0 0 0 0 0 0 0 0 0 77 68 79 32 101 120 116 114 97 32 100 97 116 97 32 108 111 99 107 0 0 0 0 0 0 0 0 0 0 0 0 0 0 0 0 0 0 0 0 0 0 0 0 0 0 0 0 0 0 0 0 0 0 0 0 0 0 0 0 0 0 0 0 0 0 0 0 0 0 0 0 0 0 0 0 0 0 0 0 0 0 0 0 0 0 0 0 0 0 0 0 0 0 0 0 0 0 0 0 0 0 0 0 0 17 0 0 0 0 0 0 0 0 0 0 0 0 0 0 0 0 0 0 0 0 0 0 0 0 0 0 0 0 0 0 0 5 0 0 0 177 75 0 0 1 0 0 0 0 0 0 0 0 0 0 0 2 0 0 0 0 0 8 0 2 0 0 0 96 1 0 0 255 255 255 255 2 0 0 0 0 0 0 0 data 44 0x2 0x976 0x30007 0x976 0xf0 0x0 0x80005 0x0 0x0 0x0 0x0 0x0 0xc000a 0x0 0x3 0x0 0x0 0x0 0x120005 0x0 0x0 0x0 0x0 0x0 0x150002 0x0 0x180004 0x0 0x0 0x0 0x0 0x0 0x1d0005 0x4b5 0x2431eaa0 0x100 0x2431eb50 0x3c1 0x2b0005 0x0 0x0 0x0 0x0 0x0 oops 2 34 org/springframework/boot/autoconfigure/SharedMetadataReaderFactoryContextInitializer$SharedMetadataReaderFactoryBean 36 org/mybatis/spring/mapper/MapperFactoryBean
ciMethodData org/springframework/core/ResolvableType isInstance (Ljava/lang/Object;)Z 2 9867 orig 264 8 193 156 98 0 0 0 0 184 69 172 28 0 0 0 0 8 2 0 0 0 0 0 0 0 0 0 0 0 0 0 0 0 0 0 0 0 0 0 0 0 0 0 0 0 0 0 0 0 0 0 0 0 0 0 0 0 0 0 0 0 0 0 0 0 0 0 0 0 0 0 0 0 0 0 0 0 0 0 0 77 68 79 32 101 120 116 114 97 32 100 97 116 97 32 108 111 99 107 0 0 0 0 0 0 0 0 0 0 0 0 0 0 0 0 0 0 0 0 0 0 0 0 0 0 0 0 0 0 0 0 0 0 0 0 0 0 0 0 0 0 0 0 0 0 0 0 0 0 0 0 0 0 0 0 0 0 0 0 0 0 0 0 0 0 0 0 0 0 0 0 0 0 0 0 0 0 0 0 0 0 0 0 0 0 0 0 0 0 0 0 0 0 0 0 0 0 0 0 0 0 0 0 0 0 0 0 0 0 0 0 0 0 0 0 0 65 0 0 0 81 50 1 0 1 0 0 0 0 0 0 0 0 0 0 0 2 0 0 0 0 0 9 0 2 0 0 0 184 0 0 0 255 255 255 255 7 0 1 0 0 0 0 0 data 23 0x10007 0x0 0xb8 0x264a 0x60005 0x256d 0x2431e890 0x6f 0x2431e940 0x6e 0x90005 0x0 0x2431ec00 0x264a 0x0 0x0 0xc0007 0x25d2 0x38 0x78 0x100003 0x78 0x18 oops 3 6 org/springframework/boot/context/ContextIdApplicationContextInitializer$ContextId 8 org/springframework/boot/autoconfigure/condition/ConditionEvaluationReport 12 org/springframework/core/ResolvableType$1
ciMethodData org/springframework/core/ResolvableType hasGenerics ()Z 2 9736 orig 264 8 193 156 98 0 0 0 0 8 83 172 28 0 0 0 0 176 1 0 0 0 0 0 0 0 0 0 0 0 0 0 0 0 0 0 0 0 0 0 0 0 0 0 0 0 0 0 0 0 0 0 0 0 0 0 0 0 0 0 0 0 0 0 0 0 0 0 0 0 0 0 0 0 0 0 0 0 0 0 0 77 68 79 32 101 120 116 114 97 32 100 97 116 97 32 108 111 99 107 0 0 0 0 0 0 0 0 0 0 0 0 0 0 0 0 0 0 0 0 0 0 0 0 0 0 0 0 0 0 0 0 0 0 0 0 0 0 0 0 0 0 0 0 0 0 0 0 0 0 0 0 0 0 0 0 0 0 0 0 0 0 0 0 0 0 0 0 0 0 0 0 0 0 0 0 0 0 0 0 0 0 0 0 0 0 0 0 0 0 0 0 0 0 0 0 0 0 0 0 0 0 0 0 0 0 0 0 0 0 0 0 0 0 0 0 0 129 0 0 0 57 44 1 0 1 0 0 0 0 0 0 0 0 0 0 0 2 0 0 0 0 0 6 0 2 0 0 0 104 0 0 0 255 255 255 255 5 0 1 0 0 0 0 0 data 13 0x10005 0x0 0x2431ec00 0x23b6 0x2431d680 0x1d1 0x50007 0x23ef 0x38 0x198 0x90003 0x198 0x18 oops 2 2 org/springframework/core/ResolvableType$1 4 org/springframework/core/ResolvableType
ciMethodData org/springframework/core/ResolvableType$1 isAssignableFrom (Ljava/lang/Class;)Z 2 5736 orig 264 8 193 156 98 0 0 0 0 168 150 172 28 0 0 0 0 184 1 0 0 48 0 0 0 0 0 0 0 0 0 0 0 0 0 0 0 0 0 0 0 0 0 0 0 0 0 0 0 0 0 0 0 0 0 0 0 0 0 0 0 0 0 0 0 0 0 0 0 0 0 0 0 0 0 0 0 0 0 0 0 77 68 79 32 101 120 116 114 97 32 100 97 116 97 32 108 111 99 107 0 0 0 0 0 0 0 0 0 0 0 0 0 0 0 0 0 0 0 0 0 0 0 0 0 0 0 0 0 0 0 0 0 0 0 0 0 0 0 0 0 0 0 0 0 0 0 0 0 0 0 0 0 0 0 0 0 0 0 0 0 0 0 0 0 0 0 0 0 0 0 0 0 0 0 0 0 0 0 0 0 0 0 0 0 17 0 0 0 0 0 0 0 0 0 0 0 0 0 0 0 1 0 0 0 0 0 0 0 0 0 0 0 0 0 0 0 1 1 0 0 57 171 0 0 1 0 0 0 0 0 0 0 0 0 0 0 2 0 0 0 0 0 9 0 2 0 0 0 104 0 0 0 255 255 255 255 7 0 4 0 0 0 0 0 data 13 0x40007 0x0 0x50 0x1567 0xc0002 0x1567 0xf0007 0x1566 0x38 0x1 0x130003 0x1 0x18 oops 0
ciMethodData org/springframework/core/ResolvableType$1 isAssignableFrom (Lorg/springframework/core/ResolvableType;)Z 2 5516 orig 264 8 193 156 98 0 0 0 0 160 151 172 28 0 0 0 0 8 2 0 0 128 0 0 0 0 0 0 0 0 0 0 0 0 0 0 0 0 0 0 0 0 0 0 0 0 0 0 0 0 0 0 0 0 0 0 0 0 0 0 0 0 0 0 0 0 0 0 0 0 0 0 0 0 0 0 0 0 0 0 0 77 68 79 32 101 120 116 114 97 32 100 97 116 97 32 108 111 99 107 0 0 0 0 0 0 0 0 0 0 0 0 0 0 0 0 0 0 0 0 0 0 0 0 0 0 0 0 0 0 0 0 0 0 0 0 0 0 0 0 0 0 0 0 0 0 0 0 0 0 0 0 0 0 0 0 0 0 0 0 0 0 0 0 0 0 0 0 0 0 0 0 0 0 0 0 0 0 0 0 0 0 0 0 0 0 0 0 0 0 0 0 0 0 0 0 0 0 0 0 0 0 0 0 0 0 0 0 0 0 0 0 0 0 0 0 0 132 1 0 0 65 160 0 0 1 0 0 0 0 0 0 0 0 0 0 0 2 0 0 0 0 0 12 0 2 0 0 0 184 0 0 0 255 255 255 255 5 0 1 0 0 0 0 0 data 23 0x10005 0x0 0x2431d680 0x1408 0x0 0x0 0x60007 0x0 0x88 0x1408 0xd0007 0x0 0x50 0x1408 0x150002 0x1408 0x180007 0x1364 0x38 0xa4 0x1c0003 0xa4 0x18 oops 1 2 org/springframework/core/ResolvableType
ciMethodData org/springframework/beans/factory/support/DefaultListableBeanFactory containsBeanDefinition (Ljava/lang/String;)Z 2 10445 orig 264 8 193 156 98 0 0 0 0 24 164 225 34 0 0 0 0 144 1 0 0 0 0 0 0 0 0 0 0 0 0 0 0 0 0 0 0 0 0 0 0 0 0 0 0 0 0 0 0 0 0 0 0 0 0 0 0 0 0 0 0 0 0 0 0 0 0 0 0 0 0 0 0 0 0 0 0 0 0 0 0 77 68 79 32 101 120 116 114 97 32 100 97 116 97 32 108 111 99 107 0 0 0 0 0 0 0 0 0 0 0 0 0 0 0 0 0 0 0 0 0 0 0 0 0 0 0 0 0 0 0 0 0 0 0 0 0 0 0 0 0 0 0 0 0 0 0 0 0 0 0 0 0 0 0 0 0 0 0 0 0 0 0 0 0 0 0 0 0 0 0 0 0 0 0 0 0 0 0 0 0 0 0 0 0 0 0 0 0 0 0 0 0 0 0 0 0 0 0 0 0 0 0 0 0 0 0 0 0 0 0 0 0 0 0 0 0 0 1 0 0 105 62 1 0 1 0 0 0 0 0 0 0 0 0 0 0 2 0 0 0 0 0 6 0 2 0 0 0 64 0 0 0 255 255 255 255 2 0 3 0 0 0 0 0 data 8 0x30002 0x27cd 0xb0005 0x0 0x248597f0 0x27cd 0x0 0x0 oops 1 4 java/util/concurrent/ConcurrentHashMap
ciMethodData org/springframework/core/ResolvableType$1 getGenerics ()[Lorg/springframework/core/ResolvableType; 2 18053 orig 264 8 193 156 98 0 0 0 0 224 149 172 28 0 0 0 0 88 1 0 0 0 0 0 0 0 0 0 0 0 0 0 0 0 0 0 0 0 0 0 0 0 0 0 0 0 0 0 0 0 0 0 0 0 0 0 0 0 0 0 0 0 0 0 0 0 0 0 0 0 0 0 0 0 0 0 0 0 0 0 0 77 68 79 32 101 120 116 114 97 32 100 97 116 97 32 108 111 99 107 0 0 0 0 0 0 0 0 0 0 0 0 0 0 0 0 0 0 0 0 0 0 0 0 0 0 0 0 0 0 0 0 0 0 0 0 0 0 0 0 0 0 0 0 0 0 0 0 0 0 0 0 0 0 0 0 0 0 0 0 0 0 0 0 0 0 0 0 0 0 0 0 0 0 0 0 0 0 0 0 0 0 0 0 0 0 0 0 0 0 0 0 0 0 0 0 0 0 0 0 0 0 0 0 0 0 0 0 0 0 0 0 0 0 0 0 0 7 1 0 0 241 43 2 0 1 0 0 0 0 0 0 0 0 0 0 0 2 0 0 0 0 0 3 0 2 0 0 0 16 0 0 0 255 255 255 255 2 0 0 0 0 0 0 0 data 2 0x2 0x457e oops 0
ciMethodData org/springframework/core/ResolvableType access$100 ()[Lorg/springframework/core/ResolvableType; 2 18053 orig 264 8 193 156 98 0 0 0 0 176 139 172 28 0 0 0 0 24 1 0 0 0 0 0 0 0 0 0 0 0 0 0 0 0 0 0 0 0 0 0 0 0 0 0 0 0 0 0 0 0 0 0 0 0 0 0 0 0 0 0 0 0 0 0 0 0 0 0 0 0 0 0 0 0 0 0 0 0 0 0 0 77 68 79 32 101 120 116 114 97 32 100 97 116 97 32 108 111 99 107 0 0 0 0 0 0 0 0 0 0 0 0 0 0 0 0 0 0 0 0 0 0 0 0 0 0 0 0 0 0 0 0 0 0 0 0 0 0 0 0 0 0 0 0 0 0 0 0 0 0 0 0 0 0 0 0 0 0 0 0 0 0 0 0 0 0 0 0 0 0 0 0 0 0 0 0 0 0 0 0 0 0 0 0 0 0 0 0 0 0 0 0 0 0 0 0 0 0 0 0 0 0 0 0 0 0 0 0 0 0 0 0 0 0 0 0 0 7 1 0 0 241 43 2 0 1 0 0 0 0 0 0 0 0 0 0 0 2 0 0 0 0 0 3 0 1 0 0 0 0 0 0 0 255 255 255 255 0 0 0 0 0 0 0 0 data 0 oops 0
ciMethodData org/springframework/beans/factory/support/DefaultListableBeanFactory getBeanDefinition (Ljava/lang/String;)Lorg/springframework/beans/factory/config/BeanDefinition; 2 1914 orig 264 8 193 156 98 0 0 0 0 104 196 225 34 0 0 0 0 96 3 0 0 208 1 0 0 0 0 0 0 0 0 0 0 0 0 0 0 0 0 0 0 0 0 0 0 0 0 0 0 0 0 0 0 0 0 0 0 0 0 0 0 0 0 0 0 0 0 0 0 0 0 0 0 0 0 0 0 0 0 0 0 77 68 79 32 101 120 116 114 97 32 100 97 116 97 32 108 111 99 107 0 0 0 0 0 0 0 0 0 0 0 0 0 0 0 0 0 0 0 0 0 0 0 0 0 0 0 0 0 0 0 0 0 0 0 0 0 0 0 0 0 0 0 0 0 0 0 0 0 0 0 0 0 0 0 0 0 0 0 0 0 0 0 0 0 0 0 0 0 0 0 0 0 0 0 0 0 0 0 0 0 0 0 0 0 25 0 0 0 0 0 0 0 0 0 0 0 0 0 0 0 0 0 0 0 0 0 0 0 0 0 0 0 0 0 0 0 0 1 0 0 209 51 0 0 1 0 0 0 0 0 0 0 0 0 0 0 2 0 0 0 0 0 13 0 2 0 0 0 16 2 0 0 255 255 255 255 5 0 5 0 0 0 0 0 data 66 0x50005 0x0 0x248597f0 0x67a 0x0 0x0 0xa0004 0x0 0x23e991f0 0x145 0x2431ed60 0x1fd 0xf0007 0x67a 0x1b0 0x0 0x160005 0x0 0x0 0x0 0x0 0x0 0x1b0007 0x0 0x150 0x0 0x260002 0x0 0x2b0005 0x0 0x0 0x0 0x0 0x0 0x2f0005 0x0 0x0 0x0 0x0 0x0 0x340005 0x0 0x0 0x0 0x0 0x0 0x380005 0x0 0x0 0x0 0x0 0x0 0x3b0005 0x0 0x0 0x0 0x0 0x0 0x3e0005 0x0 0x0 0x0 0x0 0x0 0x480002 0x0 oops 3 2 java/util/concurrent/ConcurrentHashMap 8 org/springframework/beans/factory/annotation/AnnotatedGenericBeanDefinition 10 org/springframework/context/annotation/ConfigurationClassBeanDefinitionReader$ConfigurationClassBeanDefinition
ciMethodData org/springframework/beans/factory/support/AbstractBeanDefinition getBeanClass ()Ljava/lang/Class; 2 3267 orig 264 8 193 156 98 0 0 0 0 0 151 233 34 0 0 0 0 216 2 0 0 80 1 0 0 0 0 0 0 0 0 0 0 0 0 0 0 0 0 0 0 0 0 0 0 0 0 0 0 0 0 0 0 0 0 0 0 0 0 0 0 0 0 0 0 0 0 0 0 0 0 0 0 0 0 0 0 0 0 0 0 77 68 79 32 101 120 116 114 97 32 100 97 116 97 32 108 111 99 107 0 0 0 0 0 0 0 0 0 0 0 0 0 0 0 0 0 0 0 0 0 0 0 0 0 0 0 0 0 0 0 0 0 0 0 0 0 0 0 0 0 0 0 0 0 0 0 0 0 0 0 0 0 0 0 0 0 0 0 0 0 0 0 0 0 0 0 0 0 0 0 0 0 0 0 0 0 0 0 0 0 0 0 0 0 25 0 0 0 0 0 0 0 0 0 0 0 0 0 0 0 1 0 0 0 0 0 0 0 0 0 0 0 0 0 0 0 60 0 0 0 57 100 0 0 1 0 0 0 0 0 0 0 0 0 0 0 2 0 0 0 0 0 12 0 2 0 0 0 144 1 0 0 255 255 255 255 7 0 6 0 0 0 0 0 data 50 0x60007 0xc87 0x30 0x0 0xf0002 0x0 0x140004 0x0 0x33ba480 0xc87 0x0 0x0 0x170007 0xc87 0x100 0x0 0x220002 0x0 0x270005 0x0 0x0 0x0 0x0 0x0 0x2b0005 0x0 0x0 0x0 0x0 0x0 0x300005 0x0 0x0 0x0 0x0 0x0 0x330005 0x0 0x0 0x0 0x0 0x0 0x360002 0x0 0x3b0004 0x0 0x33ba480 0xc87 0x0 0x0 oops 2 8 java/lang/Class 46 java/lang/Class
ciMethodData org/springframework/beans/factory/support/AbstractBeanFactory doResolveBeanClass (Lorg/springframework/beans/factory/support/RootBeanDefinition;[Ljava/lang/Class;)Ljava/lang/Class; 1 759 orig 264 8 193 156 98 0 0 0 0 152 3 226 34 0 0 0 0 72 8 0 0 128 6 0 0 0 0 0 0 0 0 0 0 0 0 0 0 0 0 0 0 0 0 0 0 0 0 0 0 0 0 0 0 0 0 0 0 0 0 0 0 0 0 0 0 0 0 0 0 0 0 0 0 0 0 0 0 0 0 0 0 77 68 79 32 101 120 116 114 97 32 100 97 116 97 32 108 111 99 107 0 0 0 0 0 0 0 0 0 0 0 0 0 0 0 0 0 0 0 0 0 0 0 0 0 0 0 0 0 0 0 0 0 0 0 0 0 0 0 0 0 0 0 0 0 0 0 0 0 0 0 0 0 0 0 0 0 0 0 0 0 0 0 0 0 0 0 0 0 0 0 0 0 0 0 0 0 0 0 0 0 0 0 0 0 0 0 0 0 0 0 0 0 0 0 0 0 0 0 0 0 0 0 0 0 0 0 0 0 0 0 0 0 0 0 0 0 176 0 0 0 57 18 0 0 1 0 0 0 0 0 0 0 0 0 0 0 2 0 0 0 1 0 75 0 2 0 0 0 240 6 0 0 255 255 255 255 5 0 1 0 0 0 0 0 data 222 0x10005 0x0 0x2431e7e0 0x247 0x0 0x0 0xc0002 0x247 0xf0007 0x21c 0x188 0x2b 0x130005 0x0 0x2431e7e0 0x2b 0x0 0x0 0x1a0007 0x2b 0x138 0x0 0x260004 0x0 0x0 0x0 0x0 0x0 0x290007 0x0 0xe8 0x0 0x2e0004 0x0 0x0 0x0 0x0 0x0 0x420007 0x0 0x98 0x0 0x500005 0x0 0x0 0x0 0x0 0x0 0x530005 0x0 0x0 0x0 0x0 0x0 0x590003 0x0 0xffffffffffffff80 0x5d0005 0x0 0x2431ecb0 0xed 0x2431ed60 0x15a 0x640007 0x158 0x4c8 0xef 0x6b0005 0x0 0x2431e7e0 0xef 0x0 0x0 0x740005 0x44 0x33ba3f0 0xab 0x0 0x0 0x770007 0xef 0x1e8 0x0 0x7c0004 0x0 0x0 0x0 0x0 0x0 0x7f0007 0x0 0x50 0x0 0x840004 0x0 0x0 0x0 0x0 0x0 0x8a0004 0x0 0x0 0x0 0x0 0x0 0x8d0007 0x0 0x68 0x0 0x920004 0x0 0x0 0x0 0x0 0x0 0x9a0003 0x0 0xc8 0xa50002 0x0 0xab0005 0x0 0x0 0x0 0x0 0x0 0xb00005 0x0 0x0 0x0 0x0 0x0 0xb30005 0x0 0x0 0x0 0x0 0x0 0xb60002 0x0 0xbc0007 0xef 0x260 0x0 0xc10007 0x0 0x230 0x0 0xc80005 0x0 0x0 0x0 0x0 0x0 0xd20005 0x0 0x0 0x0 0x0 0x0 0xd70007 0x0 0x1b0 0x0 0xe20002 0x0 0xe80005 0x0 0x0 0x0 0x0 0x0 0xed0005 0x0 0x0 0x0 0x0 0x0 0xf30005 0x0 0x0 0x0 0x0 0x0 0xf80005 0x0 0x0 0x0 0x0 0x0 0xfe0005 0x0 0x0 0x0 0x0 0x0 0x1030005 0x0 0x0 0x0 0x0 0x0 0x1060005 0x0 0x0 0x0 0x0 0x0 0x1090005 0x0 0x0 0x0 0x0 0x0 0x1120002 0x0 0x1180005 0x0 0x2431ecb0 0xed 0x2431ed60 0x15a oops 8 2 org/springframework/beans/factory/support/DefaultListableBeanFactory 14 org/springframework/beans/factory/support/DefaultListableBeanFactory 59 org/springframework/beans/factory/support/RootBeanDefinition 61 org/springframework/context/annotation/ConfigurationClassBeanDefinitionReader$ConfigurationClassBeanDefinition 69 org/springframework/beans/factory/support/DefaultListableBeanFactory 75 java/lang/String 218 org/springframework/beans/factory/support/RootBeanDefinition 220 org/springframework/context/annotation/ConfigurationClassBeanDefinitionReader$ConfigurationClassBeanDefinition
ciMethodData org/springframework/core/ResolvableType <init> (Ljava/lang/Class;)V 2 3255 orig 264 8 193 156 98 0 0 0 0 72 65 172 28 0 0 0 0 112 1 0 0 0 0 0 0 0 0 0 0 0 0 0 0 0 0 0 0 0 0 0 0 0 0 0 0 0 0 0 0 0 0 0 0 0 0 0 0 0 0 0 0 0 0 0 0 0 0 0 0 0 0 0 0 0 0 0 0 0 0 0 0 77 68 79 32 101 120 116 114 97 32 100 97 116 97 32 108 111 99 107 0 0 0 0 0 0 0 0 0 0 0 0 0 0 0 0 0 0 0 0 0 0 0 0 0 0 0 0 0 0 0 0 0 0 0 0 0 0 0 0 0 0 0 0 0 0 0 0 0 0 0 0 0 0 0 0 0 0 0 0 0 0 0 0 0 0 0 0 0 0 0 0 0 0 0 0 0 0 0 0 0 0 0 0 0 0 0 0 0 0 0 0 0 0 0 0 0 0 0 0 0 0 0 0 0 0 0 0 0 0 0 0 0 0 0 0 0 0 2 0 0 185 85 0 0 1 0 0 0 0 0 0 0 0 0 0 0 2 0 0 0 0 0 6 0 2 0 0 0 72 0 0 0 255 255 255 255 2 0 1 0 0 0 0 0 data 9 0x10002 0xab7 0x60007 0x0 0x38 0xab7 0xa0003 0xab7 0x18 oops 0
ciMethodData org/springframework/core/ResolvableType forClass (Ljava/lang/Class;)Lorg/springframework/core/ResolvableType; 2 2699 orig 264 8 193 156 98 0 0 0 0 160 111 172 28 0 0 0 0 48 1 0 0 0 0 0 0 0 0 0 0 0 0 0 0 0 0 0 0 0 0 0 0 0 0 0 0 0 0 0 0 0 0 0 0 0 0 0 0 0 0 0 0 0 0 0 0 0 0 0 0 0 0 0 0 0 0 0 0 0 0 0 0 77 68 79 32 101 120 116 114 97 32 100 97 116 97 32 108 111 99 107 0 0 0 0 0 0 0 0 0 0 0 0 0 0 0 0 0 0 0 0 0 0 0 0 0 0 0 0 0 0 0 0 0 0 0 0 0 0 0 0 0 0 0 0 0 0 0 0 0 0 0 0 0 0 0 0 0 0 0 0 0 0 0 0 0 0 0 0 0 0 0 0 0 0 0 0 0 0 0 0 0 0 0 0 0 0 0 0 0 0 0 0 0 0 0 0 0 0 0 0 0 0 0 0 0 0 0 0 0 0 0 0 0 0 0 0 0 0 2 0 0 89 68 0 0 1 0 0 0 0 0 0 0 0 0 0 0 2 0 0 0 0 0 3 0 2 0 0 0 16 0 0 0 255 255 255 255 2 0 5 0 0 0 0 0 data 2 0x50002 0x88b oops 0
ciMethodData org/springframework/beans/factory/support/DefaultListableBeanFactory isBeanEligibleForMetadataCaching (Ljava/lang/String;)Z 1 403 orig 264 8 193 156 98 0 0 0 0 208 200 225 34 0 0 0 0 144 1 0 0 48 0 0 0 0 0 0 0 0 0 0 0 0 0 0 0 0 0 0 0 0 0 0 0 0 0 0 0 0 0 0 0 0 0 0 0 0 0 0 0 0 0 0 0 0 0 0 0 0 0 0 0 0 0 0 0 0 0 0 0 77 68 79 32 101 120 116 114 97 32 100 97 116 97 32 108 111 99 107 0 0 0 0 0 0 0 0 0 0 0 0 0 0 0 0 0 0 0 0 0 0 0 0 0 0 0 0 0 0 0 0 0 0 0 0 0 0 0 0 0 0 0 0 0 0 0 0 0 0 0 0 0 0 0 0 0 0 0 0 0 0 0 0 0 0 0 0 0 0 0 0 0 0 0 0 0 0 0 0 0 0 0 0 0 0 0 0 0 0 0 0 0 0 0 0 0 0 0 0 0 0 0 0 0 0 0 0 0 0 0 0 0 0 0 0 0 147 1 0 0 1 0 0 0 1 0 0 0 0 0 0 0 0 0 0 0 2 0 0 0 0 0 9 0 2 0 0 0 104 0 0 0 255 255 255 255 7 0 4 0 0 0 0 0 data 13 0x40007 0x0 0x50 0x0 0x90002 0x0 0xc0007 0x0 0x38 0x0 0x100003 0x0 0x18 oops 0
ciMethodData org/springframework/beans/factory/support/AbstractBeanFactory isBeanEligibleForMetadataCaching (Ljava/lang/String;)Z 1 403 orig 264 8 193 156 98 0 0 0 0 40 30 228 34 0 0 0 0 128 1 0 0 0 0 0 0 0 0 0 0 0 0 0 0 0 0 0 0 0 0 0 0 0 0 0 0 0 0 0 0 0 0 0 0 0 0 0 0 0 0 0 0 0 0 0 0 0 0 0 0 0 0 0 0 0 0 0 0 0 0 0 0 77 68 79 32 101 120 116 114 97 32 100 97 116 97 32 108 111 99 107 0 0 0 0 0 0 0 0 0 0 0 0 0 0 0 0 0 0 0 0 0 0 0 0 0 0 0 0 0 0 0 0 0 0 0 0 0 0 0 0 0 0 0 0 0 0 0 0 0 0 0 0 0 0 0 0 0 0 0 0 0 0 0 0 0 0 0 0 0 0 0 0 0 0 0 0 0 0 0 0 0 0 0 0 0 0 0 0 0 0 0 0 0 0 0 0 0 0 0 0 0 0 0 0 0 0 0 0 0 0 0 0 0 0 0 0 0 147 1 0 0 1 0 0 0 1 0 0 0 0 0 0 0 0 0 0 0 2 0 0 0 0 0 0 0 0 0 0 0 48 0 0 0 255 255 255 255 5 0 5 0 0 0 0 0 data 6 0x50005 0x0 0x0 0x0 0x0 0x0 oops 0
ciMethodData org/springframework/beans/factory/support/AbstractAutowireCapableBeanFactory getTypeForFactoryBean (Ljava/lang/String;Lorg/springframework/beans/factory/support/RootBeanDefinition;Z)Lorg/springframework/core/ResolvableType; 1 583 orig 264 8 193 156 98 0 0 0 0 88 222 226 34 0 0 0 0 24 9 0 0 72 7 0 0 0 0 0 0 0 0 0 0 0 0 0 0 0 0 0 0 0 0 0 0 0 0 0 0 0 0 0 0 0 0 0 0 0 0 0 0 0 0 0 0 0 0 0 0 0 0 0 0 0 0 0 0 0 0 0 0 77 68 79 32 101 120 116 114 97 32 100 97 116 97 32 108 111 99 107 0 0 0 0 0 0 0 0 0 0 0 0 0 0 0 0 0 0 0 0 0 0 0 0 0 0 0 0 0 0 0 0 0 0 0 0 0 0 0 0 0 0 0 0 0 0 0 0 0 0 0 0 0 0 0 0 0 0 0 0 0 0 0 0 0 0 0 0 0 0 0 0 0 0 0 0 0 0 0 0 0 0 0 0 0 0 0 0 0 0 0 0 0 0 0 0 0 0 0 0 0 0 0 0 0 0 0 0 0 0 0 0 0 0 0 0 0 130 1 0 0 41 6 0 0 1 0 0 0 0 0 0 0 0 0 0 0 2 0 0 0 0 0 102 0 2 0 0 0 184 7 0 0 255 255 255 255 5 0 2 0 0 0 0 0 data 247 0x20005 0x0 0x2431e7e0 0xc5 0x0 0x0 0xc0007 0xc5 0x20 0x0 0x130005 0x0 0x2431ecb0 0xc5 0x0 0x0 0x160007 0x0 0x78 0xc5 0x1a0005 0x0 0x2431ecb0 0xc5 0x0 0x0 0x1d0002 0xc5 0x200003 0xc5 0x18 0x290005 0x0 0x2431ecb0 0xc5 0x0 0x0 0x2c0007 0xc5 0xe0 0x0 0x340002 0x0 0x3b0005 0x0 0x0 0x0 0x0 0x0 0x3e0007 0x0 0x20 0x0 0x470002 0x0 0x4e0005 0x0 0x0 0x0 0x0 0x0 0x510007 0x0 0x20 0x0 0x580005 0x0 0x2431ecb0 0xc5 0x0 0x0 0x5e0005 0x0 0x2431ecb0 0xc5 0x0 0x0 0x650007 0xc5 0x2e8 0x0 0x6a0007 0x0 0x278 0x0 0x700005 0x0 0x0 0x0 0x0 0x0 0x770004 0x0 0x0 0x0 0x0 0x0 0x7a0007 0x0 0x118 0x0 0x7f0004 0x0 0x0 0x0 0x0 0x0 0x820005 0x0 0x0 0x0 0x0 0x0 0x850007 0x0 0x98 0x0 0x8a0004 0x0 0x0 0x0 0x0 0x0 0x8d0005 0x0 0x0 0x0 0x0 0x0 0x920003 0x0 0x78 0x9a0005 0x0 0x0 0x0 0x0 0x0 0xa80005 0x0 0x0 0x0 0x0 0x0 0xaf0007 0x0 0x80 0x0 0xb70002 0x0 0xbe0005 0x0 0x0 0x0 0x0 0x0 0xc10007 0x0 0x20 0x0 0xca0005 0x0 0x0 0x0 0x0 0x0 0xcd0007 0x0 0x20 0x0 0xd50007 0x0 0x138 0xc5 0xd90005 0x0 0x2431ecb0 0xc5 0x0 0x0 0xdc0007 0x0 0x48 0xc5 0xe20002 0xc5 0xe50003 0xc5 0x28 0xeb0002 0x0 0xf20007 0x10 0x90 0xb5 0xf80005 0x0 0x2431e7e0 0xb5 0x0 0x0 0xff0007 0x0 0x30 0xb5 0x1040002 0xb5 0x10c0002 0x0 0x1120007 0x0 0xd0 0x10 0x1160005 0x0 0x2431ecb0 0x10 0x0 0x0 0x1190007 0x0 0x80 0x10 0x11e0007 0x10 0x60 0x0 0x1230005 0x0 0x0 0x0 0x0 0x0 0x1280002 0x0 0x12f0002 0x10 0x1360005 0x0 0x2431d680 0x10 0x0 0x0 0x1390007 0x10 0x20 0x0 oops 10 2 org/springframework/beans/factory/support/DefaultListableBeanFactory 12 org/springframework/beans/factory/support/RootBeanDefinition 22 org/springframework/beans/factory/support/RootBeanDefinition 33 org/springframework/beans/factory/support/RootBeanDefinition 67 org/springframework/beans/factory/support/RootBeanDefinition 73 org/springframework/beans/factory/support/RootBeanDefinition 176 org/springframework/beans/factory/support/RootBeanDefinition 197 org/springframework/beans/factory/support/DefaultListableBeanFactory 215 org/springframework/beans/factory/support/RootBeanDefinition 239 org/springframework/core/ResolvableType
ciMethodData org/springframework/beans/factory/support/AbstractBeanFactory getTypeForFactoryBeanFromAttributes (Lorg/springframework/core/AttributeAccessor;)Lorg/springframework/core/ResolvableType; 1 586 orig 264 8 193 156 98 0 0 0 0 64 26 228 34 0 0 0 0 144 2 0 0 128 0 0 0 0 0 0 0 0 0 0 0 0 0 0 0 0 0 0 0 0 0 0 0 0 0 0 0 0 0 0 0 0 0 0 0 0 0 0 0 0 0 0 0 0 0 0 0 0 0 0 0 0 0 0 0 0 0 0 0 77 68 79 32 101 120 116 114 97 32 100 97 116 97 32 108 111 99 107 0 0 0 0 0 0 0 0 0 0 0 0 0 0 0 0 0 0 0 0 0 0 0 0 0 0 0 0 0 0 0 0 0 0 0 0 0 0 0 0 0 0 0 0 0 0 0 0 0 0 0 0 0 0 0 0 0 0 0 0 0 0 0 0 0 0 0 0 0 0 0 0 0 0 0 0 0 0 0 0 0 0 0 0 0 17 0 0 0 0 0 0 0 1 0 0 0 0 0 0 0 1 0 0 0 0 0 0 0 0 0 0 0 0 0 0 0 130 1 0 0 65 6 0 0 1 0 0 0 0 0 0 0 0 0 0 0 2 0 0 0 0 0 7 0 2 0 0 0 64 1 0 0 255 255 255 255 5 0 4 0 0 0 0 0 data 40 0x40005 0x0 0x2431ecb0 0xc8 0x0 0x0 0xb0004 0xffffffffffffff38 0x33ba3f0 0xf 0x0 0x0 0xe0007 0xc8 0x50 0x0 0x120004 0x0 0x0 0x0 0x0 0x0 0x170004 0xffffffffffffff38 0x33ba3f0 0xf 0x0 0x0 0x1a0007 0xc8 0x60 0x0 0x1e0004 0x0 0x0 0x0 0x0 0x0 0x210002 0x0 oops 3 2 org/springframework/beans/factory/support/RootBeanDefinition 8 java/lang/String 24 java/lang/String
ciMethodData org/springframework/beans/factory/support/AbstractAutowireCapableBeanFactory getFactoryBeanGeneric (Lorg/springframework/core/ResolvableType;)Lorg/springframework/core/ResolvableType; 1 185 orig 264 8 193 156 98 0 0 0 0 104 223 226 34 0 0 0 0 208 1 0 0 0 0 0 0 0 0 0 0 0 0 0 0 0 0 0 0 0 0 0 0 0 0 0 0 0 0 0 0 0 0 0 0 0 0 0 0 0 0 0 0 0 0 0 0 0 0 0 0 0 0 0 0 0 0 0 0 0 0 0 0 77 68 79 32 101 120 116 114 97 32 100 97 116 97 32 108 111 99 107 0 0 0 0 0 0 0 0 0 0 0 0 0 0 0 0 0 0 0 0 0 0 0 0 0 0 0 0 0 0 0 0 0 0 0 0 0 0 0 0 0 0 0 0 0 0 0 0 0 0 0 0 0 0 0 0 0 0 0 0 0 0 0 0 0 0 0 0 0 0 0 0 0 0 0 0 0 0 0 0 0 0 0 0 0 25 0 0 0 0 0 0 0 1 0 0 0 0 0 0 0 1 0 0 0 0 0 0 0 0 0 0 0 0 0 0 0 169 0 0 0 129 0 0 0 1 0 0 0 0 0 0 0 0 0 0 0 2 0 0 0 0 0 0 0 0 0 0 0 128 0 0 0 255 255 255 255 7 0 1 0 0 0 0 0 data 16 0x10007 0x10 0x20 0x0 0xb0005 0x0 0x2431d680 0x10 0x0 0x0 0x110005 0x0 0x2431d680 0x10 0x0 0x0 oops 2 6 org/springframework/core/ResolvableType 12 org/springframework/core/ResolvableType
ciMethodData org/springframework/beans/factory/support/AbstractAutowireCapableBeanFactory getTypeForFactoryBeanFromMethod (Ljava/lang/Class;Ljava/lang/String;)Lorg/springframework/core/ResolvableType; 1 0 orig 264 8 193 156 98 0 0 0 0 136 224 226 34 0 0 0 0 184 1 0 0 0 0 0 0 0 0 0 0 0 0 0 0 0 0 0 0 0 0 0 0 0 0 0 0 0 0 0 0 0 0 0 0 0 0 0 0 0 0 0 0 0 0 0 0 0 0 0 0 0 0 0 0 0 0 0 0 0 0 0 0 77 68 79 32 101 120 116 114 97 32 100 97 116 97 32 108 111 99 107 0 0 0 0 0 0 0 0 0 0 0 0 0 0 0 0 0 0 0 0 0 0 0 0 0 0 0 0 0 0 0 0 0 0 0 0 0 0 0 0 0 0 0 0 0 0 0 0 0 0 0 0 0 0 0 0 0 0 0 0 0 0 0 0 0 0 0 0 0 0 0 0 0 0 0 0 0 0 0 0 0 0 0 0 0 25 0 0 0 0 0 0 0 1 0 0 0 0 0 0 0 1 0 0 0 0 0 0 0 0 0 0 0 0 0 0 0 0 0 0 0 1 0 0 0 1 0 0 0 0 0 0 0 0 0 0 0 2 0 0 0 0 0 0 0 0 0 0 0 96 0 0 0 255 255 255 255 2 0 1 0 0 0 0 0 data 12 0x10002 0x0 0xa0002 0x0 0x150002 0x0 0x1a0005 0x0 0x0 0x0 0x0 0x0 oops 0
ciMethodData org/springframework/beans/factory/support/AbstractAutowireCapableBeanFactory getSingletonFactoryBeanForTypeCheck (Ljava/lang/String;Lorg/springframework/beans/factory/support/RootBeanDefinition;)Lorg/springframework/beans/factory/FactoryBean; 1 417 orig 264 8 193 156 98 0 0 0 0 72 229 226 34 0 0 0 0 224 7 0 0 72 5 0 0 0 0 0 0 0 0 0 0 0 0 0 0 0 0 0 0 0 0 0 0 0 0 0 0 0 0 0 0 0 0 0 0 0 0 0 0 0 0 0 0 0 0 0 0 0 0 0 0 0 0 0 0 0 0 0 0 77 68 79 32 101 120 116 114 97 32 100 97 116 97 32 108 111 99 107 0 0 0 0 0 0 0 0 0 0 0 0 0 0 0 0 0 0 0 0 0 0 0 0 0 0 0 0 0 0 0 0 0 0 0 0 0 0 0 0 0 0 0 0 0 0 0 0 0 0 0 0 0 0 0 0 0 0 0 0 0 0 0 0 0 0 0 0 0 0 0 0 0 0 0 0 0 0 0 0 0 0 0 0 0 0 0 0 0 0 0 0 0 0 0 0 0 0 0 0 0 0 0 0 0 0 0 0 0 0 0 0 0 0 0 0 0 217 0 0 0 65 6 0 0 1 0 0 0 0 0 0 0 0 0 0 0 2 0 0 0 0 0 0 0 0 0 0 0 136 6 0 0 255 255 255 255 5 0 1 0 0 0 0 0 data 209 0x10005 0xc8 0x0 0x0 0x0 0x0 0xc0005 0x0 0x248597f0 0xc8 0x0 0x0 0x110104 0x0 0x25a9c000 0xb8 0x0 0x0 0x180007 0x10 0x80 0xb8 0x1d0005 0x0 0x25a9c000 0xb8 0x0 0x0 0x220004 0x0 0x2431eb50 0xb8 0x0 0x0 0x2b0005 0x0 0x2431e7e0 0x10 0x0 0x0 0x320104 0x0 0x0 0x0 0x0 0x0 0x350007 0x10 0x50 0x0 0x3a0004 0x0 0x0 0x0 0x0 0x0 0x420005 0x0 0x2431e7e0 0x10 0x0 0x0 0x450007 0x10 0xf0 0x0 0x490005 0x0 0x0 0x0 0x0 0x0 0x4c0007 0x0 0xa0 0x0 0x510005 0x0 0x0 0x0 0x0 0x0 0x540005 0x0 0x0 0x0 0x0 0x0 0x570007 0x0 0x20 0x0 0x600005 0x0 0x0 0x0 0x0 0x0 0x660005 0x0 0x0 0x0 0x0 0x0 0x6d0007 0x0 0x80 0x0 0x740005 0x0 0x0 0x0 0x0 0x0 0x7b0005 0x0 0x0 0x0 0x0 0x0 0x840005 0x0 0x0 0x0 0x0 0x0 0x870003 0x0 0x218 0x950005 0x0 0x0 0x0 0x0 0x0 0x980007 0x0 0x20 0x0 0xa20005 0x0 0x0 0x0 0x0 0x0 0xa70007 0x0 0xf0 0x0 0xb20002 0x0 0xb70005 0x0 0x0 0x0 0x0 0x0 0xbc0005 0x0 0x0 0x0 0x0 0x0 0xbf0005 0x0 0x0 0x0 0x0 0x0 0xc20005 0x0 0x0 0x0 0x0 0x0 0xca0005 0x0 0x0 0x0 0x0 0x0 0xd20005 0x0 0x0 0x0 0x0 0x0 0xde0005 0x0 0x0 0x0 0x0 0x0 0xe80005 0x0 0x0 0x0 0x0 0x0 0xef0007 0x0 0x50 0x0 0xf90005 0x0 0x0 0x0 0x0 0x0 oops 6 8 java/util/concurrent/ConcurrentHashMap 14 org/springframework/beans/BeanWrapperImpl 24 org/springframework/beans/BeanWrapperImpl 30 org/mybatis/spring/mapper/MapperFactoryBean 36 org/springframework/beans/factory/support/DefaultListableBeanFactory 58 org/springframework/beans/factory/support/DefaultListableBeanFactory
ciMethodData org/springframework/beans/factory/support/AbstractAutowireCapableBeanFactory getNonSingletonFactoryBeanForTypeCheck (Ljava/lang/String;Lorg/springframework/beans/factory/support/RootBeanDefinition;)Lorg/springframework/beans/factory/FactoryBean; 1 0 orig 264 8 193 156 98 0 0 0 0 176 231 226 34 0 0 0 0 176 4 0 0 104 2 0 0 0 0 0 0 0 0 0 0 0 0 0 0 0 0 0 0 0 0 0 0 0 0 0 0 0 0 0 0 0 0 0 0 0 0 0 0 0 0 0 0 0 0 0 0 0 0 0 0 0 0 0 0 0 0 0 0 77 68 79 32 101 120 116 114 97 32 100 97 116 97 32 108 111 99 107 0 0 0 0 0 0 0 0 0 0 0 0 0 0 0 0 0 0 0 0 0 0 0 0 0 0 0 0 0 0 0 0 0 0 0 0 0 0 0 0 0 0 0 0 0 0 0 0 0 0 0 0 0 0 0 0 0 0 0 0 0 0 0 0 0 0 0 0 0 0 0 0 0 0 0 0 0 0 0 0 0 0 0 0 0 0 0 0 0 0 0 0 0 0 0 0 0 0 0 0 0 0 0 0 0 0 0 0 0 0 0 0 0 0 0 0 0 0 0 0 0 1 0 0 0 1 0 0 0 0 0 0 0 0 0 0 0 2 0 0 0 0 0 0 0 0 0 0 0 88 3 0 0 255 255 255 255 5 0 2 0 0 0 0 0 data 107 0x20005 0x0 0x0 0x0 0x0 0x0 0x50007 0x0 0x20 0x0 0xc0005 0x0 0x0 0x0 0x0 0x0 0x120005 0x0 0x0 0x0 0x0 0x0 0x170007 0x0 0x80 0x0 0x1e0005 0x0 0x0 0x0 0x0 0x0 0x250005 0x0 0x0 0x0 0x0 0x0 0x2d0005 0x0 0x0 0x0 0x0 0x0 0x300003 0x0 0x1c8 0x3e0005 0x0 0x0 0x0 0x0 0x0 0x430007 0x0 0xf0 0x0 0x4e0002 0x0 0x530005 0x0 0x0 0x0 0x0 0x0 0x580005 0x0 0x0 0x0 0x0 0x0 0x5b0005 0x0 0x0 0x0 0x0 0x0 0x5e0005 0x0 0x0 0x0 0x0 0x0 0x660005 0x0 0x0 0x0 0x0 0x0 0x6e0005 0x0 0x0 0x0 0x0 0x0 0x780005 0x0 0x0 0x0 0x0 0x0 0x810005 0x0 0x0 0x0 0x0 0x0 oops 0
ciMethodData org/springframework/beans/factory/support/AbstractBeanFactory getTypeForFactoryBean (Ljava/lang/String;Lorg/springframework/beans/factory/support/RootBeanDefinition;Z)Lorg/springframework/core/ResolvableType; 1 0 orig 264 8 193 156 98 0 0 0 0 24 25 228 34 0 0 0 0 88 5 0 0 152 3 0 0 0 0 0 0 0 0 0 0 0 0 0 0 0 0 0 0 0 0 0 0 0 0 0 0 0 0 0 0 0 0 0 0 0 0 0 0 0 0 0 0 0 0 0 0 0 0 0 0 0 0 0 0 0 0 0 0 77 68 79 32 101 120 116 114 97 32 100 97 116 97 32 108 111 99 107 0 0 0 0 0 0 0 0 0 0 0 0 0 0 0 0 0 0 0 0 0 0 0 0 0 0 0 0 0 0 0 0 0 0 0 0 0 0 0 0 0 0 0 0 0 0 0 0 0 0 0 0 0 0 0 0 0 0 0 0 0 0 0 0 0 0 0 0 0 0 0 0 0 0 0 0 0 0 0 0 0 0 0 0 0 0 0 0 0 0 0 0 0 0 0 0 0 0 0 0 0 0 0 0 0 0 0 0 0 0 0 0 0 0 0 0 0 0 0 0 0 1 0 0 0 1 0 0 0 0 0 0 0 0 0 0 0 2 0 0 0 0 0 0 0 0 0 0 0 248 3 0 0 255 255 255 255 5 0 2 0 0 0 0 0 data 127 0x20005 0x0 0x0 0x0 0x0 0x0 0xc0007 0x0 0x20 0x0 0x130007 0x0 0x3a8 0x0 0x170005 0x0 0x0 0x0 0x0 0x0 0x1a0007 0x0 0x358 0x0 0x220002 0x0 0x270005 0x0 0x0 0x0 0x0 0x0 0x2b0005 0x0 0x0 0x0 0x0 0x0 0x2e0005 0x0 0x0 0x0 0x0 0x0 0x350005 0x0 0x0 0x0 0x0 0x0 0x380004 0x0 0x0 0x0 0x0 0x0 0x400005 0x0 0x0 0x0 0x0 0x0 0x470007 0x0 0x48 0x0 0x4c0002 0x0 0x4f0003 0x0 0x18 0x5c0005 0x0 0x0 0x0 0x0 0x0 0x5f0007 0x0 0x78 0x0 0x6b0002 0x0 0x6e0005 0x0 0x0 0x0 0x0 0x0 0x730003 0x0 0x100 0x770005 0x0 0x0 0x0 0x0 0x0 0x7a0007 0x0 0x78 0x0 0x860002 0x0 0x890005 0x0 0x0 0x0 0x0 0x0 0x8e0003 0x0 0x58 0x9a0002 0x0 0x9d0005 0x0 0x0 0x0 0x0 0x0 0xa50005 0x0 0x0 0x0 0x0 0x0 oops 0
ciMethod java/util/concurrent/locks/LockSupport unpark (Ljava/lang/Thread;)V 609 1 72 0 -1
ciMethod java/util/concurrent/ConcurrentHashMap$TreeNode findTreeNode (ILjava/lang/Object;Ljava/lang/Class;)Ljava/util/concurrent/ConcurrentHashMap$TreeNode; 5833 9353 1032 0 -1
ciMethod java/util/concurrent/ConcurrentHashMap$TreeBin find (ILjava/lang/Object;)Ljava/util/concurrent/ConcurrentHashMap$Node; 1329 1 166 0 0
ciMethod java/util/concurrent/ConcurrentHashMap$TreeBin putTreeVal (ILjava/lang/Object;Ljava/lang/Object;)Ljava/util/concurrent/ConcurrentHashMap$TreeNode; 17 41 90 0 -1
ciMethodData org/springframework/beans/factory/support/AbstractAutowireCapableBeanFactory resolveBeforeInstantiation (Ljava/lang/String;Lorg/springframework/beans/factory/support/RootBeanDefinition;)Ljava/lang/Object; 1 409 orig 264 8 193 156 98 0 0 0 0 96 234 226 34 0 0 0 0 96 3 0 0 248 1 0 0 0 0 0 0 0 0 0 0 0 0 0 0 0 0 0 0 0 0 0 0 0 0 0 0 0 0 0 0 0 0 0 0 0 0 0 0 0 0 0 0 0 0 0 0 0 0 0 0 0 0 0 0 0 0 0 0 77 68 79 32 101 120 116 114 97 32 100 97 116 97 32 108 111 99 107 0 0 0 0 0 0 0 0 0 0 0 0 0 0 0 0 0 0 0 0 0 0 0 0 0 0 0 0 0 0 0 0 0 0 0 0 0 0 0 0 0 0 0 0 0 0 0 0 0 0 0 0 0 0 0 0 0 0 0 0 0 0 0 0 0 0 0 0 0 0 0 0 0 0 0 0 0 0 0 0 0 0 0 0 0 0 0 0 0 0 0 0 0 0 0 0 0 0 0 0 0 0 0 0 0 0 0 0 0 0 0 0 0 0 0 0 0 0 1 0 0 1 0 0 0 1 0 0 0 0 0 0 0 0 0 0 0 2 0 0 0 0 0 18 0 2 0 0 0 8 2 0 0 255 255 255 255 5 0 9 0 0 0 0 0 data 65 0x90005 0x0 0x0 0x0 0x0 0x0 0xc0007 0x0 0x1d8 0x0 0x100005 0x0 0x0 0x0 0x0 0x0 0x130007 0x0 0x140 0x0 0x170005 0x0 0x0 0x0 0x0 0x0 0x1a0007 0x0 0xf0 0x0 0x240005 0x0 0x0 0x0 0x0 0x0 0x2b0007 0x0 0xa0 0x0 0x320005 0x0 0x0 0x0 0x0 0x0 0x370007 0x0 0x50 0x0 0x3d0005 0x0 0x0 0x0 0x0 0x0 0x430007 0x0 0x38 0x0 0x470003 0x0 0x18 0x4b0002 0x0 oops 0
instanceKlass org/springframework/web/servlet/mvc/method/annotation/RequestMappingHandlerAdapter$$Lambda$1294
instanceKlass java/lang/invoke/LambdaForm$DMH
instanceKlass org/springframework/web/bind/annotation/SessionAttributes
instanceKlass org/springframework/web/servlet/mvc/method/annotation/RequestMappingHandlerAdapter$$Lambda$1293
instanceKlass org/springframework/web/servlet/mvc/method/annotation/RequestMappingHandlerAdapter$$Lambda$1292
instanceKlass org/springframework/web/util/ServletRequestPathUtils
instanceKlass org/springframework/web/cors/CorsUtils
instanceKlass org/apache/catalina/core/ApplicationMapping$MappingImpl
instanceKlass org/apache/catalina/core/ApplicationMapping$1
instanceKlass org/springframework/web/util/UrlPathHelper$Servlet4Delegate
instanceKlass org/springframework/web/util/UriUtils
instanceKlass org/springframework/web/util/WebUtils
instanceKlass org/springframework/core/log/LogFormatUtils
instanceKlass org/springframework/web/servlet/DispatcherServlet$$Lambda$1291
instanceKlass org/springframework/web/servlet/FrameworkServlet$RequestBindingInterceptor
instanceKlass org/springframework/web/context/request/async/TimeoutDeferredResultProcessingInterceptor
instanceKlass org/springframework/web/context/request/async/TimeoutCallableProcessingInterceptor
instanceKlass org/springframework/web/context/request/async/AsyncWebRequest
instanceKlass org/springframework/web/context/request/async/WebAsyncUtils
instanceKlass org/springframework/web/servlet/DispatcherServlet$$Lambda$1290
instanceKlass org/springframework/web/servlet/LocaleContextResolver
instanceKlass org/springframework/context/i18n/LocaleContextHolder
instanceKlass org/apache/catalina/util/TLSUtil
instanceKlass org/apache/catalina/connector/ResponseFacade
instanceKlass org/apache/catalina/core/ApplicationFilterFactory$1
instanceKlass org/apache/catalina/core/ApplicationDispatcher
instanceKlass org/apache/catalina/AsyncDispatcher
instanceKlass org/apache/catalina/core/ApplicationFilterChain
instanceKlass org/apache/catalina/core/ApplicationFilterFactory
instanceKlass org/apache/coyote/AbstractProcessor$1
instanceKlass javax/security/auth/message/config/AuthConfigFactory$$Lambda$1289
instanceKlass javax/security/auth/message/config/AuthConfigFactory$$Lambda$1288
instanceKlass javax/security/auth/message/config/AuthConfigFactory
instanceKlass org/apache/catalina/connector/RequestFacade
instanceKlass org/apache/catalina/util/SessionConfig
instanceKlass org/apache/tomcat/util/buf/UEncoder
instanceKlass org/apache/tomcat/util/collections/ConcurrentCache
instanceKlass org/apache/tomcat/util/http/parser/MediaTypeCache
instanceKlass org/apache/catalina/connector/Response
instanceKlass org/apache/catalina/core/ApplicationMapping
instanceKlass org/apache/catalina/mapper/MappingData
instanceKlass org/apache/catalina/util/ParameterMap
instanceKlass org/apache/tomcat/util/buf/ByteChunk$ByteInputChannel
instanceKlass org/apache/catalina/connector/Request$9
instanceKlass org/apache/catalina/connector/Request$8
instanceKlass org/apache/catalina/connector/Request$7
instanceKlass org/apache/catalina/connector/Request$6
instanceKlass org/apache/catalina/connector/Request$5
instanceKlass org/apache/catalina/connector/Request$4
instanceKlass org/apache/catalina/connector/Request$3
instanceKlass org/apache/catalina/connector/Request$2
instanceKlass org/apache/catalina/connector/Request$1
instanceKlass org/apache/catalina/connector/Request$SpecialAttributeAdapter
instanceKlass org/apache/tomcat/util/http/fileupload/RequestContext
instanceKlass org/apache/tomcat/util/http/fileupload/FileItemFactory
instanceKlass org/apache/catalina/connector/Request
instanceKlass org/apache/tomcat/util/http/parser/Host
instanceKlass sun/nio/cs/ThreadLocalCoders$Cache
instanceKlass sun/nio/cs/ThreadLocalCoders
instanceKlass org/apache/tomcat/util/http/parser/TokenList
instanceKlass org/apache/tomcat/util/http/ValuesEnumerator
instanceKlass org/apache/tomcat/util/buf/Ascii
instanceKlass org/apache/coyote/http11/filters/GzipOutputFilter
instanceKlass org/apache/coyote/http11/filters/BufferedInputFilter
instanceKlass org/apache/coyote/http11/filters/VoidOutputFilter
instanceKlass org/apache/coyote/http11/filters/VoidInputFilter
instanceKlass org/apache/coyote/http11/filters/ChunkedOutputFilter
instanceKlass org/apache/coyote/http11/filters/ChunkedInputFilter
instanceKlass org/apache/coyote/http11/filters/IdentityOutputFilter
instanceKlass org/apache/coyote/http11/filters/IdentityInputFilter
instanceKlass org/apache/coyote/http11/Http11OutputBuffer$SocketOutputBuffer
instanceKlass org/apache/coyote/http11/Http11OutputBuffer
instanceKlass org/apache/coyote/http11/Http11InputBuffer$SocketInputBuffer
instanceKlass org/apache/coyote/http11/Http11InputBuffer$HeaderParseData
instanceKlass org/apache/coyote/http11/Http11InputBuffer
instanceKlass org/apache/tomcat/util/http/parser/HttpParser
instanceKlass org/apache/coyote/AsyncStateMachine
instanceKlass org/apache/coyote/RequestInfo
instanceKlass org/apache/tomcat/util/log/UserDataHelper
instanceKlass org/apache/tomcat/util/http/Parameters
instanceKlass org/apache/tomcat/util/http/ServerCookie
instanceKlass org/apache/tomcat/util/http/ServerCookies
instanceKlass org/apache/tomcat/util/http/MimeHeaderField
instanceKlass org/apache/tomcat/util/http/MimeHeaders
instanceKlass org/apache/tomcat/util/buf/AbstractChunk
instanceKlass org/apache/tomcat/util/buf/MessageBytes$MessageBytesFactory
instanceKlass org/apache/tomcat/util/buf/MessageBytes
instanceKlass org/apache/tomcat/util/net/ApplicationBufferHandler
instanceKlass org/apache/coyote/http11/OutputFilter
instanceKlass org/apache/coyote/http11/HttpOutputBuffer
instanceKlass org/apache/coyote/http11/InputFilter
instanceKlass org/apache/coyote/OutputBuffer
instanceKlass org/apache/coyote/InputBuffer
instanceKlass org/apache/coyote/AbstractProcessorLight
instanceKlass org/apache/coyote/ActionHook
instanceKlass sun/nio/ch/WindowsSelectorImpl$MapEntry
instanceKlass org/apache/tomcat/util/net/NioEndpoint$PollerEvent
instanceKlass java/util/concurrent/Semaphore
instanceKlass java/util/concurrent/BlockingDeque
instanceKlass org/apache/tomcat/util/net/WriteBuffer
instanceKlass org/apache/tomcat/util/net/SocketWrapperBase$3
instanceKlass org/apache/tomcat/util/net/SocketWrapperBase$2
instanceKlass org/apache/tomcat/util/net/SocketWrapperBase$1
instanceKlass org/apache/tomcat/util/net/SocketWrapperBase$OperationState
instanceKlass org/apache/tomcat/util/net/SendfileDataBase
instanceKlass org/apache/tomcat/util/net/SocketWrapperBase$CompletionCheck
instanceKlass org/apache/tomcat/util/net/SocketBufferHandler
instanceKlass org/apache/tomcat/PeriodicEventListener
instanceKlass org/apache/catalina/webresources/Cache$EvictionOrder
instanceKlass org/springframework/boot/SpringApplicationRunListeners$$Lambda$1287
instanceKlass org/springframework/boot/SpringApplicationRunListeners$$Lambda$1286
instanceKlass org/springframework/util/ConcurrentReferenceHashMap$EntryIterator
instanceKlass java/util/AbstractMap$1$1
instanceKlass org/springframework/beans/CachedIntrospectionResults$$Lambda$1285
instanceKlass org/springframework/beans/CachedIntrospectionResults$$Lambda$1284
instanceKlass org/springframework/beans/CachedIntrospectionResults$$Lambda$1283
instanceKlass org/springframework/context/support/LiveBeansView
instanceKlass org/springframework/context/support/LiveBeansViewMBean
instanceKlass org/springframework/boot/autoconfigure/condition/ConditionEvaluationReport$$Lambda$1282
instanceKlass org/springframework/boot/autoconfigure/condition/ConditionEvaluationReport$$Lambda$1281
instanceKlass com/sky/vo/SetmealVO$SetmealVOBuilder
instanceKlass springfox/documentation/swagger/schema/ApiModelBuilder$$Lambda$1280
instanceKlass springfox/documentation/swagger/schema/ApiModelBuilder$$Lambda$1279
instanceKlass springfox/documentation/swagger/schema/ApiModelPropertyPropertyBuilder$$Lambda$1278
instanceKlass springfox/documentation/swagger/schema/ApiModelProperties$$Lambda$1277
instanceKlass springfox/documentation/swagger/schema/ApiModelPropertyPropertyBuilder$$Lambda$1276
instanceKlass springfox/documentation/swagger/schema/ApiModelPropertyPropertyBuilder$$Lambda$1275
instanceKlass springfox/documentation/swagger/schema/ApiModelPropertyPropertyBuilder$$Lambda$1274
instanceKlass springfox/documentation/swagger/schema/ApiModelProperties$$Lambda$1273
instanceKlass springfox/documentation/swagger/schema/ApiModelPropertyPropertyBuilder$$Lambda$1272
instanceKlass springfox/documentation/swagger/schema/ApiModelProperties$$Lambda$1271
instanceKlass springfox/documentation/swagger/schema/ApiModelPropertyPropertyBuilder$$Lambda$1270
instanceKlass springfox/documentation/swagger/schema/ApiModelPropertyPropertyBuilder$$Lambda$1269
instanceKlass springfox/documentation/swagger/schema/ApiModelPropertyPropertyBuilder$$Lambda$1268
instanceKlass springfox/documentation/swagger/schema/ApiModelPropertyPropertyBuilder$$Lambda$1267
instanceKlass springfox/documentation/swagger/schema/ApiModelProperties$$Lambda$1266
instanceKlass springfox/documentation/swagger/schema/ApiModelProperties
instanceKlass springfox/documentation/swagger/schema/ApiModelPropertyPropertyBuilder$$Lambda$1265
instanceKlass com/sky/vo/EmployeeLoginVO$EmployeeLoginVOBuilder
instanceKlass com/fasterxml/jackson/databind/introspect/AnnotationCollector$OneAnnotation
instanceKlass com/fasterxml/jackson/annotation/JacksonAnnotationsInside
instanceKlass springfox/documentation/spring/web/scanners/DefaultModelNamesRegistryFactory$DefaultModelNamesRegistry$$Lambda$1264
instanceKlass springfox/documentation/spring/web/scanners/DefaultModelNamesRegistryFactory$DefaultModelNamesRegistry$$Lambda$1263
instanceKlass springfox/documentation/spring/web/scanners/ModelSpecificationRegistryBuilder$$Lambda$1262
instanceKlass springfox/documentation/spring/web/scanners/ModelSpecificationRegistryBuilder$$Lambda$1261
instanceKlass springfox/documentation/spring/web/scanners/ModelSpecificationRegistryBuilder$$Lambda$1260
instanceKlass springfox/documentation/spring/web/scanners/ModelSpecificationRegistryBuilder$$Lambda$1259
instanceKlass com/sky/vo/DishVO$DishVOBuilder
instanceKlass springfox/documentation/spring/web/scanners/ApiModelReader$$Lambda$1258
instanceKlass springfox/documentation/spring/web/scanners/ApiModelReader$$Lambda$1257
instanceKlass springfox/documentation/spring/web/scanners/ApiModelReader$$Lambda$1256
instanceKlass springfox/documentation/spring/web/scanners/ApiModelReader$$Lambda$1255
instanceKlass springfox/documentation/spring/web/scanners/ApiModelReader$$Lambda$1254
instanceKlass springfox/documentation/spring/web/scanners/ApiModelReader$$Lambda$1253
instanceKlass springfox/documentation/spring/web/scanners/ApiModelReader$$Lambda$1252
instanceKlass springfox/documentation/spring/web/scanners/ApiModelReader$$Lambda$1251
instanceKlass springfox/documentation/spring/web/scanners/ApiModelReader$$Lambda$1250
instanceKlass springfox/documentation/service/CollectionFormat
instanceKlass springfox/documentation/builders/BodyParameterSpecificationProvider$$Lambda$1249
instanceKlass springfox/documentation/builders/BodyParameterSpecificationProvider$$Lambda$1248
instanceKlass springfox/documentation/spring/web/readers/parameter/ModelAttributeParameterExpander$$Lambda$1247
instanceKlass springfox/documentation/spring/web/readers/parameter/ModelAttributeParameterExpander$$Lambda$1246
instanceKlass springfox/documentation/spring/web/readers/parameter/ModelAttributeParameterExpander$$Lambda$1245
instanceKlass springfox/documentation/spring/web/readers/parameter/ModelAttributeParameterExpander$$Lambda$1244
instanceKlass springfox/documentation/swagger/readers/parameter/SwaggerExpandedParameterBuilder$$Lambda$1243
instanceKlass springfox/documentation/swagger/readers/parameter/SwaggerExpandedParameterBuilder$$Lambda$1242
instanceKlass springfox/documentation/spring/web/readers/parameter/ExpandedParameterBuilder$$Lambda$1241
instanceKlass springfox/documentation/spring/web/readers/parameter/ExpandedParameterBuilder$$Lambda$1240
instanceKlass springfox/documentation/spring/web/readers/parameter/ExpandedParameterBuilder$$Lambda$1239
instanceKlass springfox/documentation/spring/web/readers/parameter/ExpandedParameterBuilder$$Lambda$1238
instanceKlass springfox/documentation/spring/web/readers/parameter/ExpandedParameterBuilder$$Lambda$1237
instanceKlass springfox/documentation/spring/web/readers/parameter/ModelAttributeField$$Lambda$1236
instanceKlass springfox/documentation/spring/web/readers/parameter/ModelAttributeParameterMetadataAccessor
instanceKlass springfox/documentation/spring/web/readers/parameter/ModelAttributeParameterExpander$$Lambda$1235
instanceKlass springfox/documentation/spring/web/readers/parameter/ModelAttributeParameterExpander$$Lambda$1234
instanceKlass springfox/documentation/spring/web/readers/parameter/ModelAttributeParameterExpander$$Lambda$1233
instanceKlass springfox/documentation/spring/web/readers/parameter/ModelAttributeParameterExpander$$Lambda$1232
instanceKlass springfox/documentation/spring/web/readers/parameter/ModelAttributeParameterExpander$$Lambda$1231
instanceKlass springfox/documentation/spring/web/readers/parameter/ModelAttributeParameterExpander$$Lambda$1230
instanceKlass springfox/documentation/spring/web/readers/parameter/ModelAttributeParameterExpander$$Lambda$1229
instanceKlass springfox/documentation/spring/web/readers/parameter/ModelAttributeParameterExpander$$Lambda$1228
instanceKlass springfox/documentation/spring/web/readers/parameter/ModelAttributeParameterExpander$$Lambda$1227
instanceKlass springfox/documentation/spring/web/readers/parameter/ModelAttributeParameterExpander$$Lambda$1226
instanceKlass springfox/documentation/spring/web/readers/parameter/ModelAttributeParameterExpander$$Lambda$1225
instanceKlass springfox/documentation/spring/web/readers/parameter/ModelAttributeParameterExpander$$Lambda$1224
instanceKlass springfox/documentation/spring/web/readers/parameter/ModelAttributeParameterExpander$$Lambda$1223
instanceKlass springfox/documentation/spring/web/readers/parameter/ModelAttributeParameterExpander$$Lambda$1222
instanceKlass springfox/documentation/spring/web/readers/parameter/ModelAttributeParameterExpander$$Lambda$1221
instanceKlass springfox/documentation/spring/web/readers/parameter/ModelAttributeParameterExpander$$Lambda$1220
instanceKlass springfox/documentation/spring/web/readers/parameter/ModelAttributeParameterExpander$$Lambda$1219
instanceKlass springfox/documentation/spring/web/readers/parameter/ModelAttributeParameterExpander$$Lambda$1218
instanceKlass springfox/documentation/spring/web/readers/parameter/ModelAttributeParameterExpander$$Lambda$1217
instanceKlass springfox/documentation/spring/web/readers/parameter/ModelAttributeParameterExpander$$Lambda$1216
instanceKlass springfox/documentation/spring/web/readers/parameter/ModelAttributeParameterExpander$$Lambda$1215
instanceKlass com/sun/beans/finder/InstanceFinder
instanceKlass java/beans/WeakIdentityMap
instanceKlass java/beans/ThreadGroupContext
instanceKlass springfox/documentation/builders/CollectionSpecificationBuilder$$Lambda$1214
instanceKlass springfox/documentation/schema/property/CollectionSpecificationProvider$$Lambda$1213
instanceKlass springfox/documentation/schema/DefaultModelSpecificationProvider$$Lambda$1212
instanceKlass springfox/documentation/schema/DefaultModelProvider$$Lambda$1211
instanceKlass com/fasterxml/jackson/databind/type/TypeBindings$AsKey
instanceKlass com/fasterxml/jackson/databind/type/TypeBindings$TypeParamStash
instanceKlass springfox/documentation/spring/web/readers/parameter/ParameterRequiredReader$$Lambda$1210
instanceKlass springfox/documentation/builders/SimpleParameterSpecificationBuilder$$Lambda$1209
instanceKlass springfox/documentation/builders/SimpleParameterSpecificationBuilder$$Lambda$1208
instanceKlass springfox/documentation/builders/SimpleParameterSpecificationBuilder$$Lambda$1207
instanceKlass springfox/documentation/builders/SimpleParameterSpecificationBuilder$$Lambda$1206
instanceKlass springfox/documentation/spring/web/readers/parameter/ParameterDataTypeReader$$Lambda$1205
instanceKlass springfox/documentation/spring/web/readers/parameter/ParameterDataTypeReader$$Lambda$1204
instanceKlass springfox/documentation/spring/web/readers/parameter/ParameterTypeDeterminer
instanceKlass springfox/documentation/spring/web/scanners/ApiModelReader$$Lambda$1203
instanceKlass springfox/documentation/spring/web/scanners/ApiModelReader$$Lambda$1202
instanceKlass springfox/documentation/spring/web/scanners/ApiModelReader$$Lambda$1201
instanceKlass springfox/documentation/spring/web/scanners/ApiModelReader$$Lambda$1200
instanceKlass java/util/Collections$UnmodifiableList$1
instanceKlass springfox/documentation/spi/service/contexts/Orderings$$Lambda$1199
instanceKlass springfox/documentation/builders/DocumentationBuilder$$Lambda$1198
instanceKlass springfox/documentation/builders/ServerBuilder
instanceKlass springfox/documentation/spi/service/contexts/DocumentationContext$$Lambda$1197
instanceKlass springfox/documentation/spring/web/scanners/ApiDocumentationScanner$$Lambda$1196
instanceKlass org/springframework/web/util/HierarchicalUriComponents$PathSegmentComponent
instanceKlass springfox/documentation/spring/web/scanners/ApiDocumentationScanner$$Lambda$1195
instanceKlass springfox/documentation/spring/web/scanners/ApiDocumentationScanner$$Lambda$1194
instanceKlass springfox/documentation/builders/DocumentationBuilder$$Lambda$1193
instanceKlass springfox/documentation/builders/DocumentationBuilder$$Lambda$1192
instanceKlass springfox/documentation/builders/DocumentationBuilder$$Lambda$1191
instanceKlass springfox/documentation/builders/DocumentationBuilder$$Lambda$1190
instanceKlass springfox/documentation/builders/DocumentationBuilder$$Lambda$1189
instanceKlass springfox/documentation/builders/DocumentationBuilder$$Lambda$1188
instanceKlass springfox/documentation/builders/DocumentationBuilder
instanceKlass springfox/documentation/service/Tags$$Lambda$1187
instanceKlass springfox/documentation/service/Tags$$Lambda$1186
instanceKlass java/util/LinkedList$LLSpliterator
instanceKlass springfox/documentation/service/Tags$$Lambda$1185
instanceKlass springfox/documentation/spring/web/readers/operation/ContentParameterAggregator$$Lambda$1184
instanceKlass springfox/documentation/spring/web/readers/operation/ContentParameterAggregator$$Lambda$1183
instanceKlass springfox/documentation/spring/web/readers/operation/ContentParameterAggregator$$Lambda$1182
instanceKlass springfox/documentation/spring/web/readers/operation/ContentParameterAggregator$$Lambda$1181
instanceKlass springfox/documentation/spring/web/readers/operation/ContentParameterAggregator$$Lambda$1180
instanceKlass springfox/documentation/spring/web/readers/operation/ContentParameterAggregator$$Lambda$1179
instanceKlass springfox/documentation/spring/web/readers/operation/ContentParameterAggregator$$Lambda$1178
instanceKlass springfox/documentation/spring/web/readers/operation/ContentParameterAggregator$$Lambda$1177
instanceKlass springfox/documentation/spring/web/readers/operation/ContentParameterAggregator$$Lambda$1176
instanceKlass springfox/documentation/builders/ParameterMerger$$Lambda$1175
instanceKlass springfox/documentation/spring/web/readers/operation/OperationParameterReader$$Lambda$1174
instanceKlass springfox/documentation/service/ParameterSpecification
instanceKlass springfox/documentation/builders/BodyParameterSpecificationProvider$$Lambda$1173
instanceKlass springfox/documentation/builders/BodyParameterSpecificationProvider$$Lambda$1172
instanceKlass springfox/documentation/builders/BodyParameterSpecificationProvider$$Lambda$1171
instanceKlass springfox/documentation/builders/BodyParameterSpecificationProvider$$Lambda$1170
instanceKlass springfox/documentation/builders/BodyParameterSpecificationProvider$$Lambda$1169
instanceKlass springfox/documentation/service/ContentSpecification$$Lambda$1168
instanceKlass springfox/documentation/builders/RootParameterSpecificationProvider$PassThroughSpecificationProvider
instanceKlass springfox/documentation/service/ContentSpecification$$Lambda$1167
instanceKlass springfox/documentation/service/ContentSpecification$$Lambda$1166
instanceKlass springfox/documentation/service/ContentSpecification$$Lambda$1165
instanceKlass springfox/documentation/builders/ContentSpecificationBuilder$$Lambda$1164
instanceKlass springfox/documentation/builders/ParameterSpecificationContext
instanceKlass springfox/documentation/swagger/readers/parameter/OpenApiParameterBuilder$$Lambda$1163
instanceKlass springfox/documentation/swagger/readers/parameter/OpenApiParameterBuilder$$Lambda$1162
instanceKlass springfox/documentation/swagger/readers/parameter/OpenApiParameterBuilder$$Lambda$1161
instanceKlass springfox/documentation/swagger/readers/parameter/ApiParamParameterBuilder$$Lambda$1160
instanceKlass springfox/documentation/builders/RequestParameterBuilder$$Lambda$1159
instanceKlass springfox/documentation/builders/ContentSpecificationBuilder$$Lambda$1158
instanceKlass springfox/documentation/builders/RequestParameterBuilder$$Lambda$1157
instanceKlass springfox/documentation/builders/ContentSpecificationBuilder$$Lambda$1156
instanceKlass springfox/documentation/builders/RequestParameterBuilder$$Lambda$1155
instanceKlass springfox/documentation/builders/RequestParameterBuilder$$Lambda$1154
instanceKlass springfox/documentation/spring/web/readers/parameter/ParameterNameReader$$Lambda$1153
instanceKlass springfox/documentation/spring/web/readers/parameter/ParameterNameReader$$Lambda$1152
instanceKlass springfox/documentation/spring/web/readers/parameter/ParameterNameReader$$Lambda$1151
instanceKlass springfox/documentation/spring/web/readers/parameter/ParameterNameReader$$Lambda$1150
instanceKlass springfox/documentation/spring/web/readers/parameter/ParameterNameReader$$Lambda$1149
instanceKlass springfox/documentation/spring/web/readers/parameter/ParameterNameReader$$Lambda$1148
instanceKlass springfox/documentation/spring/web/readers/parameter/ParameterDefaultReader$$Lambda$1147
instanceKlass springfox/documentation/spring/web/readers/parameter/ParameterRequiredReader$$Lambda$1146
instanceKlass springfox/documentation/spring/web/readers/parameter/ParameterRequiredReader$$Lambda$1145
instanceKlass java/lang/invoke/LambdaForm$MH
instanceKlass springfox/documentation/spring/web/readers/parameter/ParameterRequiredReader$$Lambda$1144
instanceKlass java/lang/invoke/LambdaForm$MH
instanceKlass java/lang/invoke/LambdaForm$DMH
instanceKlass java/lang/invoke/LambdaForm$DMH
instanceKlass springfox/documentation/spring/web/readers/parameter/ParameterRequiredReader$$Lambda$1143
instanceKlass springfox/documentation/service/ParameterType$$Lambda$1142
instanceKlass springfox/documentation/spring/web/readers/parameter/ParameterMultiplesReader$$Lambda$1141
instanceKlass springfox/documentation/builders/MultipartFormDataParameterSpecificationProvider
instanceKlass springfox/documentation/builders/BodyParameterSpecificationProvider
instanceKlass springfox/documentation/builders/FormParameterSpecificationProvider
instanceKlass springfox/documentation/builders/PathParameterSpecificationProvider
instanceKlass springfox/documentation/builders/HeaderParameterSpecificationProvider
instanceKlass springfox/documentation/builders/CookieParameterSpecificationProvider
instanceKlass springfox/documentation/builders/QueryParameterSpecificationProvider
instanceKlass springfox/documentation/builders/RootParameterSpecificationProvider
instanceKlass springfox/documentation/builders/ParameterSpecificationProvider
instanceKlass springfox/documentation/builders/ParameterBuilder
instanceKlass springfox/documentation/spring/web/readers/operation/OperationParameterReader$$Lambda$1140
instanceKlass springfox/documentation/spring/web/readers/operation/OperationParameterReader$$Lambda$1139
instanceKlass springfox/documentation/spi/service/contexts/OperationModelContextsBuilder$$Lambda$1138
instanceKlass springfox/documentation/spi/service/contexts/OperationModelContextsBuilder$$Lambda$1137
instanceKlass springfox/documentation/spring/web/scanners/ApiModelReader$$Lambda$1136
instanceKlass springfox/documentation/spring/web/scanners/ApiModelReader$$Lambda$1135
instanceKlass com/sky/vo/UserLoginVO$UserLoginVOBuilder
instanceKlass springfox/documentation/spring/web/scanners/ApiModelReader$$Lambda$1134
instanceKlass springfox/documentation/spring/web/scanners/ApiModelReader$$Lambda$1133
instanceKlass springfox/documentation/service/ResolvedMethodParameter$$Lambda$1132
instanceKlass springfox/documentation/service/ResolvedMethodParameter$$Lambda$1131
instanceKlass com/sky/vo/UserLoginVO
instanceKlass springfox/documentation/service/ApiListing$$Lambda$1130
instanceKlass springfox/documentation/service/Tags$$Lambda$1129
instanceKlass springfox/documentation/service/Tags$$Lambda$1128
instanceKlass springfox/documentation/service/Tags$$Lambda$1127
instanceKlass springfox/documentation/builders/ApiListingBuilder$$Lambda$1126
instanceKlass springfox/documentation/swagger/web/SwaggerApiListingReader$$Lambda$1125
instanceKlass springfox/documentation/swagger/web/SwaggerApiListingReader$$Lambda$1124
instanceKlass springfox/documentation/swagger/web/SwaggerApiListingReader$$Lambda$1123
instanceKlass springfox/documentation/swagger/web/SwaggerApiListingReader$$Lambda$1122
instanceKlass springfox/documentation/builders/ApiListingBuilder$$Lambda$1121
instanceKlass springfox/documentation/builders/ApiListingBuilder$$Lambda$1120
instanceKlass springfox/documentation/spring/web/scanners/ApiListingReader$$Lambda$1119
instanceKlass springfox/documentation/builders/ApiListingBuilder$$Lambda$1118
instanceKlass springfox/documentation/builders/ApiListingBuilder
instanceKlass springfox/documentation/spring/web/scanners/DefaultModelNamesRegistryFactory$DefaultModelNamesRegistry$$Lambda$1117
instanceKlass springfox/documentation/builders/CompoundModelSpecificationBuilder$$Lambda$1116
instanceKlass springfox/documentation/spring/web/scanners/DefaultModelNamesRegistryFactory$DefaultModelNamesRegistry$$Lambda$1115
instanceKlass springfox/documentation/spring/web/scanners/DefaultModelNamesRegistryFactory$DefaultModelNamesRegistry$$Lambda$1114
instanceKlass springfox/documentation/spring/web/scanners/DefaultModelNamesRegistryFactory$DefaultModelNamesRegistry$$Lambda$1113
instanceKlass springfox/documentation/spring/web/scanners/DefaultModelNamesRegistryFactory$DefaultModelNamesRegistry$$Lambda$1112
instanceKlass springfox/documentation/spring/web/scanners/DefaultModelNamesRegistryFactory$DefaultModelNamesRegistry$$Lambda$1111
instanceKlass springfox/documentation/spring/web/scanners/DefaultModelNamesRegistryFactory$DefaultModelNamesRegistry$$Lambda$1110
instanceKlass springfox/documentation/spring/web/scanners/DefaultModelNamesRegistryFactory$DefaultModelNamesRegistry$$Lambda$1109
instanceKlass springfox/documentation/spring/web/scanners/ModelSpecificationRegistryBuilder$DefaultModelSpecificationRegistry$$Lambda$1108
instanceKlass springfox/documentation/spring/web/scanners/ModelSpecificationRegistryBuilder$DefaultModelSpecificationRegistry$$Lambda$1107
instanceKlass springfox/documentation/spring/web/scanners/DefaultModelNamesRegistryFactory$DefaultModelNamesRegistry$$Lambda$1106
instanceKlass springfox/documentation/spring/web/scanners/DefaultModelNamesRegistryFactory$DefaultModelNamesRegistry
instanceKlass springfox/documentation/spring/web/scanners/DefaultModelNamesRegistryFactory
instanceKlass springfox/documentation/spring/web/scanners/ModelSpecificationRegistryBuilder$DefaultModelSpecificationRegistry
instanceKlass springfox/documentation/spring/web/scanners/ApiListingScanner$$Lambda$1105
instanceKlass springfox/documentation/spring/web/scanners/ApiListingScanner$$Lambda$1104
instanceKlass springfox/documentation/spring/web/scanners/ApiListingScanner$$Lambda$1103
instanceKlass springfox/documentation/spring/web/scanners/ResourcePathProvider$$Lambda$1102
instanceKlass springfox/documentation/spring/web/scanners/ResourcePathProvider$$Lambda$1101
instanceKlass springfox/documentation/spring/web/scanners/ResourcePathProvider$$Lambda$1100
instanceKlass springfox/documentation/spring/web/scanners/ResourcePathProvider
instanceKlass springfox/documentation/spring/web/scanners/ApiListingScanner$$Lambda$1099
instanceKlass springfox/documentation/spring/web/scanners/ResourceGroups$$Lambda$1098
instanceKlass org/springframework/web/util/HierarchicalUriComponents$FullPathComponent
instanceKlass org/springframework/web/util/HierarchicalUriComponents$1
instanceKlass org/springframework/util/CollectionUtils$$Lambda$1097
instanceKlass org/springframework/web/util/UriComponents$UriTemplateVariables
instanceKlass org/springframework/web/util/UriComponentsBuilder$FullPathComponentBuilder
instanceKlass org/springframework/web/util/UriComponentsBuilder$PathSegmentComponentBuilder
instanceKlass org/springframework/web/util/HierarchicalUriComponents$PathComponent
instanceKlass org/springframework/web/util/UriComponentsBuilder$CompositePathComponentBuilder
instanceKlass org/springframework/web/util/UriComponentsBuilder$PathComponentBuilder
instanceKlass java/util/regex/Pattern$CharPropertyNames$CharPropertyFactory
instanceKlass java/util/regex/Pattern$CharPropertyNames
instanceKlass springfox/documentation/spring/web/paths/PathMappingAdjuster
instanceKlass springfox/documentation/spring/web/paths/OperationPathDecorator$$Lambda$1096
instanceKlass springfox/documentation/spring/web/paths/PathMappingDecorator$$Lambda$1095
instanceKlass springfox/documentation/spring/web/paths/PathSanitizer$$Lambda$1094
instanceKlass springfox/documentation/spring/web/plugins/DocumentationPluginsManager$$Lambda$1093
instanceKlass springfox/documentation/spring/web/plugins/DocumentationPluginsManager$$Lambda$1092
instanceKlass springfox/documentation/service/Operation$$Lambda$1091
instanceKlass springfox/documentation/service/Operation$$Lambda$1090
instanceKlass springfox/documentation/service/Operation$$Lambda$1089
instanceKlass springfox/documentation/service/Operation$$Lambda$1088
instanceKlass java/util/function/Predicate$$Lambda$1087
instanceKlass springfox/documentation/builders/OperationBuilder$$Lambda$1086
instanceKlass springfox/documentation/builders/RepresentationBuilder$$Lambda$1085
instanceKlass springfox/documentation/builders/RepresentationBuilder$$Lambda$1084
instanceKlass springfox/documentation/builders/ResponseBuilder$$Lambda$1083
instanceKlass springfox/documentation/builders/ResponseBuilder$$Lambda$1082
instanceKlass springfox/documentation/service/Response$$Lambda$1081
instanceKlass springfox/documentation/service/Response$$Lambda$1080
instanceKlass springfox/documentation/builders/OperationBuilder$$Lambda$1079
instanceKlass springfox/documentation/swagger/readers/operation/OpenApiResponseReader$$Lambda$1078
instanceKlass springfox/documentation/swagger/annotations/Annotations$$Lambda$1077
instanceKlass springfox/documentation/swagger/annotations/Annotations$$Lambda$1076
instanceKlass io/swagger/v3/oas/annotations/responses/ApiResponse
instanceKlass io/swagger/v3/oas/annotations/responses/ApiResponses
instanceKlass springfox/documentation/swagger/readers/operation/OpenApiOperationTagsReader$$Lambda$1075
instanceKlass springfox/documentation/swagger/readers/operation/OpenApiOperationTagsReader$$Lambda$1074
instanceKlass springfox/documentation/swagger/readers/operation/OpenApiOperationTagsReader$$Lambda$1073
instanceKlass springfox/documentation/swagger/readers/operation/OpenApiOperationTagsReader$$Lambda$1072
instanceKlass springfox/documentation/swagger/readers/operation/OpenApiOperationAuthReader$$Lambda$1071
instanceKlass springfox/documentation/swagger/readers/operation/SwaggerOperationTagsReader$$Lambda$1070
instanceKlass springfox/documentation/swagger/readers/operation/SwaggerOperationTagsReader$$Lambda$1069
instanceKlass springfox/documentation/swagger/readers/operation/SwaggerOperationTagsReader$$Lambda$1068
instanceKlass springfox/documentation/service/Tags$$Lambda$1067
instanceKlass springfox/documentation/swagger/readers/operation/SwaggerOperationTagsReader$$Lambda$1066
instanceKlass springfox/documentation/swagger/readers/operation/OperationNotesReader$$Lambda$1065
instanceKlass springfox/documentation/swagger/readers/operation/SwaggerResponseMessageReader$$Lambda$1064
instanceKlass springfox/documentation/swagger/readers/operation/SwaggerResponseMessageReader$$Lambda$1063
instanceKlass springfox/documentation/swagger/readers/operation/SwaggerResponseMessageReader$$Lambda$1062
instanceKlass springfox/documentation/swagger/readers/operation/ResponseHeaders$$Lambda$1061
instanceKlass springfox/documentation/swagger/readers/operation/ResponseHeaders$$Lambda$1060
instanceKlass springfox/documentation/swagger/readers/operation/ResponseHeaders
instanceKlass springfox/documentation/swagger/readers/operation/SwaggerResponseMessageReader$$Lambda$1059
instanceKlass springfox/documentation/swagger/readers/operation/SwaggerResponseMessageReader$$Lambda$1058
instanceKlass springfox/documentation/swagger/readers/operation/SwaggerResponseMessageReader$$Lambda$1057
instanceKlass springfox/documentation/swagger/readers/operation/OperationAuthReader$$Lambda$1056
instanceKlass springfox/documentation/service/SecurityReference
instanceKlass springfox/documentation/swagger/readers/operation/OperationAuthReader$$Lambda$1055
instanceKlass springfox/documentation/swagger/readers/operation/OperationAuthReader$$Lambda$1054
instanceKlass springfox/documentation/spi/service/contexts/OperationContext$$Lambda$1053
instanceKlass springfox/documentation/spi/service/contexts/SecurityContext
instanceKlass springfox/documentation/swagger/readers/operation/OperationImplicitParametersReader$$Lambda$1052
instanceKlass springfox/documentation/swagger/readers/operation/OperationImplicitParametersReader$$Lambda$1051
instanceKlass springfox/documentation/swagger/readers/operation/OperationImplicitParametersReader$$Lambda$1050
instanceKlass springfox/documentation/swagger/readers/operation/OperationImplicitParametersReader$$Lambda$1049
instanceKlass springfox/documentation/swagger/readers/operation/OperationImplicitParametersReader$$Lambda$1048
instanceKlass springfox/documentation/swagger/readers/operation/OperationImplicitParametersReader$$Lambda$1047
instanceKlass io/swagger/annotations/ApiImplicitParams
instanceKlass springfox/documentation/swagger/readers/operation/SwaggerMediaTypeReader$$Lambda$1046
instanceKlass springfox/documentation/swagger/readers/operation/SwaggerMediaTypeReader$$Lambda$1045
instanceKlass springfox/documentation/swagger/readers/operation/SwaggerOperationResponseClassReader$$Lambda$1044
instanceKlass springfox/documentation/spi/service/contexts/OperationContext$$Lambda$1043
instanceKlass springfox/documentation/swagger/readers/operation/VendorExtensionsReader$$Lambda$1042
instanceKlass springfox/documentation/swagger/readers/operation/VendorExtensionsReader$$Lambda$1041
instanceKlass springfox/documentation/swagger/readers/operation/VendorExtensionsReader$$Lambda$1040
instanceKlass springfox/documentation/swagger/readers/operation/OperationImplicitParameterReader$$Lambda$1039
instanceKlass springfox/documentation/swagger/readers/operation/OperationImplicitParameterReader$$Lambda$1038
instanceKlass springfox/documentation/swagger/readers/operation/OperationImplicitParameterReader$$Lambda$1037
instanceKlass springfox/documentation/swagger/readers/operation/OperationImplicitParameterReader$$Lambda$1036
instanceKlass springfox/documentation/swagger/readers/operation/OperationImplicitParameterReader$$Lambda$1035
instanceKlass springfox/documentation/swagger/readers/operation/OperationImplicitParameterReader$$Lambda$1034
instanceKlass springfox/documentation/swagger/readers/operation/OperationImplicitParameterReader$$Lambda$1033
instanceKlass springfox/documentation/spring/web/readers/operation/OperationResponseClassReader$$Lambda$1032
instanceKlass springfox/documentation/spring/web/readers/operation/OperationParameterReader$$Lambda$1031
instanceKlass springfox/documentation/spring/web/readers/operation/OperationParameterReader$$Lambda$1030
instanceKlass springfox/documentation/spring/web/readers/operation/OperationParameterReader$$Lambda$1029
instanceKlass springfox/documentation/builders/RequestParameterMerger$$Lambda$1028
instanceKlass springfox/documentation/builders/RequestParameterMerger$$Lambda$1027
instanceKlass springfox/documentation/builders/RequestParameterMerger$$Lambda$1026
instanceKlass springfox/documentation/builders/RequestParameterMerger$$Lambda$1025
instanceKlass springfox/documentation/builders/RequestParameterMerger$$Lambda$1024
instanceKlass springfox/documentation/builders/RequestParameterMerger$$Lambda$1023
instanceKlass springfox/documentation/builders/RequestParameterMerger
instanceKlass springfox/documentation/spring/web/readers/operation/OperationParameterReader$$Lambda$1022
instanceKlass springfox/documentation/spring/web/readers/operation/OperationParameterReader$$Lambda$1021
instanceKlass springfox/documentation/spring/web/readers/operation/OperationParameterReader$$Lambda$1020
instanceKlass springfox/documentation/spring/web/readers/operation/OperationParameterReader$$Lambda$1019
instanceKlass springfox/documentation/builders/ParameterMerger$$Lambda$1018
instanceKlass springfox/documentation/builders/ParameterMerger$$Lambda$1017
instanceKlass springfox/documentation/builders/ParameterMerger$$Lambda$1016
instanceKlass springfox/documentation/builders/ParameterMerger$$Lambda$1015
instanceKlass springfox/documentation/builders/ParameterMerger$$Lambda$1014
instanceKlass springfox/documentation/builders/ParameterMerger
instanceKlass springfox/documentation/service/Representation$$Lambda$1013
instanceKlass springfox/documentation/builders/RepresentationBuilder$$Lambda$1012
instanceKlass springfox/documentation/builders/RepresentationBuilder$$Lambda$1011
instanceKlass springfox/documentation/builders/OperationBuilder$$Lambda$1010
instanceKlass springfox/documentation/builders/ModelSpecificationBuilder$$Lambda$1009
instanceKlass springfox/documentation/builders/ModelSpecificationBuilder$$Lambda$1008
instanceKlass springfox/documentation/builders/ModelSpecificationBuilder$$Lambda$1007
instanceKlass springfox/documentation/builders/ModelSpecificationBuilder$$Lambda$1006
instanceKlass springfox/documentation/builders/ModelSpecificationBuilder$$Lambda$1005
instanceKlass springfox/documentation/builders/ModelSpecificationBuilder$$Lambda$1004
instanceKlass springfox/documentation/builders/ReferenceModelSpecificationBuilder$$Lambda$1003
instanceKlass springfox/documentation/schema/property/ModelSpecificationFactory$$Lambda$1002
instanceKlass springfox/documentation/schema/property/ModelSpecificationFactory$$Lambda$1001
instanceKlass springfox/documentation/spring/web/readers/operation/ResponseMessagesReader$$Lambda$1000
instanceKlass springfox/documentation/builders/ResponseBuilder$$Lambda$999
instanceKlass springfox/documentation/spring/web/readers/operation/ResponseMessagesReader$$Lambda$998
instanceKlass springfox/documentation/builders/ResponseBuilder$$Lambda$997
instanceKlass springfox/documentation/spring/web/readers/operation/ResponseMessagesReader$$Lambda$996
instanceKlass springfox/documentation/spring/web/readers/operation/ResponseMessagesReader$$Lambda$995
instanceKlass springfox/documentation/builders/OperationBuilder$$Lambda$994
instanceKlass springfox/documentation/builders/OperationBuilder$$Lambda$993
instanceKlass springfox/documentation/builders/OperationBuilder
instanceKlass springfox/documentation/spring/web/OperationCachingEquivalence
instanceKlass springfox/documentation/spring/web/scanners/ApiListingScanner$$Lambda$992
instanceKlass springfox/documentation/spring/web/scanners/ModelSpecificationRegistryBuilder$$Lambda$991
instanceKlass springfox/documentation/spring/web/scanners/ModelSpecificationRegistryBuilder$$Lambda$990
instanceKlass springfox/documentation/schema/ModelSpecification$$Lambda$989
instanceKlass springfox/documentation/spring/web/scanners/ApiListingScanner$$Lambda$988
instanceKlass springfox/documentation/spring/web/scanners/ApiModelSpecificationReader$$Lambda$987
instanceKlass springfox/documentation/builders/CompoundModelSpecificationBuilder$$Lambda$986
instanceKlass springfox/documentation/builders/CompoundModelSpecificationBuilder$$Lambda$985
instanceKlass springfox/documentation/builders/CompoundModelSpecificationBuilder$$Lambda$984
instanceKlass springfox/documentation/builders/CompoundModelSpecificationBuilder$$Lambda$983
instanceKlass springfox/documentation/builders/CompoundModelSpecificationBuilder$$Lambda$982
instanceKlass springfox/documentation/builders/CompoundModelSpecificationBuilder$$Lambda$981
instanceKlass springfox/documentation/builders/CompoundModelSpecificationBuilder$$Lambda$980
instanceKlass springfox/documentation/schema/QualifiedModelName
instanceKlass springfox/documentation/schema/property/PackageNames
instanceKlass springfox/documentation/schema/DefaultModelSpecificationProvider$$Lambda$979
instanceKlass springfox/documentation/schema/DefaultModelSpecificationProvider$$Lambda$978
instanceKlass springfox/documentation/schema/DefaultModelSpecificationProvider$$Lambda$977
instanceKlass springfox/documentation/schema/DefaultModelSpecificationProvider$$Lambda$976
instanceKlass springfox/documentation/schema/property/OptimizedModelPropertiesProvider$$Lambda$975
instanceKlass springfox/documentation/builders/PropertySpecificationBuilder$$Lambda$974
instanceKlass springfox/documentation/builders/PropertySpecificationBuilder$$Lambda$973
instanceKlass springfox/documentation/builders/PropertySpecificationBuilder$$Lambda$972
instanceKlass springfox/documentation/schema/property/OptimizedModelPropertiesProvider$$Lambda$971
instanceKlass springfox/documentation/builders/ModelFacetsBuilder$$Lambda$970
instanceKlass springfox/documentation/builders/ModelFacetsBuilder$$Lambda$969
instanceKlass springfox/documentation/builders/ModelFacetsBuilder$$Lambda$968
instanceKlass springfox/documentation/builders/NoopValidator$$Lambda$967
instanceKlass springfox/documentation/builders/NoopValidator$$Lambda$966
instanceKlass springfox/documentation/builders/ValidationResult
instanceKlass springfox/documentation/builders/NoopValidator
instanceKlass springfox/documentation/builders/ModelSpecificationBuilder$$Lambda$965
instanceKlass springfox/documentation/builders/ElementFacets$$Lambda$964
instanceKlass springfox/documentation/builders/ElementFacets
instanceKlass springfox/documentation/schema/property/ModelSpecificationFactory$$Lambda$963
instanceKlass springfox/documentation/schema/property/ModelSpecificationFactory$$Lambda$962
instanceKlass springfox/documentation/schema/property/ModelSpecificationFactory$$Lambda$961
instanceKlass springfox/documentation/schema/property/ModelSpecificationFactory$$Lambda$960
instanceKlass springfox/documentation/schema/property/ModelSpecificationFactory$$Lambda$959
instanceKlass springfox/documentation/schema/property/MapSpecificationProvider
instanceKlass springfox/documentation/schema/property/CollectionSpecificationProvider
instanceKlass springfox/documentation/schema/property/OptimizedModelPropertiesProvider$$Lambda$958
instanceKlass springfox/documentation/schema/property/OptimizedModelPropertiesProvider$$Lambda$957
instanceKlass springfox/documentation/schema/property/OptimizedModelPropertiesProvider$$Lambda$956
instanceKlass springfox/documentation/schema/plugins/SchemaPluginsManager$$Lambda$955
instanceKlass springfox/documentation/schema/plugins/SchemaPluginsManager$$Lambda$954
instanceKlass springfox/documentation/schema/ScalarTypes
instanceKlass springfox/documentation/spi/service/contexts/OperationModelContextsBuilder$$Lambda$953
instanceKlass springfox/documentation/spi/service/contexts/OperationModelContextsBuilder$$Lambda$952
instanceKlass springfox/documentation/spring/web/scanners/ApiModelReader$$Lambda$951
instanceKlass springfox/documentation/spring/web/scanners/ApiModelReader$$Lambda$950
instanceKlass springfox/documentation/spring/web/scanners/ApiModelReader$$Lambda$949
instanceKlass springfox/documentation/spring/web/scanners/ApiModelReader$$Lambda$948
instanceKlass springfox/documentation/spring/web/scanners/ApiModelReader$$Lambda$947
instanceKlass springfox/documentation/spring/web/scanners/ApiModelReader$$Lambda$946
instanceKlass springfox/documentation/spring/web/scanners/ApiModelReader$$Lambda$945
instanceKlass springfox/documentation/spring/web/scanners/ApiModelReader$$Lambda$944
instanceKlass springfox/documentation/spring/web/scanners/ApiModelReader$$Lambda$943
instanceKlass springfox/documentation/spring/web/scanners/ApiModelReader$$Lambda$942
instanceKlass springfox/documentation/spring/web/scanners/ApiModelReader$$Lambda$941
instanceKlass springfox/documentation/spring/web/scanners/ApiModelReader$$Lambda$940
instanceKlass java/util/stream/StreamSpliterators$WrappingSpliterator$$Lambda$939
instanceKlass springfox/documentation/schema/plugins/SchemaPluginsManager$$Lambda$938
instanceKlass springfox/documentation/schema/plugins/SchemaPluginsManager$$Lambda$937
instanceKlass springfox/documentation/schema/DefaultModelDependencyProvider$$Lambda$936
instanceKlass springfox/documentation/schema/DefaultModelDependencyProvider$$Lambda$935
instanceKlass springfox/documentation/schema/DefaultModelDependencyProvider$$Lambda$934
instanceKlass com/fasterxml/jackson/annotation/JsonSubTypes
instanceKlass org/springframework/plugin/core/SimplePluginRegistry$$Lambda$933
instanceKlass springfox/documentation/schema/DefaultModelProvider$$Lambda$932
instanceKlass springfox/documentation/schema/property/OptimizedModelPropertiesProvider$$Lambda$931
instanceKlass springfox/documentation/schema/ModelRef
instanceKlass springfox/documentation/schema/ModelReferenceProvider$$Lambda$930
instanceKlass springfox/documentation/schema/ModelReferenceProvider
instanceKlass springfox/documentation/schema/property/XmlPropertyPlugin$$Lambda$929
instanceKlass springfox/documentation/schema/property/XmlPropertyPlugin$$Lambda$928
instanceKlass springfox/documentation/swagger/schema/OpenApiSchemaPropertyBuilder$$Lambda$927
instanceKlass springfox/documentation/swagger/schema/OpenApiSchemaPropertyBuilder$$Lambda$926
instanceKlass springfox/documentation/schema/Annotations$$Lambda$925
instanceKlass springfox/documentation/schema/Annotations$$Lambda$924
instanceKlass springfox/documentation/swagger/schema/ApiModelPropertyPropertyBuilder$$Lambda$923
instanceKlass javax/validation/constraints/Pattern
instanceKlass springfox/bean/validators/plugins/schema/NotBlankAnnotationPlugin$$Lambda$922
instanceKlass javax/validation/constraints/NotBlank
instanceKlass springfox/bean/validators/plugins/schema/NotNullAnnotationPlugin$$Lambda$921
instanceKlass javax/validation/constraints/NotNull
instanceKlass springfox/bean/validators/plugins/schema/IsNullAnnotationPlugin$$Lambda$920
instanceKlass javax/validation/constraints/Null
instanceKlass springfox/bean/validators/plugins/schema/SizeAnnotationPlugin$$Lambda$919
instanceKlass springfox/bean/validators/plugins/schema/SizeAnnotationPlugin$$Lambda$918
instanceKlass springfox/bean/validators/plugins/schema/DecimalMinMaxAnnotationPlugin$$Lambda$917
instanceKlass javax/validation/constraints/DecimalMax
instanceKlass springfox/bean/validators/plugins/Validators$$Lambda$916
instanceKlass javax/validation/constraints/DecimalMin
instanceKlass springfox/bean/validators/plugins/schema/MinMaxAnnotationPlugin$$Lambda$915
instanceKlass springfox/bean/validators/plugins/schema/MinMaxAnnotationPlugin$$Lambda$914
instanceKlass springfox/bean/validators/plugins/schema/MinMaxAnnotationPlugin$$Lambda$913
instanceKlass springfox/bean/validators/plugins/RangeAnnotations
instanceKlass springfox/bean/validators/plugins/schema/MinMaxAnnotationPlugin$$Lambda$912
instanceKlass javax/validation/constraints/Max
instanceKlass springfox/bean/validators/plugins/Validators$$Lambda$911
instanceKlass springfox/bean/validators/plugins/schema/MinMaxAnnotationPlugin$$Lambda$910
instanceKlass org/springframework/core/annotation/AnnotationUtils$$Lambda$909
instanceKlass springfox/bean/validators/plugins/Validators$$Lambda$908
instanceKlass springfox/bean/validators/plugins/Validators$$Lambda$907
instanceKlass springfox/bean/validators/plugins/Validators
instanceKlass javax/validation/constraints/Min
instanceKlass springfox/documentation/schema/Enums
instanceKlass springfox/documentation/builders/ModelPropertyBuilder
instanceKlass springfox/documentation/schema/property/BeanPropertyDefinitions$2
instanceKlass springfox/documentation/schema/Annotations
instanceKlass springfox/documentation/schema/property/OptimizedModelPropertiesProvider$$Lambda$906
instanceKlass springfox/documentation/schema/property/SimpleMethodSignatureEquality
instanceKlass springfox/documentation/schema/property/OptimizedModelPropertiesProvider$$Lambda$905
instanceKlass springfox/documentation/schema/property/bean/Accessors
instanceKlass springfox/documentation/schema/property/bean/AccessorsProvider$$Lambda$904
instanceKlass springfox/documentation/schema/property/bean/AccessorsProvider$$Lambda$903
instanceKlass java/lang/invoke/LambdaForm$MH
instanceKlass springfox/documentation/schema/property/OptimizedModelPropertiesProvider$$Lambda$902
instanceKlass java/lang/invoke/LambdaForm$DMH
instanceKlass springfox/documentation/schema/property/BeanPropertyDefinitions$1
instanceKlass springfox/documentation/schema/property/BeanPropertyDefinitions
instanceKlass com/fasterxml/jackson/databind/PropertyMetadata
instanceKlass com/fasterxml/jackson/annotation/JsonPropertyDescription
instanceKlass com/fasterxml/jackson/annotation/JsonPropertyOrder
instanceKlass com/fasterxml/jackson/databind/annotation/JsonNaming
instanceKlass com/fasterxml/jackson/annotation/JacksonInject
instanceKlass com/fasterxml/jackson/databind/introspect/POJOPropertyBuilder$6
instanceKlass com/fasterxml/jackson/databind/introspect/POJOPropertyBuilder$5
instanceKlass com/fasterxml/jackson/databind/introspect/MethodGenericTypeResolver
instanceKlass com/fasterxml/jackson/annotation/JsonSetter
instanceKlass com/fasterxml/jackson/databind/introspect/AnnotatedMethodMap
instanceKlass com/fasterxml/jackson/databind/introspect/AnnotatedMethodCollector$MethodBuilder
instanceKlass com/fasterxml/jackson/databind/introspect/MemberKey
instanceKlass com/fasterxml/jackson/databind/introspect/POJOPropertyBuilder$Linked
instanceKlass com/fasterxml/jackson/databind/AnnotationIntrospector$ReferenceProperty
instanceKlass com/fasterxml/jackson/databind/introspect/POJOPropertyBuilder$WithMember
instanceKlass com/fasterxml/jackson/annotation/JsonIgnore
instanceKlass com/fasterxml/jackson/annotation/JsonAutoDetect$1
instanceKlass com/fasterxml/jackson/annotation/JsonGetter
instanceKlass com/fasterxml/jackson/annotation/JsonAnySetter
instanceKlass com/fasterxml/jackson/annotation/JsonAnyGetter
instanceKlass com/fasterxml/jackson/annotation/JsonKey
instanceKlass com/fasterxml/jackson/databind/introspect/AnnotatedFieldCollector$FieldBuilder
instanceKlass com/fasterxml/jackson/databind/introspect/TypeResolutionContext$Basic
instanceKlass com/fasterxml/jackson/databind/introspect/AnnotationMap
instanceKlass com/fasterxml/jackson/databind/introspect/CollectorBase
instanceKlass com/fasterxml/jackson/annotation/JsonIdentityInfo
instanceKlass com/fasterxml/jackson/annotation/JsonAutoDetect
instanceKlass com/fasterxml/jackson/databind/introspect/POJOPropertiesCollector
instanceKlass com/fasterxml/jackson/databind/type/ClassStack
instanceKlass springfox/documentation/schema/property/OptimizedModelPropertiesProvider$$Lambda$901
instanceKlass springfox/documentation/schema/plugins/SchemaPluginsManager$$Lambda$900
instanceKlass springfox/documentation/schema/plugins/SchemaPluginsManager$$Lambda$899
instanceKlass springfox/documentation/schema/plugins/SchemaPluginsManager$$Lambda$898
instanceKlass springfox/documentation/schema/Types$$Lambda$897
instanceKlass springfox/documentation/schema/Types$$Lambda$896
instanceKlass org/springframework/http/codec/multipart/FilePart
instanceKlass org/springframework/http/codec/multipart/Part
instanceKlass springfox/documentation/schema/Types
instanceKlass springfox/documentation/schema/Maps
instanceKlass springfox/documentation/schema/Collections
instanceKlass springfox/documentation/spi/service/contexts/OperationModelContextsBuilder$$Lambda$895
instanceKlass springfox/documentation/spi/service/contexts/OperationModelContextsBuilder$$Lambda$894
instanceKlass springfox/documentation/spi/service/contexts/OperationModelContextsBuilder$$Lambda$893
instanceKlass springfox/documentation/spi/service/contexts/OperationModelContextsBuilder$$Lambda$892
instanceKlass springfox/documentation/spi/service/contexts/RequestMappingContext$$Lambda$891
instanceKlass springfox/documentation/spi/service/contexts/RequestMappingContext$$Lambda$890
instanceKlass springfox/documentation/swagger/annotations/Annotations$$Lambda$889
instanceKlass springfox/documentation/swagger/annotations/Annotations
instanceKlass springfox/documentation/spi/service/contexts/RequestMappingContext$$Lambda$888
instanceKlass springfox/documentation/builders/ModelSpecificationBuilder$$Lambda$887
instanceKlass springfox/documentation/builders/Validator
instanceKlass springfox/documentation/builders/ModelBuilder
instanceKlass springfox/documentation/schema/plugins/SchemaPluginsManager$$Lambda$886
instanceKlass org/springframework/plugin/core/SimplePluginRegistry$$Lambda$885
instanceKlass springfox/documentation/schema/ResolvedTypes$$Lambda$884
instanceKlass springfox/documentation/schema/ResolvedTypes
instanceKlass springfox/documentation/schema/WildcardType$$Lambda$883
instanceKlass springfox/documentation/spi/schema/AlternateTypeProvider$$Lambda$882
instanceKlass springfox/documentation/spring/web/readers/operation/HandlerMethodResolver$$Lambda$881
instanceKlass springfox/documentation/swagger/common/SwaggerPluginSupport
instanceKlass springfox/documentation/schema/TypeNameIndexingAdapter
instanceKlass springfox/documentation/spi/service/contexts/Orderings$$Lambda$880
instanceKlass springfox/documentation/spi/service/contexts/ModelSpecificationRegistry
instanceKlass springfox/documentation/spring/web/scanners/ModelSpecificationRegistryBuilder
instanceKlass springfox/documentation/spi/service/contexts/Orderings$$Lambda$879
instanceKlass springfox/documentation/spi/service/contexts/Orderings$$Lambda$878
instanceKlass java/util/stream/Streams$2
instanceKlass java/util/stream/Streams
instanceKlass java/util/stream/Streams$ConcatSpliterator
instanceKlass springfox/documentation/spring/web/scanners/ResourceGroups$$Lambda$877
instanceKlass springfox/documentation/spring/web/scanners/ResourceGroups
instanceKlass springfox/documentation/builders/ApiDescriptionBuilder
instanceKlass springfox/documentation/spi/service/contexts/OperationModelContextsBuilder
instanceKlass springfox/documentation/spring/web/ControllerNamingUtils
instanceKlass springfox/documentation/service/ResourceGroup
instanceKlass springfox/documentation/builders/RequestHandlerSelectors$$Lambda$876
instanceKlass springfox/documentation/builders/RequestHandlerSelectors$$Lambda$875
instanceKlass springfox/documentation/spi/service/contexts/DocumentationContextBuilder$$Lambda$874
instanceKlass springfox/documentation/spring/web/plugins/DocumentationPluginsManager$$Lambda$873
instanceKlass org/springframework/plugin/core/SimplePluginRegistry$$Lambda$872
instanceKlass com/sky/vo/EmployeeLoginVO
instanceKlass springfox/documentation/spi/service/contexts/Orderings$$Lambda$871
instanceKlass springfox/documentation/spring/web/plugins/DefaultRequestHandlerCombiner$$Lambda$870
instanceKlass springfox/documentation/spring/web/plugins/DefaultRequestHandlerCombiner$$Lambda$869
instanceKlass springfox/documentation/spring/web/plugins/PathAndParametersEquivalence$$Lambda$868
instanceKlass springfox/documentation/spring/web/plugins/ResolvedMethodParameterEquivalence$Wrapper
instanceKlass springfox/documentation/spring/web/readers/operation/HandlerMethodResolver$$Lambda$867
instanceKlass springfox/documentation/spring/web/readers/operation/HandlerMethodResolver$$Lambda$866
instanceKlass springfox/documentation/spring/web/readers/operation/HandlerMethodResolver$$Lambda$865
instanceKlass com/fasterxml/classmate/Annotations
instanceKlass com/fasterxml/classmate/util/MethodKey
instanceKlass com/fasterxml/classmate/ResolvedTypeWithMembers$AnnotationHandler
instanceKlass com/fasterxml/classmate/AnnotationConfiguration
instanceKlass com/fasterxml/classmate/ResolvedTypeWithMembers
instanceKlass com/fasterxml/classmate/members/HierarchicType
instanceKlass springfox/documentation/spring/web/WebMvcNameValueExpressionWrapper$$Lambda$864
instanceKlass org/springframework/web/servlet/mvc/condition/NameValueExpression
instanceKlass springfox/documentation/spring/web/WebMvcNameValueExpressionWrapper
instanceKlass springfox/documentation/spring/web/plugins/DefaultRequestHandlerCombiner$$Lambda$863
instanceKlass springfox/documentation/spring/web/plugins/DefaultRequestHandlerCombiner$$Lambda$862
instanceKlass springfox/documentation/spring/web/plugins/PathAndParametersEquivalence$Wrapper
instanceKlass org/springframework/util/MimeType$$Lambda$861
instanceKlass springfox/documentation/spring/web/plugins/ResolvedMethodParameterEquivalence
instanceKlass springfox/documentation/spring/web/plugins/PathAndParametersEquivalence
instanceKlass springfox/documentation/spring/web/plugins/DefaultRequestHandlerCombiner
instanceKlass springfox/documentation/spi/service/contexts/Defaults$$Lambda$860
instanceKlass springfox/documentation/schema/WildcardType
instanceKlass springfox/documentation/schema/AlternateTypeRules
instanceKlass com/fasterxml/classmate/util/ResolvedTypeKey
instanceKlass springfox/documentation/service/Tags$$Lambda$859
instanceKlass springfox/documentation/service/Tags$$Lambda$858
instanceKlass springfox/documentation/service/Tags
instanceKlass springfox/documentation/spring/web/plugins/AbstractDocumentationPluginsBootstrapper$$Lambda$857
instanceKlass springfox/documentation/spring/web/plugins/AbstractDocumentationPluginsBootstrapper$$Lambda$856
instanceKlass springfox/documentation/RequestHandler$$Lambda$855
instanceKlass springfox/documentation/spring/web/paths/Paths
instanceKlass springfox/documentation/spring/web/WebMvcPatternsRequestConditionWrapper$$Lambda$854
instanceKlass springfox/documentation/spring/web/WebMvcPatternsRequestConditionWrapper
instanceKlass springfox/documentation/spring/wrapper/RequestMappingInfo
instanceKlass springfox/documentation/spring/web/WebMvcRequestHandler
instanceKlass java/util/Collections$UnmodifiableMap$UnmodifiableEntrySet$$Lambda$853
instanceKlass java/util/Collections$UnmodifiableMap$UnmodifiableEntrySet$UnmodifiableEntrySetSpliterator
instanceKlass springfox/documentation/spi/service/contexts/Orderings$$Lambda$852
instanceKlass springfox/documentation/spring/web/plugins/WebMvcRequestHandlerProvider$$Lambda$851
instanceKlass springfox/documentation/spring/web/plugins/WebMvcRequestHandlerProvider$$Lambda$850
instanceKlass springfox/documentation/spring/web/plugins/WebMvcRequestHandlerProvider$$Lambda$849
instanceKlass springfox/documentation/spring/web/plugins/WebMvcRequestHandlerProvider$$Lambda$848
instanceKlass springfox/documentation/spring/web/plugins/AbstractDocumentationPluginsBootstrapper$$Lambda$847
instanceKlass springfox/documentation/spring/web/plugins/AbstractDocumentationPluginsBootstrapper$$Lambda$846
instanceKlass springfox/documentation/spi/service/contexts/Orderings$$Lambda$845
instanceKlass springfox/documentation/spi/service/contexts/Orderings$$Lambda$844
instanceKlass java/util/stream/Collectors$$Lambda$843
instanceKlass java/util/stream/Collectors$$Lambda$842
instanceKlass java/util/stream/Collectors$$Lambda$841
instanceKlass java/util/stream/Collectors$$Lambda$840
instanceKlass org/springframework/boot/web/embedded/tomcat/TomcatWebServer$$Lambda$839
instanceKlass org/springframework/boot/web/embedded/tomcat/TomcatWebServer$$Lambda$838
instanceKlass org/springframework/boot/web/embedded/tomcat/TomcatWebServer$$Lambda$837
instanceKlass org/springframework/boot/web/embedded/tomcat/TomcatEmbeddedContext$$Lambda$836
instanceKlass org/springframework/boot/web/embedded/tomcat/TomcatEmbeddedContext$$Lambda$835
instanceKlass java/util/TreeMap$TreeMapSpliterator
instanceKlass org/springframework/boot/web/embedded/tomcat/TomcatEmbeddedContext$$Lambda$833
instanceKlass org/apache/coyote/AbstractProtocol$$Lambda$834
instanceKlass org/apache/coyote/AbstractProtocol$$Lambda$832
instanceKlass org/apache/tomcat/util/net/Acceptor
instanceKlass java/nio/channels/spi/AbstractSelector$1
instanceKlass sun/nio/ch/OptionKey
instanceKlass sun/nio/ch/SocketOptionRegistry$LazyInitialization
instanceKlass sun/nio/ch/SocketOptionRegistry$RegistryKey
instanceKlass sun/nio/ch/SocketOptionRegistry
instanceKlass jdk/net/SocketFlow
instanceKlass sun/net/ExtendedOptionsImpl$$Lambda$831
instanceKlass sun/net/ExtendedOptionsImpl
instanceKlass sun/nio/ch/ExtendedSocketOption$1
instanceKlass sun/nio/ch/ExtendedSocketOption
instanceKlass sun/nio/ch/SocketChannelImpl$DefaultOptionsHolder
instanceKlass java/net/StandardSocketOptions$StdSocketOption
instanceKlass java/net/SocketOption
instanceKlass java/net/StandardSocketOptions
instanceKlass java/net/Socket
instanceKlass sun/net/util/IPAddressUtil
instanceKlass sun/nio/ch/PipeImpl$Initializer$LoopbackConnector
instanceKlass sun/nio/ch/PipeImpl$Initializer
instanceKlass java/nio/channels/Pipe
instanceKlass sun/nio/ch/NativeObject
instanceKlass sun/nio/ch/PollArrayWrapper
instanceKlass sun/nio/ch/WindowsSelectorImpl$FinishLock
instanceKlass sun/nio/ch/WindowsSelectorImpl$StartLock
instanceKlass sun/nio/ch/WindowsSelectorImpl$SubSelector
instanceKlass java/nio/channels/SelectionKey
instanceKlass sun/nio/ch/Util$2
instanceKlass java/nio/channels/Selector
instanceKlass org/apache/tomcat/util/collections/SynchronizedQueue
instanceKlass org/apache/tomcat/util/net/NioEndpoint$Poller
instanceKlass org/apache/tomcat/util/threads/ThreadPoolExecutor$RejectPolicy
instanceKlass org/apache/tomcat/util/threads/ThreadPoolExecutor$RejectedExecutionHandler
instanceKlass sun/net/NetHooks
instanceKlass sun/misc/FloatingDecimal$ASCIIToBinaryBuffer
instanceKlass java/net/PlainSocketImpl$1
instanceKlass java/net/AbstractPlainSocketImpl$1
instanceKlass java/net/SocketImpl
instanceKlass java/net/SocketOptions
instanceKlass java/net/SocksConsts
instanceKlass java/net/ServerSocket
instanceKlass sun/nio/ch/Net$3
instanceKlass sun/nio/ch/Net$4
instanceKlass sun/nio/ch/Net$1
instanceKlass java/net/ProtocolFamily
instanceKlass sun/nio/ch/Net
instanceKlass java/net/InetSocketAddress$InetSocketAddressHolder
instanceKlass sun/nio/ch/SelChImpl
instanceKlass sun/nio/ch/DefaultSelectorProvider
instanceKlass java/nio/channels/spi/SelectorProvider$1
instanceKlass java/nio/channels/spi/SelectorProvider
instanceKlass org/springframework/context/support/DefaultLifecycleProcessor$$Lambda$830
instanceKlass java/lang/invoke/LambdaForm$DMH
instanceKlass org/springframework/context/support/DefaultLifecycleProcessor$LifecycleGroupMember
instanceKlass java/lang/invoke/LambdaForm$MH
instanceKlass java/lang/invoke/LambdaForm$DMH
instanceKlass java/lang/invoke/LambdaForm$DMH
instanceKlass org/springframework/context/support/DefaultLifecycleProcessor$$Lambda$829
instanceKlass java/lang/invoke/LambdaForm$DMH
instanceKlass java/lang/invoke/LambdaForm$MH
instanceKlass java/lang/invoke/LambdaForm$DMH
instanceKlass java/lang/invoke/LambdaForm$DMH
instanceKlass org/springframework/context/support/DefaultLifecycleProcessor$$Lambda$828
instanceKlass java/lang/invoke/LambdaForm$DMH
instanceKlass javax/servlet/descriptor/JspConfigDescriptor
instanceKlass org/springframework/context/event/EventListenerMethodProcessor$$Lambda$827
instanceKlass org/springframework/context/event/EventListener
instanceKlass org/springframework/aop/scope/ScopedObject
instanceKlass org/springframework/aop/RawTargetAccess
instanceKlass springfox/documentation/swagger2/web/SwaggerTransformationContext
instanceKlass org/springframework/web/util/UriComponents
instanceKlass springfox/documentation/swagger2/web/WebMvcBasePathAndHostnameTransformationFilter
instanceKlass javax/validation/constraints/Size
instanceKlass springfox/documentation/service/AllowableRangeValues
instanceKlass springfox/documentation/builders/StringElementFacetBuilder
instanceKlass springfox/documentation/oas/web/OpenApiTransformationContext
instanceKlass springfox/documentation/oas/web/WebMvcBasePathAndHostnameTransformationFilter
instanceKlass org/springframework/web/multipart/MultipartHttpServletRequest
instanceKlass org/springframework/web/multipart/MultipartRequest
instanceKlass org/springframework/transaction/support/TransactionCallback
instanceKlass org/springframework/boot/autoconfigure/transaction/TransactionAutoConfiguration$EnableTransactionManagementConfiguration
instanceKlass org/springframework/transaction/support/AbstractPlatformTransactionManager$SuspendedResourcesHolder
instanceKlass org/springframework/transaction/support/AbstractTransactionStatus
instanceKlass org/springframework/boot/autoconfigure/transaction/TransactionManagerCustomizers$$Lambda$826
instanceKlass org/springframework/boot/convert/DurationUnit
instanceKlass org/springframework/boot/autoconfigure/jdbc/DataSourceTransactionManagerAutoConfiguration$JdbcTransactionManagerConfiguration$$Lambda$825
instanceKlass org/springframework/boot/task/TaskSchedulerBuilder$$Lambda$824
instanceKlass org/springframework/boot/task/TaskSchedulerCustomizer
instanceKlass org/springframework/boot/autoconfigure/task/ScheduledBeanLazyInitializationExcludeFilter
instanceKlass org/springframework/scheduling/annotation/SchedulingConfigurer
instanceKlass org/springframework/jdbc/core/PreparedStatementCreatorFactory
instanceKlass org/springframework/jdbc/core/namedparam/NamedParameterJdbcTemplate$$Lambda$823
instanceKlass org/springframework/jdbc/core/namedparam/ParsedSql
instanceKlass org/springframework/jdbc/core/namedparam/NamedParameterUtils
instanceKlass org/springframework/jdbc/core/namedparam/SqlParameterSource
instanceKlass org/springframework/jdbc/support/rowset/SqlRowSet
instanceKlass org/springframework/jdbc/core/ParameterizedPreparedStatementSetter
instanceKlass java/sql/CallableStatement
instanceKlass java/sql/PreparedStatement
instanceKlass org/springframework/jdbc/core/RowCallbackHandler
instanceKlass org/springframework/jdbc/core/CallableStatementCallback
instanceKlass org/springframework/jdbc/support/KeyHolder
instanceKlass org/springframework/jdbc/core/BatchPreparedStatementSetter
instanceKlass org/springframework/jdbc/core/PreparedStatementSetter
instanceKlass org/springframework/jdbc/core/RowMapper
instanceKlass org/springframework/jdbc/core/SqlParameter
instanceKlass org/springframework/jdbc/core/ResultSetExtractor
instanceKlass org/springframework/jdbc/core/PreparedStatementCallback
instanceKlass org/springframework/jdbc/core/CallableStatementCreator
instanceKlass org/springframework/jdbc/core/PreparedStatementCreator
instanceKlass org/springframework/jdbc/core/StatementCallback
instanceKlass org/springframework/boot/sql/init/AbstractScriptDatabaseInitializer$ScriptLocationResolver$$Lambda$822
instanceKlass org/springframework/boot/sql/init/AbstractScriptDatabaseInitializer$ScriptLocationResolver
instanceKlass org/springframework/jdbc/datasource/init/ResourceDatabasePopulator
instanceKlass org/springframework/boot/sql/init/DatabaseInitializationSettings
instanceKlass org/springframework/boot/autoconfigure/sql/init/SettingsCreator
instanceKlass org/springframework/boot/info/InfoProperties
instanceKlass org/springframework/data/web/PageableDefault
instanceKlass org/springframework/data/web/config/SpringDataWebConfiguration$$Lambda$821
instanceKlass org/springframework/boot/autoconfigure/data/web/SpringDataWebAutoConfiguration$$Lambda$820
instanceKlass org/springframework/data/web/config/SpringDataWebConfiguration$$Lambda$819
instanceKlass org/springframework/beans/factory/config/NamedBeanHolder
instanceKlass org/springframework/beans/factory/NamedBean
instanceKlass org/springframework/boot/autoconfigure/data/web/SpringDataWebAutoConfiguration$$Lambda$818
instanceKlass org/springframework/data/web/SortDefault
instanceKlass org/springframework/data/web/SortDefault$SortDefaults
instanceKlass org/springframework/data/domain/Sort$Order
instanceKlass org/springframework/data/domain/AbstractPageRequest
instanceKlass org/springframework/data/web/config/SpringDataWebConfiguration$$Lambda$817
instanceKlass org/springframework/data/web/config/SpringDataWebConfiguration$$Lambda$816
instanceKlass org/springframework/data/web/config/SpringDataWebConfiguration$$Lambda$815
instanceKlass org/springframework/data/web/config/SpringDataWebConfiguration$$Lambda$814
instanceKlass org/springframework/boot/autoconfigure/http/JacksonHttpMessageConvertersConfiguration$MappingJackson2XmlHttpMessageConverterConfiguration
instanceKlass org/springframework/boot/context/properties/bind/Binder$$Lambda$813
instanceKlass com/google/gson/internal/bind/ReflectiveTypeAdapterFactory$BoundField
instanceKlass com/google/gson/internal/bind/ReflectiveTypeAdapterFactory
instanceKlass com/google/gson/internal/bind/JsonAdapterAnnotationTypeAdapterFactory
instanceKlass com/google/gson/internal/bind/MapTypeAdapterFactory
instanceKlass com/google/gson/internal/bind/CollectionTypeAdapterFactory
instanceKlass com/google/gson/internal/bind/ArrayTypeAdapter$1
instanceKlass com/google/gson/internal/bind/DateTypeAdapter$1
instanceKlass com/google/gson/internal/bind/NumberTypeAdapter$1
instanceKlass com/google/gson/internal/bind/ObjectTypeAdapter$1
instanceKlass com/google/gson/internal/bind/TypeAdapters$29
instanceKlass com/google/gson/internal/bind/TypeAdapters$33
instanceKlass com/google/gson/internal/bind/TypeAdapters$34
instanceKlass java/util/concurrent/atomic/AtomicIntegerArray
instanceKlass com/google/gson/internal/bind/TypeAdapters$32
instanceKlass com/google/gson/internal/bind/TypeAdapters$31
instanceKlass com/google/gson/internal/bind/TypeAdapters
instanceKlass com/google/gson/internal/ObjectConstructor
instanceKlass com/google/gson/internal/ConstructorConstructor
instanceKlass com/google/gson/internal/sql/SqlTimestampTypeAdapter$1
instanceKlass com/google/gson/internal/sql/SqlTimeTypeAdapter$1
instanceKlass com/google/gson/internal/sql/SqlDateTypeAdapter$1
instanceKlass com/google/gson/internal/bind/DefaultDateTypeAdapter$DateType
instanceKlass com/google/gson/internal/sql/SqlTypesSupport
instanceKlass com/google/gson/ReflectionAccessFilter
instanceKlass com/google/gson/ExclusionStrategy
instanceKlass org/springframework/boot/autoconfigure/gson/GsonAutoConfiguration$StandardGsonBuilderCustomizer$$Lambda$812
instanceKlass org/springframework/boot/autoconfigure/gson/GsonAutoConfiguration$StandardGsonBuilderCustomizer$$Lambda$811
instanceKlass org/springframework/boot/autoconfigure/gson/GsonAutoConfiguration$StandardGsonBuilderCustomizer$$Lambda$810
instanceKlass org/springframework/boot/autoconfigure/gson/GsonAutoConfiguration$StandardGsonBuilderCustomizer$$Lambda$809
instanceKlass org/springframework/boot/autoconfigure/gson/GsonAutoConfiguration$StandardGsonBuilderCustomizer$$Lambda$808
instanceKlass org/springframework/boot/autoconfigure/gson/GsonAutoConfiguration$StandardGsonBuilderCustomizer$$Lambda$807
instanceKlass org/springframework/boot/autoconfigure/gson/GsonAutoConfiguration$StandardGsonBuilderCustomizer$$Lambda$806
instanceKlass org/springframework/boot/autoconfigure/gson/GsonAutoConfiguration$StandardGsonBuilderCustomizer$$Lambda$805
instanceKlass org/springframework/boot/autoconfigure/gson/GsonAutoConfiguration$StandardGsonBuilderCustomizer$$Lambda$804
instanceKlass org/springframework/boot/autoconfigure/gson/GsonAutoConfiguration$StandardGsonBuilderCustomizer$$Lambda$803
instanceKlass org/springframework/boot/autoconfigure/gson/GsonAutoConfiguration$StandardGsonBuilderCustomizer$$Lambda$802
instanceKlass org/springframework/boot/autoconfigure/gson/GsonAutoConfiguration$StandardGsonBuilderCustomizer$$Lambda$801
instanceKlass org/springframework/boot/autoconfigure/gson/GsonAutoConfiguration$StandardGsonBuilderCustomizer$$Lambda$800
instanceKlass org/springframework/boot/autoconfigure/gson/GsonAutoConfiguration$StandardGsonBuilderCustomizer$$Lambda$799
instanceKlass org/springframework/boot/autoconfigure/gson/GsonAutoConfiguration$StandardGsonBuilderCustomizer$$Lambda$798
instanceKlass org/springframework/boot/autoconfigure/gson/GsonAutoConfiguration$StandardGsonBuilderCustomizer$$Lambda$797
instanceKlass org/springframework/boot/autoconfigure/gson/GsonAutoConfiguration$StandardGsonBuilderCustomizer$$Lambda$796
instanceKlass org/springframework/boot/context/properties/PropertyMapper$Source$$Lambda$795
instanceKlass org/springframework/boot/autoconfigure/gson/GsonAutoConfiguration$StandardGsonBuilderCustomizer$$Lambda$794
instanceKlass org/springframework/boot/autoconfigure/gson/GsonAutoConfiguration$StandardGsonBuilderCustomizer$$Lambda$793
instanceKlass org/springframework/boot/autoconfigure/gson/GsonAutoConfiguration$StandardGsonBuilderCustomizer$$Lambda$792
instanceKlass org/springframework/boot/autoconfigure/gson/GsonAutoConfiguration$StandardGsonBuilderCustomizer$$Lambda$791
instanceKlass org/springframework/boot/autoconfigure/gson/GsonAutoConfiguration$StandardGsonBuilderCustomizer$$Lambda$790
instanceKlass org/springframework/boot/autoconfigure/gson/GsonAutoConfiguration$$Lambda$789
instanceKlass com/google/gson/internal/$Gson$Types
instanceKlass com/google/gson/internal/$Gson$Preconditions
instanceKlass com/google/gson/reflect/TypeToken
instanceKlass com/google/gson/stream/JsonReader
instanceKlass com/google/gson/stream/JsonWriter
instanceKlass com/google/gson/ToNumberStrategy
instanceKlass com/google/gson/JsonElement
instanceKlass com/google/gson/TypeAdapter
instanceKlass com/google/gson/internal/Excluder
instanceKlass com/google/gson/TypeAdapterFactory
instanceKlass org/springframework/data/keyvalue/core/KeyValuePersistenceExceptionTranslator
instanceKlass org/springframework/data/domain/Sort
instanceKlass org/springframework/util/backoff/FixedBackOff$FixedBackOffExecution
instanceKlass org/springframework/data/redis/listener/SynchronizingMessageListener
instanceKlass org/springframework/data/redis/connection/SubscriptionListener$1
instanceKlass org/springframework/data/redis/listener/RedisMessageListenerContainer$DispatchMessageListener
instanceKlass org/springframework/data/redis/connection/MessageListener
instanceKlass org/springframework/data/redis/connection/SubscriptionListener
instanceKlass org/springframework/data/redis/connection/ConnectionUtils
instanceKlass java/util/concurrent/CompletableFuture$AsynchronousCompletionTask
instanceKlass java/util/concurrent/ForkJoinPool$1
instanceKlass java/util/concurrent/ForkJoinPool$DefaultForkJoinWorkerThreadFactory
instanceKlass java/util/concurrent/ForkJoinTask
instanceKlass java/util/concurrent/ForkJoinPool$WorkQueue
instanceKlass java/util/concurrent/ForkJoinPool$ForkJoinWorkerThreadFactory
instanceKlass java/util/concurrent/CompletableFuture$AltResult
instanceKlass org/springframework/util/backoff/BackOffExecution
instanceKlass org/springframework/util/backoff/FixedBackOff
instanceKlass org/springframework/data/redis/listener/RedisMessageListenerContainer$State
instanceKlass org/springframework/data/redis/listener/RedisMessageListenerContainer$Subscriber
instanceKlass org/springframework/util/backoff/BackOff
instanceKlass org/springframework/data/keyvalue/core/SpelSortAccessor
instanceKlass org/springframework/data/redis/core/RedisQueryEngine$RedisCriteriaAccessor
instanceKlass org/springframework/data/keyvalue/core/CriteriaAccessor
instanceKlass org/springframework/data/keyvalue/core/SortAccessor
instanceKlass org/springframework/data/keyvalue/core/query/KeyValueQuery
instanceKlass org/springframework/data/redis/core/convert/IndexedDataFactoryProvider$IndexedDataFactory
instanceKlass org/springframework/data/redis/core/convert/IndexedDataFactoryProvider
instanceKlass org/springframework/data/redis/domain/geo/GeoLocation
instanceKlass org/springframework/data/mapping/PropertyHandler
instanceKlass org/springframework/data/redis/core/convert/IndexedData
instanceKlass org/springframework/data/redis/core/convert/PathIndexResolver
instanceKlass org/springframework/core/NestedExceptionUtils
instanceKlass org/springframework/data/mapping/context/AbstractMappingContext$$Lambda$788
instanceKlass org/springframework/data/spel/ExtensionAwareEvaluationContextProvider$$Lambda$787
instanceKlass org/springframework/expression/MethodResolver
instanceKlass org/springframework/data/spel/ExtensionAwareEvaluationContextProvider
instanceKlass org/springframework/data/redis/core/convert/KeyspaceConfiguration$KeyspaceSettings
instanceKlass org/springframework/data/redis/core/index/IndexDefinition
instanceKlass org/springframework/beans/factory/support/DefaultSingletonBeanRegistry$$Lambda$786
instanceKlass org/springframework/data/mapping/PersistentPropertyPaths
instanceKlass org/springframework/data/mapping/PropertyPath
instanceKlass org/springframework/data/redis/connection/ReactiveSubscription$ChannelMessage
instanceKlass org/springframework/data/redis/connection/ReactiveSubscription
instanceKlass org/springframework/data/redis/connection/ReactiveSubscription$Message
instanceKlass org/springframework/data/redis/listener/PatternTopic
instanceKlass org/springframework/data/redis/listener/ChannelTopic
instanceKlass org/springframework/data/redis/listener/ReactiveRedisMessageListenerContainer
instanceKlass org/springframework/data/redis/core/ReactiveRedisSessionCallback
instanceKlass org/springframework/data/redis/listener/Topic
instanceKlass org/springframework/data/redis/core/ReactiveRedisCallback
instanceKlass org/springframework/data/redis/core/DefaultReactiveZSetOperations
instanceKlass org/springframework/data/redis/core/DefaultReactiveValueOperations
instanceKlass org/springframework/data/redis/core/DefaultReactiveStreamOperations
instanceKlass org/springframework/data/redis/core/DefaultReactiveSetOperations
instanceKlass org/springframework/data/redis/core/DefaultReactiveListOperations
instanceKlass org/springframework/data/redis/core/DefaultReactiveHyperLogLogOperations
instanceKlass org/springframework/data/redis/core/DefaultReactiveHashOperations
instanceKlass org/springframework/data/redis/core/DefaultReactiveGeoOperations
instanceKlass org/springframework/data/redis/core/script/DefaultReactiveScriptExecutor
instanceKlass org/springframework/data/redis/core/ReactiveHyperLogLogOperations
instanceKlass org/springframework/data/redis/core/ReactiveGeoOperations
instanceKlass org/springframework/data/redis/core/ReactiveZSetOperations
instanceKlass org/springframework/data/redis/core/ReactiveStreamOperations
instanceKlass org/springframework/data/redis/core/ReactiveListOperations
instanceKlass org/springframework/data/redis/core/ReactiveHashOperations
instanceKlass org/springframework/data/redis/core/ReactiveSetOperations
instanceKlass org/springframework/data/redis/core/ReactiveValueOperations
instanceKlass org/springframework/data/redis/core/script/ReactiveScriptExecutor
instanceKlass org/springframework/data/redis/serializer/DefaultRedisSerializationContext
instanceKlass org/springframework/data/redis/serializer/DefaultRedisElementWriter
instanceKlass org/springframework/data/redis/serializer/DefaultRedisElementReader
instanceKlass org/springframework/data/redis/serializer/DefaultSerializationPair
instanceKlass org/springframework/data/redis/serializer/RedisElementReader
instanceKlass org/springframework/data/redis/serializer/RedisElementWriter
instanceKlass org/springframework/data/redis/serializer/RedisSerializerToSerializationPairAdapter
instanceKlass org/springframework/data/redis/serializer/RedisSerializationContext$SerializationPair
instanceKlass org/springframework/data/redis/serializer/DefaultRedisSerializationContext$DefaultRedisSerializationContextBuilder
instanceKlass org/springframework/data/redis/serializer/RedisSerializationContext$RedisSerializationContextBuilder
instanceKlass org/springframework/data/redis/serializer/RedisSerializationContext
instanceKlass org/springframework/context/support/DefaultLifecycleProcessor$LifecycleGroup
instanceKlass com/fasterxml/jackson/databind/deser/DeserializationProblemHandler
instanceKlass com/fasterxml/jackson/databind/MappingIterator
instanceKlass com/fasterxml/jackson/databind/jsonschema/JsonSchema
instanceKlass com/fasterxml/jackson/databind/cfg/ConstructorDetector
instanceKlass com/fasterxml/jackson/databind/jsonFormatVisitors/JsonFormatVisitorWrapper
instanceKlass com/fasterxml/jackson/databind/jsonFormatVisitors/JsonFormatVisitorWithSerializerProvider
instanceKlass com/fasterxml/jackson/annotation/JsonAutoDetect$Value
instanceKlass com/fasterxml/jackson/core/io/CharacterEscapes
instanceKlass com/fasterxml/jackson/databind/ObjectWriter
instanceKlass com/fasterxml/jackson/databind/InjectableValues
instanceKlass com/fasterxml/jackson/core/FormatSchema
instanceKlass com/fasterxml/jackson/core/type/TypeReference
instanceKlass com/fasterxml/jackson/module/paramnames/ParameterExtractor
instanceKlass org/springframework/http/converter/json/Jackson2ObjectMapperBuilder$$Lambda$785
instanceKlass com/fasterxml/jackson/databind/ser/FilterProvider
instanceKlass org/springframework/data/geo/GeoModule$PolygonMixin
instanceKlass org/springframework/data/geo/Polygon
instanceKlass org/springframework/data/geo/GeoModule$CircleMixin
instanceKlass org/springframework/data/geo/Circle
instanceKlass org/springframework/data/geo/GeoModule$BoxMixin
instanceKlass org/springframework/data/geo/Box
instanceKlass org/springframework/data/geo/Shape
instanceKlass org/springframework/data/geo/GeoModule$PointMixin
instanceKlass org/springframework/data/geo/GeoModule$DistanceMixin
instanceKlass org/springframework/data/geo/Distance
instanceKlass org/springframework/boot/jackson/JsonMixin
instanceKlass org/springframework/boot/jackson/JsonComponent
instanceKlass java/util/EnumMap$EnumMapIterator
instanceKlass org/springframework/boot/autoconfigure/jackson/JacksonAutoConfiguration$Jackson2ObjectMapperBuilderCustomizerConfiguration$StandardJackson2ObjectMapperBuilderCustomizer$$Lambda$784
instanceKlass org/springframework/boot/autoconfigure/jackson/JacksonAutoConfiguration$Jackson2ObjectMapperBuilderCustomizerConfiguration$StandardJackson2ObjectMapperBuilderCustomizer$$Lambda$783
instanceKlass com/fasterxml/jackson/module/paramnames/PackageVersion
instanceKlass net/sf/jsqlparser/expression/Alias
instanceKlass net/sf/jsqlparser/statement/select/SelectBody
instanceKlass net/sf/jsqlparser/statement/select/FromItem
instanceKlass net/sf/jsqlparser/expression/Expression
instanceKlass net/sf/jsqlparser/parser/ASTNodeAccess
instanceKlass com/github/pagehelper/parser/CountSqlParser
instanceKlass javax/servlet/AsyncContext
instanceKlass com/github/pagehelper/util/PageObjectUtil
instanceKlass com/github/pagehelper/page/PageBoundSqlInterceptors
instanceKlass com/github/pagehelper/dialect/AbstractDialect
instanceKlass com/github/pagehelper/Constant
instanceKlass com/github/pagehelper/page/PageAutoDialect
instanceKlass com/github/pagehelper/page/PageParams
instanceKlass com/github/pagehelper/page/PageMethod
instanceKlass com/github/pagehelper/BoundSqlInterceptor$Chain
instanceKlass com/github/pagehelper/Dialect
instanceKlass com/google/common/cache/LocalCache$AbstractReferenceEntry
instanceKlass java/util/concurrent/atomic/AtomicReferenceArray
instanceKlass com/google/common/cache/RemovalListener
instanceKlass com/google/common/cache/Weigher
instanceKlass com/google/common/base/Predicate
instanceKlass com/google/common/base/Equivalence
instanceKlass com/google/common/base/MoreObjects
instanceKlass com/google/common/cache/LocalCache$StrongValueReference
instanceKlass com/google/common/cache/LocalCache$1
instanceKlass com/google/common/cache/ReferenceEntry
instanceKlass com/google/common/cache/LocalCache$ValueReference
instanceKlass com/google/common/cache/CacheLoader
instanceKlass com/google/common/cache/LocalCache$LocalManualCache
instanceKlass com/google/common/cache/CacheBuilder$2
instanceKlass com/google/common/base/Preconditions
instanceKlass com/google/common/cache/CacheStats
instanceKlass com/google/common/base/Suppliers$SupplierOfInstance
instanceKlass com/google/common/base/Suppliers
instanceKlass com/google/common/cache/CacheBuilder$1
instanceKlass com/google/common/cache/AbstractCache$StatsCounter
instanceKlass com/google/common/cache/LoadingCache
instanceKlass com/google/common/base/Function
instanceKlass com/google/common/base/Ticker
instanceKlass com/google/common/base/Supplier
instanceKlass com/google/common/cache/CacheBuilder
instanceKlass com/github/pagehelper/cache/GuavaCache
instanceKlass com/google/common/cache/Cache
instanceKlass com/github/pagehelper/util/StringUtil
instanceKlass com/github/pagehelper/cache/Cache
instanceKlass com/github/pagehelper/cache/CacheFactory
instanceKlass com/github/pagehelper/PageInterceptor
instanceKlass org/springframework/beans/factory/annotation/InitDestroyAnnotationBeanPostProcessor$LifecycleElement
instanceKlass org/springframework/boot/autoconfigure/jdbc/metadata/DataSourcePoolMetadataProvidersConfiguration$HikariPoolDataSourceMetadataProviderConfiguration$$Lambda$782
instanceKlass org/springframework/boot/autoconfigure/jdbc/metadata/DataSourcePoolMetadataProvidersConfiguration$CommonsDbcp2PoolDataSourceMetadataProviderConfiguration
instanceKlass org/springframework/boot/autoconfigure/jdbc/metadata/DataSourcePoolMetadataProvidersConfiguration$OracleUcpPoolDataSourceMetadataProviderConfiguration
instanceKlass com/alibaba/druid/wall/WallFilterMBean
instanceKlass com/alibaba/druid/filter/logging/Log4j2FilterMBean
instanceKlass com/alibaba/druid/filter/logging/Log4jFilterMBean
instanceKlass com/alibaba/druid/filter/stat/StatFilterMBean
instanceKlass com/alibaba/druid/wall/WallConfig
instanceKlass com/alibaba/druid/wall/WallConfigMBean
instanceKlass com/alibaba/druid/filter/logging/LogFilterMBean
instanceKlass org/springframework/boot/autoconfigure/web/WebProperties$Resources$Cache$Cachecontrol
instanceKlass org/springframework/boot/autoconfigure/web/WebProperties$Resources$Cache
instanceKlass org/springframework/boot/autoconfigure/web/WebProperties$Resources$Chain$Strategy$Content
instanceKlass org/springframework/boot/autoconfigure/web/WebProperties$Resources$Chain$Strategy$Fixed
instanceKlass org/springframework/boot/autoconfigure/web/WebProperties$Resources$Chain$Strategy
instanceKlass org/springframework/boot/autoconfigure/web/servlet/error/ErrorMvcAutoConfiguration$StaticView
instanceKlass org/springframework/boot/task/TaskExecutorBuilder$$Lambda$781
instanceKlass org/springframework/boot/autoconfigure/task/TaskExecutionAutoConfiguration$$Lambda$780
instanceKlass org/springframework/core/task/TaskDecorator
instanceKlass org/springframework/boot/task/TaskExecutorCustomizer
instanceKlass java/lang/invoke/LambdaForm$Hidden
instanceKlass org/springframework/boot/validation/beanvalidation/MethodValidationExcludeFilter$$Lambda$779
instanceKlass org/springframework/web/servlet/view/DefaultRequestToViewNameTranslator
instanceKlass org/springframework/web/servlet/support/AbstractFlashMapManager
instanceKlass org/springframework/web/servlet/theme/AbstractThemeResolver
instanceKlass org/springframework/web/servlet/i18n/AcceptHeaderLocaleResolver
instanceKlass org/springframework/web/servlet/view/ViewResolverComposite
instanceKlass org/springframework/web/servlet/config/annotation/UrlBasedViewResolverRegistration
instanceKlass org/springframework/web/servlet/handler/HandlerExceptionResolverComposite
instanceKlass org/springframework/web/method/annotation/ExceptionHandlerMethodResolver$$Lambda$778
instanceKlass org/springframework/web/method/annotation/ExceptionHandlerMethodResolver
instanceKlass org/springframework/web/servlet/function/ServerResponse$Context
instanceKlass org/springframework/web/servlet/mvc/method/annotation/ViewNameMethodReturnValueHandler
instanceKlass org/springframework/web/servlet/mvc/method/annotation/AsyncTaskMethodReturnValueHandler
instanceKlass org/springframework/util/concurrent/ListenableFutureCallback
instanceKlass org/springframework/util/concurrent/FailureCallback
instanceKlass org/springframework/util/concurrent/SuccessCallback
instanceKlass org/springframework/web/servlet/mvc/method/annotation/DeferredResultMethodReturnValueHandler
instanceKlass org/springframework/web/servlet/mvc/method/annotation/CallableMethodReturnValueHandler
instanceKlass org/springframework/web/servlet/mvc/method/annotation/HttpHeadersReturnValueHandler
instanceKlass org/springframework/web/servlet/mvc/method/annotation/StreamingResponseBodyReturnValueHandler
instanceKlass org/springframework/web/servlet/mvc/method/annotation/ResponseBodyEmitter
instanceKlass org/springframework/web/servlet/mvc/method/annotation/ReactiveTypeHandler
instanceKlass org/springframework/web/servlet/mvc/method/annotation/ResponseBodyEmitter$Handler
instanceKlass org/springframework/web/servlet/mvc/method/annotation/ResponseBodyEmitterReturnValueHandler
instanceKlass org/springframework/web/servlet/mvc/method/annotation/ViewMethodReturnValueHandler
instanceKlass org/springframework/web/servlet/mvc/method/annotation/ModelAndViewMethodReturnValueHandler
instanceKlass org/springframework/web/servlet/mvc/method/annotation/PrincipalMethodArgumentResolver
instanceKlass org/springframework/web/servlet/mvc/method/annotation/UriComponentsBuilderMethodArgumentResolver
instanceKlass org/springframework/web/method/annotation/SessionStatusMethodArgumentResolver
instanceKlass org/springframework/web/method/annotation/ErrorsMethodArgumentResolver
instanceKlass org/springframework/web/method/annotation/MapMethodProcessor
instanceKlass org/springframework/web/method/annotation/ModelMethodProcessor
instanceKlass org/springframework/web/servlet/mvc/support/RedirectAttributes
instanceKlass org/springframework/ui/Model
instanceKlass org/springframework/web/servlet/mvc/method/annotation/RedirectAttributesMethodArgumentResolver
instanceKlass org/springframework/web/servlet/mvc/method/annotation/ServletResponseMethodArgumentResolver
instanceKlass org/springframework/web/servlet/mvc/method/annotation/ServletRequestMethodArgumentResolver
instanceKlass org/springframework/web/method/annotation/RequestHeaderMapMethodArgumentResolver
instanceKlass org/springframework/web/accept/ContentNegotiationManager$$Lambda$777
instanceKlass org/springframework/web/servlet/mvc/method/annotation/RequestResponseBodyAdviceChain
instanceKlass org/springframework/core/io/support/ResourceRegion
instanceKlass org/springframework/core/ParameterizedTypeReference
instanceKlass org/springframework/web/servlet/mvc/method/annotation/AbstractMessageConverterMethodArgumentResolver
instanceKlass org/springframework/validation/DataBinder
instanceKlass org/springframework/web/servlet/mvc/method/annotation/MatrixVariableMapMethodArgumentResolver
instanceKlass org/springframework/web/servlet/mvc/method/annotation/PathVariableMapMethodArgumentResolver
instanceKlass org/springframework/web/method/annotation/RequestParamMapMethodArgumentResolver
instanceKlass org/springframework/web/method/annotation/AbstractNamedValueMethodArgumentResolver$NamedValueInfo
instanceKlass org/springframework/web/method/annotation/AbstractNamedValueMethodArgumentResolver
instanceKlass org/springframework/web/bind/annotation/InitBinder
instanceKlass org/springframework/web/bind/annotation/ModelAttribute
instanceKlass org/springframework/core/MethodIntrospector$$Lambda$776
instanceKlass org/springframework/web/method/HandlerTypePredicate$Builder$$Lambda$775
instanceKlass org/springframework/web/method/HandlerTypePredicate$Builder$$Lambda$774
instanceKlass org/springframework/web/method/HandlerTypePredicate$Builder$$Lambda$773
instanceKlass org/springframework/web/method/HandlerTypePredicate$Builder
instanceKlass org/springframework/web/method/HandlerTypePredicate
instanceKlass org/springframework/web/method/ControllerAdviceBean$$Lambda$772
instanceKlass springfox/documentation/spring/web/WebMvcObjectMapperConfigurer$$Lambda$771
instanceKlass springfox/documentation/spring/web/WebMvcObjectMapperConfigurer$$Lambda$770
instanceKlass org/springframework/web/method/support/HandlerMethodReturnValueHandlerComposite
instanceKlass org/springframework/web/method/support/HandlerMethodArgumentResolverComposite
instanceKlass org/springframework/http/CacheControl
instanceKlass org/springframework/web/method/ControllerAdviceBean
instanceKlass org/springframework/web/method/annotation/SessionAttributesHandler
instanceKlass org/springframework/web/method/support/ModelAndViewContainer
instanceKlass org/springframework/web/method/annotation/ModelFactory
instanceKlass org/springframework/web/servlet/mvc/method/annotation/AbstractMappingJacksonResponseBodyAdvice
instanceKlass org/springframework/web/servlet/mvc/method/annotation/ResponseBodyAdvice
instanceKlass org/springframework/web/servlet/mvc/method/annotation/RequestBodyAdviceAdapter
instanceKlass org/springframework/web/servlet/mvc/method/annotation/RequestBodyAdvice
instanceKlass org/springframework/web/bind/support/DefaultSessionAttributeStore
instanceKlass org/springframework/web/context/request/async/DeferredResultProcessingInterceptor
instanceKlass org/springframework/util/ConcurrencyThrottleSupport
instanceKlass org/springframework/util/concurrent/ListenableFuture
instanceKlass org/springframework/web/servlet/mvc/method/annotation/RequestMappingHandlerAdapter$$Lambda$769
instanceKlass org/springframework/web/servlet/mvc/method/annotation/RequestMappingHandlerAdapter$$Lambda$768
instanceKlass org/springframework/web/bind/support/DefaultDataBinderFactory
instanceKlass org/springframework/web/bind/support/WebDataBinderFactory
instanceKlass org/springframework/web/bind/support/SessionAttributeStore
instanceKlass javax/validation/metadata/ConstraintDescriptor
instanceKlass javax/validation/ConstraintViolation
instanceKlass javax/validation/metadata/BeanDescriptor
instanceKlass javax/validation/metadata/ElementDescriptor
instanceKlass javax/validation/ClockProvider
instanceKlass javax/validation/Configuration
instanceKlass javax/validation/ValidatorContext
instanceKlass javax/validation/TraversableResolver
instanceKlass javax/validation/ParameterNameProvider
instanceKlass javax/validation/ConstraintValidatorFactory
instanceKlass javax/validation/MessageInterpolator
instanceKlass org/springframework/context/support/DefaultMessageSourceResolvable
instanceKlass org/springframework/context/MessageSourceResolvable
instanceKlass org/springframework/validation/beanvalidation/SpringValidatorAdapter
instanceKlass org/springframework/validation/SmartValidator
instanceKlass org/springframework/web/servlet/handler/SimpleUrlHandlerMapping$$Lambda$767
instanceKlass org/springframework/web/servlet/resource/ResourceHttpRequestHandler$$Lambda$766
instanceKlass org/springframework/web/servlet/resource/DefaultResourceTransformerChain
instanceKlass org/springframework/web/servlet/resource/DefaultResourceResolverChain
instanceKlass org/springframework/web/servlet/resource/AbstractResourceResolver
instanceKlass org/springframework/web/servlet/resource/ResourceResolver
instanceKlass org/springframework/web/servlet/resource/ResourceTransformerChain
instanceKlass org/springframework/web/HttpRequestHandler
instanceKlass org/springframework/web/servlet/config/annotation/ResourceHandlerRegistration
instanceKlass org/springframework/web/servlet/function/ServerResponse
instanceKlass java/util/stream/ReduceOps$2ReducingSink
instanceKlass org/springframework/web/servlet/function/support/RouterFunctionMapping$$Lambda$765
instanceKlass org/springframework/web/servlet/function/support/RouterFunctionMapping$$Lambda$764
instanceKlass org/springframework/web/servlet/function/RouterFunction
instanceKlass org/springframework/web/servlet/function/HandlerFunction
instanceKlass org/springframework/web/servlet/function/ServerRequest
instanceKlass org/springframework/http/server/RequestPath
instanceKlass io/swagger/models/AbstractModel
instanceKlass org/mapstruct/factory/Mappers
instanceKlass io/swagger/models/parameters/AbstractParameter
instanceKlass io/swagger/models/parameters/SerializableParameter
instanceKlass io/swagger/models/RefModel
instanceKlass springfox/documentation/swagger2/mappers/SecurityMapper$$Lambda$763
instanceKlass springfox/documentation/swagger2/mappers/SecurityMapper$$Lambda$762
instanceKlass springfox/documentation/swagger2/mappers/OpenIdConnectSchemeFactory
instanceKlass springfox/documentation/swagger2/mappers/HttpAuthenticationSchemeFactory
instanceKlass springfox/documentation/swagger2/mappers/BasicAuthFactory
instanceKlass springfox/documentation/swagger2/mappers/ApiKeyAuthFactory
instanceKlass springfox/documentation/swagger2/mappers/OAuth2AuthFactory
instanceKlass springfox/documentation/swagger2/mappers/SecuritySchemeFactory
instanceKlass java/util/AbstractMap$SimpleEntry
instanceKlass springfox/documentation/swagger/web/SecurityConfiguration
instanceKlass springfox/documentation/swagger/web/SecurityConfigurationBuilder
instanceKlass springfox/documentation/swagger/web/UiConfiguration
instanceKlass springfox/documentation/swagger/web/UiConfiguration$Constants
instanceKlass springfox/documentation/swagger/web/UiConfigurationBuilder
instanceKlass springfox/documentation/oas/web/OpenApiControllerWebFlux
instanceKlass springfox/documentation/swagger2/web/Swagger2ControllerWebFlux
instanceKlass springfox/documentation/schema/ClassSupport
instanceKlass springfox/documentation/swagger/web/InMemorySwaggerResourcesProvider$$Lambda$761
instanceKlass springfox/documentation/swagger/web/InMemorySwaggerResourcesProvider$$Lambda$760
instanceKlass java/util/stream/ReduceOps$8ReducingSink
instanceKlass java/util/stream/Sink$OfLong
instanceKlass java/util/stream/LongPipeline$$Lambda$759
instanceKlass java/util/function/LongBinaryOperator
instanceKlass java/lang/invoke/LambdaForm$DMH
instanceKlass java/util/stream/LongStream
instanceKlass java/util/stream/ReferencePipeline$$Lambda$758
instanceKlass springfox/documentation/spring/web/plugins/DuplicateGroupsDetector$$Lambda$757
instanceKlass springfox/documentation/spring/web/plugins/DuplicateGroupsDetector$$Lambda$756
instanceKlass java/util/stream/Collectors$$Lambda$755
instanceKlass java/util/stream/Collectors$$Lambda$754
instanceKlass springfox/documentation/spring/web/plugins/DuplicateGroupsDetector$$Lambda$753
instanceKlass springfox/documentation/spring/web/plugins/DuplicateGroupsDetector$$Lambda$752
instanceKlass springfox/documentation/spring/web/plugins/DuplicateGroupsDetector
instanceKlass org/springframework/plugin/core/PluginRegistrySupport$$Lambda$751
instanceKlass org/springframework/aop/framework/AdvisedSupport$MethodCacheKey
instanceKlass springfox/documentation/schema/AlternateTypeRule
instanceKlass springfox/documentation/spring/web/plugins/ApiSelectorBuilder$$Lambda$750
instanceKlass springfox/documentation/builders/RequestHandlerSelectors$$Lambda$749
instanceKlass springfox/documentation/spring/web/plugins/ApiSelectorBuilder
instanceKlass springfox/documentation/builders/PathSelectors$$Lambda$748
instanceKlass springfox/documentation/builders/PathSelectors
instanceKlass springfox/documentation/builders/RequestHandlerSelectors$$Lambda$747
instanceKlass java/util/function/Predicate$$Lambda$746
instanceKlass springfox/documentation/builders/RequestHandlerSelectors$$Lambda$745
instanceKlass springfox/documentation/builders/RequestHandlerSelectors
instanceKlass springfox/documentation/schema/DefaultGenericTypeNamingStrategy
instanceKlass springfox/documentation/spi/schema/GenericTypeNamingStrategy
instanceKlass springfox/documentation/builders/ApiInfoBuilder
instanceKlass org/springframework/plugin/core/support/AbstractTypeAwareSupport$BeansOfTypeTargetSource$$Lambda$744
instanceKlass org/springframework/plugin/core/support/AbstractTypeAwareSupport$BeansOfTypeTargetSource$$Lambda$743
instanceKlass springfox/documentation/swagger/web/SwaggerResource
instanceKlass io/swagger/v3/oas/annotations/Parameter
instanceKlass io/swagger/annotations/ApiParam
instanceKlass springfox/documentation/schema/NumericElementFacetBuilder
instanceKlass io/swagger/v3/oas/annotations/media/Content
instanceKlass io/swagger/annotations/ApiResponse
instanceKlass io/swagger/v3/oas/annotations/tags/Tags
instanceKlass io/swagger/v3/oas/annotations/tags/Tag
instanceKlass io/swagger/v3/oas/annotations/security/SecurityRequirement
instanceKlass io/swagger/v3/oas/annotations/Operation
instanceKlass io/swagger/annotations/ApiResponses
instanceKlass springfox/documentation/builders/CollectionElementFacetBuilder
instanceKlass springfox/documentation/schema/ModelKey
instanceKlass io/swagger/annotations/ApiImplicitParam
instanceKlass io/swagger/annotations/ApiModelProperty
instanceKlass io/swagger/v3/oas/annotations/media/Schema
instanceKlass javax/xml/bind/annotation/XmlAttribute
instanceKlass javax/xml/bind/annotation/XmlElementWrapper
instanceKlass com/fasterxml/jackson/annotation/JsonIgnoreProperties
instanceKlass springfox/documentation/builders/PropertySpecificationBuilder
instanceKlass javax/xml/bind/annotation/XmlRootElement
instanceKlass javax/xml/bind/annotation/XmlType
instanceKlass springfox/documentation/schema/AlternateTypeRuleConvention
instanceKlass springfox/documentation/spring/web/paths/DefaultPathProvider
instanceKlass springfox/documentation/spi/service/contexts/Orderings$$Lambda$742
instanceKlass springfox/documentation/spi/service/contexts/Orderings$$Lambda$741
instanceKlass springfox/documentation/spi/service/contexts/Orderings$$Lambda$740
instanceKlass springfox/documentation/spi/service/contexts/Orderings$$Lambda$739
instanceKlass springfox/documentation/spi/service/contexts/Orderings$$Lambda$738
instanceKlass springfox/documentation/spi/service/contexts/Orderings
instanceKlass springfox/documentation/builders/ResponseBuilder$$Lambda$737
instanceKlass springfox/documentation/builders/ResponseBuilder
instanceKlass springfox/documentation/builders/BuilderDefaults
instanceKlass springfox/documentation/builders/ResponseMessageBuilder
instanceKlass springfox/documentation/service/ResponseMessage
instanceKlass springfox/documentation/spi/service/contexts/Defaults$$Lambda$736
instanceKlass springfox/documentation/spi/service/contexts/Defaults$$Lambda$735
instanceKlass springfox/documentation/spi/service/contexts/Defaults$$Lambda$734
instanceKlass springfox/documentation/spi/service/contexts/Defaults$$Lambda$733
instanceKlass springfox/documentation/spi/service/contexts/Defaults$$Lambda$732
instanceKlass org/springframework/web/util/UriComponentsBuilder
instanceKlass org/springframework/web/util/UriBuilder
instanceKlass springfox/documentation/spring/web/plugins/WebMvcRequestHandlerProvider$$Lambda$731
instanceKlass org/springframework/web/servlet/handler/AbstractHandlerMethodMapping$Match
instanceKlass java/util/stream/Collectors$$Lambda$730
instanceKlass java/util/stream/Collectors$$Lambda$729
instanceKlass org/springframework/web/servlet/handler/AbstractHandlerMethodMapping$$Lambda$728
instanceKlass org/springframework/web/servlet/handler/AbstractHandlerMethodMapping$$Lambda$727
instanceKlass org/springframework/boot/web/error/ErrorAttributeOptions
instanceKlass org/springframework/web/servlet/handler/AbstractHandlerMethodMapping$MappingRegistration
instanceKlass org/springframework/web/servlet/handler/AbstractHandlerMethodMapping$$Lambda$726
instanceKlass org/springframework/web/servlet/mvc/method/RequestMappingInfo$DefaultBuilder
instanceKlass org/springframework/http/MediaType$$Lambda$725
instanceKlass org/springframework/util/MimeTypeUtils$$Lambda$724
instanceKlass org/springframework/util/ConcurrentLruCache
instanceKlass org/springframework/util/MimeTypeUtils
instanceKlass org/springframework/web/servlet/mvc/condition/AbstractMediaTypeExpression
instanceKlass org/springframework/web/servlet/mvc/condition/MediaTypeExpression
instanceKlass org/springframework/web/servlet/mvc/method/RequestMappingInfo$Builder
instanceKlass org/springframework/core/MethodIntrospector$$Lambda$723
instanceKlass org/springframework/core/MethodIntrospector
instanceKlass org/springframework/web/servlet/handler/AbstractHandlerMethodMapping$$Lambda$722
instanceKlass org/springframework/core/MethodIntrospector$MetadataLookup
instanceKlass org/springframework/context/support/MessageSourceAccessor
instanceKlass org/springframework/web/servlet/mvc/condition/AbstractRequestCondition
instanceKlass org/springframework/web/servlet/mvc/method/RequestMappingInfo
instanceKlass org/springframework/web/servlet/mvc/condition/RequestCondition
instanceKlass org/springframework/web/bind/annotation/CrossOrigin
instanceKlass org/springframework/web/servlet/handler/RequestMatchResult
instanceKlass java/util/Comparators$NullComparator
instanceKlass org/springframework/web/util/pattern/PathPattern$$Lambda$721
instanceKlass org/springframework/web/util/pattern/PathPattern$$Lambda$720
instanceKlass org/springframework/web/util/pattern/PathPattern$$Lambda$719
instanceKlass org/springframework/web/util/pattern/PathPattern$$Lambda$718
instanceKlass org/springframework/http/server/DefaultPathContainer$DefaultSeparator
instanceKlass org/springframework/http/server/PathContainer$Separator
instanceKlass org/springframework/http/server/PathContainer$PathSegment
instanceKlass org/springframework/http/server/PathContainer$Element
instanceKlass org/springframework/http/server/DefaultPathContainer
instanceKlass org/springframework/http/server/PathContainer
instanceKlass org/springframework/web/util/pattern/PathPattern
instanceKlass org/springframework/web/util/pattern/PathElement
instanceKlass org/springframework/web/util/pattern/InternalPathPatternParser
instanceKlass org/springframework/http/server/PathContainer$Options
instanceKlass java/util/stream/Nodes$ArrayNode
instanceKlass org/springframework/web/servlet/handler/MappedInterceptor$PatternAdapter$$Lambda$717
instanceKlass org/springframework/web/servlet/handler/MappedInterceptor$PatternAdapter$$Lambda$716
instanceKlass org/springframework/web/servlet/handler/MappedInterceptor$PatternAdapter
instanceKlass org/springframework/web/servlet/handler/MappedInterceptor
instanceKlass org/springframework/web/servlet/config/annotation/InterceptorRegistry$$Lambda$715
instanceKlass org/springframework/web/servlet/config/annotation/InterceptorRegistry$$Lambda$714
instanceKlass org/springframework/web/servlet/resource/ResourceUrlProviderExposingInterceptor
instanceKlass org/springframework/web/servlet/handler/ConversionServiceExposingInterceptor
instanceKlass org/springframework/web/servlet/config/annotation/InterceptorRegistration
instanceKlass org/springframework/web/servlet/config/annotation/InterceptorRegistry$$Lambda$713
instanceKlass org/springframework/web/servlet/mvc/method/RequestMappingInfo$BuilderConfiguration
instanceKlass org/springframework/web/servlet/mvc/method/RequestMappingInfoHandlerMethodMappingNamingStrategy
instanceKlass org/springframework/web/servlet/handler/AbstractHandlerMethodMapping$MappingRegistry
instanceKlass org/springframework/http/server/ServerHttpRequest
instanceKlass org/springframework/http/HttpInputMessage
instanceKlass org/springframework/http/HttpRequest
instanceKlass org/springframework/http/server/ServerHttpResponse
instanceKlass org/springframework/web/cors/DefaultCorsProcessor
instanceKlass org/springframework/http/HttpHeaders
instanceKlass org/springframework/web/servlet/mvc/method/RequestMappingInfoHandlerMapping$HttpOptionsHandler
instanceKlass org/springframework/web/cors/CorsConfiguration$OriginPattern
instanceKlass org/springframework/web/cors/CorsConfiguration
instanceKlass org/springframework/core/annotation/AnnotatedElementUtils$$Lambda$712
instanceKlass org/springframework/web/bind/annotation/ResponseStatus
instanceKlass org/springframework/web/servlet/handler/AbstractHandlerMethodMapping$EmptyHandler
instanceKlass org/springframework/web/servlet/handler/HandlerMethodMappingNamingStrategy
instanceKlass org/springframework/web/cors/CorsProcessor
instanceKlass javax/servlet/http/HttpUpgradeHandler
instanceKlass javax/servlet/http/Part
instanceKlass javax/servlet/http/PushBuilder
instanceKlass javax/servlet/http/Cookie
instanceKlass javax/servlet/http/HttpServletMapping
instanceKlass org/springframework/web/servlet/resource/ResourceResolverChain
instanceKlass org/springframework/web/context/request/NativeWebRequest
instanceKlass org/springframework/web/accept/MappingMediaTypeFileExtensionResolver$$Lambda$711
instanceKlass org/springframework/web/accept/MappingMediaTypeFileExtensionResolver$$Lambda$710
instanceKlass org/springframework/web/accept/HeaderContentNegotiationStrategy
instanceKlass org/springframework/web/accept/ContentNegotiationManagerFactoryBean$$Lambda$709
instanceKlass org/springframework/web/accept/MappingMediaTypeFileExtensionResolver
instanceKlass org/springframework/web/accept/ContentNegotiationManagerFactoryBean
instanceKlass org/springframework/web/method/HandlerMethod
instanceKlass springfox/documentation/spring/web/plugins/DefaultConfiguration
instanceKlass springfox/documentation/spi/service/RequestHandlerCombiner
instanceKlass springfox/documentation/schema/ScalarType
instanceKlass springfox/documentation/common/SpringVersion
instanceKlass org/springframework/web/bind/annotation/RequestHeader
instanceKlass org/springframework/web/bind/annotation/RequestBody
instanceKlass org/springframework/web/bind/annotation/RequestPart
instanceKlass org/springframework/web/bind/annotation/PathVariable
instanceKlass org/springframework/web/bind/annotation/RequestParam
instanceKlass springfox/documentation/builders/SimpleParameterSpecificationBuilder
instanceKlass springfox/documentation/service/Parameter
instanceKlass springfox/documentation/service/AllowableListValues
instanceKlass springfox/documentation/spring/wrapper/NameValueExpression
instanceKlass springfox/documentation/service/AllowableValues
instanceKlass springfox/documentation/builders/RequestParameterBuilder
instanceKlass springfox/documentation/builders/EncodingBuilder
instanceKlass springfox/documentation/builders/ContentSpecificationBuilder
instanceKlass springfox/documentation/service/ContentSpecification
instanceKlass springfox/documentation/spring/web/readers/parameter/ModelAttributeField
instanceKlass springfox/documentation/spi/schema/AlternateTypeProvider
instanceKlass springfox/documentation/spring/web/readers/parameter/ExpansionContext
instanceKlass springfox/documentation/spi/service/ParameterMetadataAccessor
instanceKlass springfox/documentation/builders/RepresentationBuilder
instanceKlass springfox/documentation/service/ResolvedMethodParameter
instanceKlass springfox/documentation/schema/CachingModelProvider$$Lambda$708
instanceKlass springfox/documentation/schema/CachingModelProvider$$Lambda$707
instanceKlass springfox/documentation/builders/CompoundModelSpecificationBuilder
instanceKlass springfox/documentation/builders/ModelSpecificationBuilder
instanceKlass springfox/documentation/schema/CachingModelDependencyProvider$$Lambda$706
instanceKlass springfox/documentation/schema/property/CachingModelPropertiesProvider$$Lambda$705
instanceKlass springfox/documentation/schema/property/CachingModelPropertiesProvider$$Lambda$704
instanceKlass springfox/documentation/builders/ReferenceModelSpecificationBuilder
instanceKlass springfox/documentation/builders/MapSpecificationBuilder
instanceKlass springfox/documentation/builders/QualifiedModelNameBuilder
instanceKlass springfox/documentation/builders/CollectionSpecificationBuilder
instanceKlass springfox/documentation/schema/ModelKeyBuilder
instanceKlass springfox/documentation/builders/ModelFacetsBuilder
instanceKlass springfox/documentation/spi/schema/contexts/ModelPropertyContext
instanceKlass com/fasterxml/classmate/MemberResolver
instanceKlass springfox/documentation/builders/EnumerationElementFacetBuilder
instanceKlass springfox/documentation/builders/ElementFacetBuilder
instanceKlass com/fasterxml/classmate/members/ResolvedMember
instanceKlass springfox/documentation/schema/ModelProperty
instanceKlass springfox/documentation/schema/property/BaseModelProperty
instanceKlass springfox/documentation/schema/property/ModelProperty
instanceKlass com/fasterxml/classmate/GenericType
instanceKlass com/fasterxml/classmate/util/ClassStack
instanceKlass com/fasterxml/classmate/util/ResolvedTypeCache
instanceKlass com/fasterxml/classmate/util/ClassKey
instanceKlass com/fasterxml/classmate/TypeBindings
instanceKlass com/fasterxml/classmate/members/RawMember
instanceKlass com/fasterxml/classmate/ResolvedType
instanceKlass springfox/documentation/schema/ModelReference
instanceKlass springfox/documentation/spring/web/scanners/ComparisonCondition
instanceKlass springfox/documentation/spring/web/scanners/MergingContext
instanceKlass springfox/documentation/schema/Model
instanceKlass springfox/documentation/spi/schema/UniqueTypeNameAdapter
instanceKlass springfox/documentation/RequestHandler
instanceKlass springfox/documentation/RequestHandlerKey
instanceKlass springfox/documentation/spring/web/scanners/CachingOperationReader$$Lambda$703
instanceKlass springfox/documentation/spi/service/contexts/ParameterExpansionContext
instanceKlass springfox/documentation/spi/service/contexts/ApiListingContext
instanceKlass springfox/documentation/spi/service/contexts/PathContext
instanceKlass springfox/documentation/spi/service/contexts/OperationContext
instanceKlass springfox/documentation/spi/service/contexts/DocumentationContextBuilder
instanceKlass springfox/documentation/spi/service/contexts/ResponseContext
instanceKlass springfox/documentation/common/Compatibility
instanceKlass springfox/documentation/spi/service/contexts/ParameterContext
instanceKlass springfox/documentation/spring/web/OperationCachingEquivalence$Wrapper
instanceKlass sun/reflect/annotation/AnnotationInvocationHandler$1
instanceKlass springfox/documentation/spring/wrapper/PatternsRequestCondition
instanceKlass springfox/documentation/spi/service/contexts/ApiSelector
instanceKlass springfox/documentation/spi/service/contexts/RequestMappingContext
instanceKlass springfox/documentation/spring/web/scanners/ApiListingScanningContext
instanceKlass springfox/documentation/builders/ResourceListingBuilder
instanceKlass springfox/documentation/service/ApiListingReference
instanceKlass springfox/documentation/service/PathAdjuster
instanceKlass springfox/documentation/spring/web/scanners/ApiListingReferenceScanResult
instanceKlass java/lang/SafeVarargs
instanceKlass org/springframework/plugin/core/support/AbstractTypeAwareSupport$BeansOfTypeTargetSource
instanceKlass org/springframework/core/annotation/AnnotationUtils$$Lambda$702
instanceKlass org/springframework/core/annotation/TypeMappedAnnotation$$Lambda$701
instanceKlass springfox/documentation/spring/web/json/Json
instanceKlass springfox/documentation/swagger2/configuration/Swagger2JacksonModule$PropertyExampleSerializerMixin
instanceKlass io/swagger/models/properties/Property
instanceKlass io/swagger/models/Contact
instanceKlass io/swagger/models/Tag
instanceKlass io/swagger/models/Xml
instanceKlass io/swagger/models/ExternalDocs
instanceKlass io/swagger/models/parameters/Parameter
instanceKlass springfox/documentation/swagger2/configuration/Swagger2JacksonModule$ResponseSerializer
instanceKlass io/swagger/models/Response
instanceKlass io/swagger/models/Path
instanceKlass io/swagger/models/Operation
instanceKlass io/swagger/models/Model
instanceKlass io/swagger/models/auth/SecuritySchemeDefinition
instanceKlass io/swagger/models/SecurityRequirement
instanceKlass io/swagger/models/License
instanceKlass io/swagger/models/Info
instanceKlass springfox/documentation/swagger2/configuration/Swagger2JacksonModule$CustomizedSwaggerSerializer
instanceKlass io/swagger/models/Swagger
instanceKlass io/swagger/v3/oas/models/responses/ApiResponse
instanceKlass io/swagger/v3/oas/models/security/SecurityScheme
instanceKlass springfox/documentation/oas/configuration/OpenApiJacksonModule$NonEmptyMixin
instanceKlass com/fasterxml/jackson/databind/jsontype/NamedType
instanceKlass com/fasterxml/jackson/databind/PropertyNamingStrategy
instanceKlass com/fasterxml/jackson/databind/deser/ValueInstantiator
instanceKlass springfox/documentation/service/Response
instanceKlass springfox/documentation/service/SecurityScheme
instanceKlass springfox/documentation/service/AuthorizationScope
instanceKlass io/swagger/v3/oas/models/media/XML
instanceKlass springfox/documentation/schema/Xml
instanceKlass springfox/documentation/schema/PropertySpecification
instanceKlass springfox/documentation/schema/ModelFacets
instanceKlass springfox/documentation/schema/ScalarModelSpecification
instanceKlass springfox/documentation/schema/NumericElementFacet
instanceKlass springfox/documentation/schema/CollectionSpecification
instanceKlass springfox/documentation/schema/ReferenceModelSpecification
instanceKlass springfox/documentation/schema/EnumerationFacet
instanceKlass springfox/documentation/schema/CollectionElementFacet
instanceKlass springfox/documentation/schema/StringElementFacet
instanceKlass springfox/documentation/schema/ElementFacet
instanceKlass springfox/documentation/schema/CompoundModelSpecification
instanceKlass springfox/documentation/schema/MapSpecification
instanceKlass springfox/documentation/schema/ModelSpecification
instanceKlass springfox/documentation/schema/ElementFacetSource
instanceKlass io/swagger/v3/oas/models/examples/Example
instanceKlass springfox/documentation/schema/Example
instanceKlass io/swagger/v3/oas/models/info/License
instanceKlass springfox/documentation/service/ListVendorExtension
instanceKlass springfox/documentation/service/StringVendorExtension
instanceKlass springfox/documentation/service/ObjectVendorExtension
instanceKlass springfox/documentation/service/VendorExtension
instanceKlass io/swagger/v3/oas/models/PathItem
instanceKlass springfox/documentation/service/ApiDescription
instanceKlass springfox/documentation/service/ApiListing
instanceKlass io/swagger/v3/oas/models/media/Schema
instanceKlass io/swagger/v3/oas/models/parameters/RequestBody
instanceKlass springfox/documentation/service/RequestBody
instanceKlass io/swagger/v3/oas/models/info/Info
instanceKlass io/swagger/v3/oas/models/Operation
instanceKlass springfox/documentation/service/Operation
instanceKlass io/swagger/v3/oas/models/ExternalDocumentation
instanceKlass springfox/documentation/common/ExternalDocumentation
instanceKlass io/swagger/v3/oas/models/servers/Server
instanceKlass springfox/documentation/service/Server
instanceKlass io/swagger/v3/oas/models/tags/Tag
instanceKlass springfox/documentation/service/Tag
instanceKlass io/swagger/v3/oas/models/headers/Header
instanceKlass springfox/documentation/service/Header
instanceKlass io/swagger/v3/oas/models/media/Encoding
instanceKlass springfox/documentation/service/Encoding
instanceKlass io/swagger/v3/oas/models/parameters/Parameter
instanceKlass io/swagger/v3/oas/models/OpenAPI
instanceKlass io/swagger/v3/oas/models/media/MediaType
instanceKlass springfox/documentation/service/ResourceListing
instanceKlass springfox/documentation/service/RequestParameter
instanceKlass io/swagger/v3/oas/models/Components
instanceKlass springfox/documentation/service/Representation
instanceKlass io/swagger/v3/oas/models/servers/ServerVariable
instanceKlass springfox/documentation/service/ServerVariable
instanceKlass springfox/documentation/service/ApiInfo
instanceKlass springfox/documentation/service/SimpleParameterSpecification
instanceKlass springfox/documentation/service/ModelNamesRegistry
instanceKlass io/swagger/v3/oas/models/info/Contact
instanceKlass springfox/documentation/service/Contact
instanceKlass springfox/documentation/service/Documentation
instanceKlass org/springframework/http/HttpEntity
instanceKlass org/apache/http/impl/client/CloseableHttpClient
instanceKlass org/apache/http/client/HttpClient
instanceKlass com/alibaba/fastjson/JSON
instanceKlass com/alibaba/fastjson/JSONAware
instanceKlass com/alibaba/fastjson/JSONStreamAware
instanceKlass org/apache/http/HttpEntity
instanceKlass org/apache/http/client/methods/HttpUriRequest
instanceKlass org/apache/http/HttpRequest
instanceKlass org/apache/http/HttpMessage
instanceKlass com/sky/dto/UserLoginDTO
instanceKlass org/springframework/data/redis/core/types/RedisClientInfo
instanceKlass sun/reflect/generics/tree/IntSignature
instanceKlass org/springframework/data/redis/core/script/DefaultScriptExecutor
instanceKlass org/springframework/core/serializer/DefaultDeserializer
instanceKlass org/springframework/core/serializer/Deserializer
instanceKlass org/springframework/core/serializer/support/DeserializingConverter
instanceKlass org/springframework/core/serializer/DefaultSerializer
instanceKlass org/springframework/core/serializer/Serializer
instanceKlass org/springframework/core/serializer/support/SerializingConverter
instanceKlass org/springframework/data/redis/serializer/JdkSerializationRedisSerializer
instanceKlass org/springframework/data/redis/connection/SortParameters
instanceKlass org/springframework/data/redis/core/BulkMapper
instanceKlass org/springframework/data/redis/core/query/SortQuery
instanceKlass org/springframework/data/redis/core/SessionCallback
instanceKlass org/springframework/data/redis/core/script/RedisScript
instanceKlass org/springframework/data/redis/connection/RedisNode
instanceKlass org/springframework/data/redis/connection/NamedNode
instanceKlass org/springframework/data/redis/core/StreamObjectMapper$BinaryObjectHashMapperAdapter
instanceKlass org/springframework/data/convert/DefaultTypeMapper$$Lambda$700
instanceKlass org/springframework/data/mapping/Alias
instanceKlass org/springframework/data/mapping/context/AbstractMappingContext$$Lambda$699
instanceKlass org/springframework/data/convert/MappingContextTypeInformationMapper
instanceKlass org/springframework/data/convert/SimpleTypeInformationMapper
instanceKlass org/springframework/data/convert/TypeInformationMapper
instanceKlass org/springframework/data/util/CustomCollections$$Lambda$698
instanceKlass org/springframework/data/util/CustomCollections$SearchableTypes$$Lambda$697
instanceKlass org/springframework/data/util/CustomCollections$SearchableTypes$$Lambda$696
instanceKlass org/springframework/data/util/CustomCollections$SearchableTypes$$Lambda$695
instanceKlass org/springframework/data/util/CustomCollections$SearchableTypes
instanceKlass org/springframework/data/util/CustomCollections$$Lambda$694
instanceKlass org/springframework/data/util/CustomCollections$$Lambda$693
instanceKlass org/springframework/data/util/CustomCollections$EclipseCollections
instanceKlass org/springframework/data/util/CustomCollections$VavrCollections
instanceKlass org/springframework/data/util/CustomCollectionRegistrar
instanceKlass org/springframework/data/util/CustomCollections
instanceKlass org/springframework/data/convert/CustomConversions$$Lambda$692
instanceKlass org/springframework/data/redis/core/convert/DefaultRedisTypeMapper$BucketTypeAliasAccessor
instanceKlass org/springframework/data/convert/TypeAliasAccessor
instanceKlass org/springframework/data/convert/DefaultTypeMapper
instanceKlass org/springframework/util/comparator/NullSafeComparator
instanceKlass org/springframework/data/redis/hash/ObjectHashMapper$NoOpReferenceResolver
instanceKlass org/springframework/data/redis/hash/ObjectHashMapper$NoOpIndexResolver
instanceKlass org/springframework/data/redis/core/mapping/RedisMappingContext$ConfigAwareTimeToLiveAccessor
instanceKlass org/springframework/data/redis/core/mapping/RedisMappingContext$ConfigAwareKeySpaceResolver
instanceKlass org/springframework/data/mapping/model/InstantiationAwarePropertyAccessorFactory
instanceKlass org/springframework/data/mapping/model/ClassGeneratingPropertyAccessorFactory$$Lambda$691
instanceKlass org/springframework/data/mapping/model/ClassGeneratingPropertyAccessorFactory
instanceKlass org/springframework/data/mapping/model/ClassGeneratingEntityInstantiator$ObjectInstantiator
instanceKlass org/springframework/data/mapping/model/ClassGeneratingEntityInstantiator$ObjectInstantiatorClassGenerator
instanceKlass org/springframework/data/mapping/InstanceCreatorMetadata
instanceKlass org/springframework/data/mapping/model/ClassGeneratingEntityInstantiator
instanceKlass org/springframework/data/mapping/model/EntityInstantiator
instanceKlass org/springframework/data/mapping/model/EntityInstantiators
instanceKlass org/springframework/data/mapping/context/PersistentPropertyPathFactory$$Lambda$690
instanceKlass org/springframework/data/mapping/PersistentPropertyPath
instanceKlass org/springframework/data/mapping/context/PersistentPropertyPathFactory
instanceKlass org/springframework/data/spel/EvaluationContextProvider$$Lambda$689
instanceKlass java/util/WeakHashMap$HashIterator
instanceKlass org/springframework/data/convert/CustomConversions$$Lambda$688
instanceKlass org/springframework/data/convert/CustomConversions$$Lambda$687
instanceKlass org/springframework/data/convert/CustomConversions$$Lambda$686
instanceKlass org/springframework/data/convert/CustomConversions$$Lambda$685
instanceKlass org/springframework/data/convert/CustomConversions$$Lambda$684
instanceKlass org/springframework/data/convert/CustomConversions$$Lambda$683
instanceKlass org/springframework/data/convert/CustomConversions$$Lambda$682
instanceKlass org/springframework/data/convert/CustomConversions$$Lambda$681
instanceKlass org/springframework/data/util/Streamable$$Lambda$680
instanceKlass org/springframework/data/convert/ConverterBuilder$ConverterAware
instanceKlass org/springframework/data/convert/ConverterBuilder$WritingConverterAware
instanceKlass org/springframework/data/convert/ConverterBuilder$ReadingConverterAware
instanceKlass org/springframework/data/convert/ConverterBuilder
instanceKlass org/springframework/data/convert/ReadingConverter
instanceKlass org/springframework/data/convert/WritingConverter
instanceKlass org/springframework/data/convert/CustomConversions$$Lambda$679
instanceKlass org/springframework/data/convert/CustomConversions$$Lambda$678
instanceKlass org/springframework/data/convert/CustomConversions$$Lambda$677
instanceKlass org/springframework/data/convert/CustomConversions$$Lambda$676
instanceKlass org/springframework/data/convert/CustomConversions$$Lambda$675
instanceKlass org/springframework/data/convert/CustomConversions$$Lambda$674
instanceKlass org/springframework/data/convert/CustomConversions$ConverterRegistration
instanceKlass org/springframework/data/convert/CustomConversions$ConverterRegistrationIntent
instanceKlass org/springframework/data/convert/CustomConversions$$Lambda$673
instanceKlass org/springframework/data/convert/CustomConversions$$Lambda$672
instanceKlass org/springframework/data/convert/CustomConversions$$Lambda$671
instanceKlass org/springframework/data/convert/CustomConversions$$Lambda$670
instanceKlass org/springframework/data/convert/CustomConversions$$Lambda$669
instanceKlass org/springframework/data/convert/CustomConversions$ConversionTargetsCache
instanceKlass org/springframework/data/convert/PropertyValueConverterFactories$CachingPropertyValueConverterFactory$Cache
instanceKlass org/springframework/data/convert/PropertyValueConverterFactories$CachingPropertyValueConverterFactory
instanceKlass org/springframework/data/convert/SimplePropertyValueConversions$$Lambda$668
instanceKlass org/springframework/data/convert/SimplePropertyValueConversions$$Lambda$667
instanceKlass org/springframework/data/convert/SimplePropertyValueConversions$$Lambda$666
instanceKlass org/springframework/data/convert/PropertyValueConverterFactories$SimplePropertyConverterFactory
instanceKlass org/springframework/data/convert/PropertyValueConverterFactory
instanceKlass org/springframework/data/convert/SimplePropertyValueConverterRegistry
instanceKlass org/springframework/data/convert/ValueConverterRegistry
instanceKlass org/springframework/data/convert/SimplePropertyValueConversions
instanceKlass org/springframework/data/convert/PropertyValueConversions
instanceKlass org/springframework/data/convert/CustomConversions$ConverterConfiguration$$Lambda$665
instanceKlass org/springframework/data/convert/PropertyValueConverterRegistrar
instanceKlass org/springframework/data/util/Predicates$$Lambda$664
instanceKlass org/springframework/data/util/Predicates
instanceKlass org/springframework/data/convert/CustomConversions$ConverterConfiguration
instanceKlass org/springframework/data/convert/CustomConversions$StoreConversions
instanceKlass org/springframework/data/mapping/model/SimpleTypeHolder$$Lambda$663
instanceKlass org/springframework/data/redis/core/convert/Jsr310Converters
instanceKlass org/springframework/data/redis/core/convert/BinaryConverters
instanceKlass org/springframework/data/redis/core/convert/BinaryConverters$BytesToEnumConverterFactory
instanceKlass org/springframework/data/redis/core/convert/BinaryConverters$BytesToNumberConverterFactory
instanceKlass org/springframework/data/redis/core/convert/BinaryConverters$StringBasedConverter
instanceKlass org/springframework/data/convert/JMoleculesConverters
instanceKlass org/springframework/data/convert/ThreeTenBackPortConverters
instanceKlass org/springframework/data/convert/JodaTimeConverters
instanceKlass org/springframework/data/redis/hash/ObjectHashMapper
instanceKlass org/springframework/data/redis/hash/HashObjectReader
instanceKlass org/springframework/data/redis/connection/stream/MapRecord
instanceKlass org/springframework/data/redis/core/StreamObjectMapper
instanceKlass org/springframework/data/redis/connection/stream/Record
instanceKlass org/springframework/data/redis/core/ZSetOperations$TypedTuple
instanceKlass org/springframework/data/redis/core/AbstractOperations
instanceKlass org/springframework/data/redis/serializer/StringRedisSerializer
instanceKlass org/springframework/data/redis/core/BoundListOperations
instanceKlass org/springframework/data/redis/core/BoundZSetOperations
instanceKlass org/springframework/data/redis/core/HashOperations
instanceKlass org/springframework/data/redis/core/BoundGeoOperations
instanceKlass org/springframework/data/redis/core/BoundStreamOperations
instanceKlass org/springframework/data/redis/core/BoundHashOperations
instanceKlass org/springframework/data/redis/core/BoundSetOperations
instanceKlass org/springframework/data/redis/core/BoundValueOperations
instanceKlass org/springframework/data/redis/core/BoundKeyOperations
instanceKlass org/springframework/data/redis/core/script/ScriptExecutor
instanceKlass org/springframework/data/redis/core/Cursor
instanceKlass org/springframework/data/redis/core/ClusterOperations
instanceKlass org/springframework/data/redis/core/HyperLogLogOperations
instanceKlass org/springframework/data/redis/core/GeoOperations
instanceKlass org/springframework/data/redis/core/ZSetOperations
instanceKlass org/springframework/data/redis/core/StreamOperations
instanceKlass org/springframework/data/redis/core/HashMapperProvider
instanceKlass org/springframework/data/redis/hash/HashMapper
instanceKlass org/springframework/data/redis/core/SetOperations
instanceKlass org/springframework/data/redis/core/ListOperations
instanceKlass org/springframework/data/redis/core/ValueOperations
instanceKlass org/slf4j/helpers/FormattingTuple
instanceKlass org/slf4j/helpers/MessageFormatter
instanceKlass io/lettuce/core/cluster/api/reactive/RedisClusterReactiveCommands
instanceKlass io/lettuce/core/api/reactive/RedisStringReactiveCommands
instanceKlass io/lettuce/core/api/reactive/RedisStreamReactiveCommands
instanceKlass io/lettuce/core/api/reactive/RedisSortedSetReactiveCommands
instanceKlass io/lettuce/core/api/reactive/RedisSetReactiveCommands
instanceKlass io/lettuce/core/api/reactive/RedisServerReactiveCommands
instanceKlass io/lettuce/core/api/reactive/RedisScriptingReactiveCommands
instanceKlass io/lettuce/core/api/reactive/RedisListReactiveCommands
instanceKlass io/lettuce/core/api/reactive/RedisKeyReactiveCommands
instanceKlass io/lettuce/core/api/reactive/RedisHLLReactiveCommands
instanceKlass io/lettuce/core/api/reactive/RedisHashReactiveCommands
instanceKlass io/lettuce/core/api/reactive/RedisGeoReactiveCommands
instanceKlass io/lettuce/core/api/reactive/RedisAclReactiveCommands
instanceKlass io/lettuce/core/api/reactive/BaseRedisReactiveCommands
instanceKlass org/springframework/data/redis/connection/ReactiveNumberCommands
instanceKlass org/springframework/data/redis/connection/ReactiveScriptingCommands
instanceKlass org/springframework/data/redis/connection/ReactiveHyperLogLogCommands
instanceKlass org/springframework/data/redis/connection/ReactiveListCommands
instanceKlass org/springframework/data/redis/connection/ReactiveStringCommands
instanceKlass org/springframework/data/redis/connection/ReactiveGeoCommands
instanceKlass org/springframework/data/redis/connection/ReactiveZSetCommands
instanceKlass org/springframework/data/redis/connection/ReactiveServerCommands
instanceKlass org/springframework/data/redis/connection/ReactiveStreamCommands
instanceKlass org/springframework/data/redis/connection/ReactiveSetCommands
instanceKlass org/springframework/data/redis/connection/ReactiveHashCommands
instanceKlass org/springframework/data/redis/connection/ReactiveKeyCommands
instanceKlass io/netty/util/internal/shaded/org/jctools/queues/LinkedArrayQueueUtil
instanceKlass org/springframework/data/redis/connection/ReactivePubSubCommands
instanceKlass org/springframework/data/redis/connection/lettuce/LettucePoolingClientConfiguration
instanceKlass org/springframework/data/redis/connection/lettuce/StandaloneConnectionProvider$1
instanceKlass org/springframework/data/redis/connection/lettuce/StandaloneConnectionProvider
instanceKlass io/lettuce/core/output/StreamingOutput
instanceKlass io/lettuce/core/output/CommandOutput
instanceKlass org/springframework/data/redis/connection/lettuce/LettuceConnection$TypeHints
instanceKlass io/lettuce/core/codec/ByteArrayCodec
instanceKlass io/lettuce/core/codec/ToByteBufEncoder
instanceKlass io/lettuce/core/cluster/api/async/RedisClusterAsyncCommands
instanceKlass io/lettuce/core/api/async/RedisStringAsyncCommands
instanceKlass io/lettuce/core/api/async/RedisStreamAsyncCommands
instanceKlass io/lettuce/core/api/async/RedisSortedSetAsyncCommands
instanceKlass io/lettuce/core/api/async/RedisSetAsyncCommands
instanceKlass io/lettuce/core/api/async/RedisServerAsyncCommands
instanceKlass io/lettuce/core/api/async/RedisScriptingAsyncCommands
instanceKlass io/lettuce/core/api/async/RedisListAsyncCommands
instanceKlass io/lettuce/core/api/async/RedisKeyAsyncCommands
instanceKlass io/lettuce/core/api/async/RedisHLLAsyncCommands
instanceKlass io/lettuce/core/api/async/RedisHashAsyncCommands
instanceKlass io/lettuce/core/api/async/RedisGeoAsyncCommands
instanceKlass io/lettuce/core/api/async/RedisAclAsyncCommands
instanceKlass io/lettuce/core/api/async/BaseRedisAsyncCommands
instanceKlass org/springframework/data/redis/connection/Subscription
instanceKlass org/springframework/data/redis/connection/FutureResult
instanceKlass io/lettuce/core/cluster/api/sync/RedisClusterCommands
instanceKlass io/lettuce/core/api/sync/RedisStringCommands
instanceKlass io/lettuce/core/api/sync/RedisStreamCommands
instanceKlass io/lettuce/core/api/sync/RedisSortedSetCommands
instanceKlass io/lettuce/core/api/sync/RedisSetCommands
instanceKlass io/lettuce/core/api/sync/RedisServerCommands
instanceKlass io/lettuce/core/api/sync/RedisScriptingCommands
instanceKlass io/lettuce/core/api/sync/RedisListCommands
instanceKlass io/lettuce/core/api/sync/RedisKeyCommands
instanceKlass io/lettuce/core/api/sync/RedisHLLCommands
instanceKlass io/lettuce/core/api/sync/RedisHashCommands
instanceKlass io/lettuce/core/api/sync/RedisGeoCommands
instanceKlass io/lettuce/core/api/sync/RedisAclCommands
instanceKlass io/lettuce/core/api/sync/BaseRedisCommands
instanceKlass org/springframework/data/redis/core/ScanOptions
instanceKlass org/springframework/data/redis/connection/lettuce/LettuceConnectionFactory$ExceptionTranslatingConnectionProvider
instanceKlass org/springframework/data/redis/connection/lettuce/LettuceConnectionProvider$TargetAware
instanceKlass org/springframework/data/redis/connection/lettuce/LettuceConnectionFactory$$Lambda$662
instanceKlass org/springframework/data/redis/connection/lettuce/LettuceConnectionFactory$$Lambda$661
instanceKlass io/netty/channel/group/VoidChannelGroupFuture
instanceKlass io/netty/channel/group/DefaultChannelGroup$1
instanceKlass io/netty/channel/group/ChannelGroupFuture
instanceKlass io/netty/channel/ChannelFutureListener
instanceKlass io/lettuce/core/ConnectionEvents
instanceKlass io/netty/channel/ChannelHandlerAdapter
instanceKlass io/netty/channel/ChannelInboundHandler
instanceKlass io/netty/channel/ChannelOutboundHandler
instanceKlass io/lettuce/core/protocol/HasQueuedCommands
instanceKlass io/lettuce/core/sentinel/api/StatefulRedisSentinelConnection
instanceKlass io/lettuce/core/protocol/ConnectionInitializer
instanceKlass io/lettuce/core/ConnectionBuilder
instanceKlass io/lettuce/core/pubsub/StatefulRedisPubSubConnection
instanceKlass io/lettuce/core/RedisChannelHandler
instanceKlass io/lettuce/core/protocol/ConnectionFacade
instanceKlass io/lettuce/core/protocol/Endpoint
instanceKlass io/lettuce/core/protocol/PushHandler
instanceKlass io/lettuce/core/RedisChannelWriter
instanceKlass io/lettuce/core/ConnectionFuture
instanceKlass io/lettuce/core/event/Event
instanceKlass io/netty/channel/ChannelHandler
instanceKlass io/netty/channel/group/ChannelGroup
instanceKlass org/springframework/data/redis/connection/lettuce/LettuceConnectionFactory$$Lambda$660
instanceKlass io/lettuce/core/RedisURI$$Lambda$659
instanceKlass io/lettuce/core/RedisURI$$Lambda$658
instanceKlass io/lettuce/core/RedisURI$$Lambda$657
instanceKlass io/lettuce/core/RedisURI$Builder$$Lambda$656
instanceKlass io/lettuce/core/RedisURI$Builder$$Lambda$655
instanceKlass io/lettuce/core/RedisURI$Builder$$Lambda$654
instanceKlass io/lettuce/core/RedisURI$Builder$$Lambda$653
instanceKlass org/springframework/data/redis/connection/lettuce/LettuceConnectionFactory$$Lambda$652
instanceKlass org/springframework/data/redis/connection/lettuce/LettuceConnectionFactory$$Lambda$651
instanceKlass org/springframework/data/redis/connection/lettuce/LettuceConnectionFactory$$Lambda$650
instanceKlass org/springframework/data/redis/connection/lettuce/LettuceConnectionFactory$$Lambda$649
instanceKlass org/springframework/data/redis/connection/lettuce/LettuceConnectionFactory$$Lambda$648
instanceKlass io/lettuce/core/RedisURI$Builder$$Lambda$647
instanceKlass io/lettuce/core/RedisURI$Builder$$Lambda$646
instanceKlass io/lettuce/core/RedisURI$$Lambda$645
instanceKlass io/lettuce/core/RedisURI$$Lambda$644
instanceKlass io/lettuce/core/RedisURI$$Lambda$643
instanceKlass io/lettuce/core/RedisURI$$Lambda$642
instanceKlass io/lettuce/core/RedisURI$$Lambda$641
instanceKlass io/lettuce/core/RedisURI$$Lambda$640
instanceKlass java/lang/invoke/LambdaForm$DMH
instanceKlass io/lettuce/core/RedisURI$$Lambda$639
instanceKlass java/util/function/LongFunction
instanceKlass java/lang/invoke/LambdaForm$DMH
instanceKlass io/lettuce/core/internal/LettuceStrings
instanceKlass org/springframework/data/redis/connection/lettuce/LettuceConnectionFactory$$Lambda$638
instanceKlass java/util/function/IntSupplier
instanceKlass org/springframework/data/redis/connection/lettuce/LettuceConnectionFactory$$Lambda$637
instanceKlass org/springframework/data/redis/connection/RedisConfiguration$StaticMasterReplicaConfiguration
instanceKlass org/springframework/data/redis/connection/lettuce/LettucePool
instanceKlass org/springframework/data/redis/connection/Pool
instanceKlass org/springframework/data/redis/connection/DefaultedRedisClusterConnection
instanceKlass org/springframework/data/redis/connection/ClusterCommandExecutor
instanceKlass org/springframework/data/redis/connection/lettuce/LettuceConnectionFactory$SharedConnection
instanceKlass io/lettuce/core/api/StatefulRedisConnection
instanceKlass io/lettuce/core/RedisURI$Builder
instanceKlass io/lettuce/core/cluster/api/StatefulRedisClusterConnection
instanceKlass io/lettuce/core/api/StatefulConnection
instanceKlass io/lettuce/core/internal/AsyncCloseable
instanceKlass io/lettuce/core/codec/RedisCodec
instanceKlass org/springframework/data/redis/connection/lettuce/LettuceConnectionFactory$MutableLettuceClientConfiguration
instanceKlass org/springframework/data/redis/connection/RedisSocketConfiguration
instanceKlass org/springframework/data/redis/connection/RedisConfiguration$DomainSocketConfiguration
instanceKlass org/springframework/data/redis/connection/RedisConfiguration$WithDomainSocket
instanceKlass io/lettuce/core/RedisURI
instanceKlass io/lettuce/core/ConnectionPoint
instanceKlass org/springframework/data/redis/connection/lettuce/LettuceConnection$PipeliningFlushState
instanceKlass org/springframework/data/redis/connection/lettuce/LettuceConnection$PipeliningFlushPolicy
instanceKlass org/springframework/data/redis/connection/RedisStandaloneConfiguration$$Lambda$636
instanceKlass org/springframework/data/redis/connection/RedisStandaloneConfiguration$$Lambda$635
instanceKlass org/springframework/data/redis/connection/RedisPassword$$Lambda$634
instanceKlass org/springframework/data/redis/connection/RedisPassword$$Lambda$633
instanceKlass org/springframework/data/redis/connection/RedisPassword$$Lambda$632
instanceKlass org/springframework/data/redis/connection/RedisPassword
instanceKlass org/springframework/data/redis/connection/lettuce/LettuceConverters$$Lambda$631
instanceKlass io/lettuce/core/Value
instanceKlass org/springframework/data/redis/connection/lettuce/LettuceConverters$$Lambda$630
instanceKlass org/springframework/data/geo/Point
instanceKlass io/lettuce/core/GeoCoordinates
instanceKlass org/springframework/data/redis/connection/convert/ListConverter
instanceKlass org/springframework/data/redis/connection/lettuce/LettuceExceptionConverter
instanceKlass io/lettuce/core/ScanArgs
instanceKlass io/lettuce/core/CompositeArgument
instanceKlass io/lettuce/core/protocol/ProtocolKeyword
instanceKlass org/springframework/data/geo/Metric
instanceKlass org/springframework/data/redis/connection/RedisGeoCommands$GeoCommandArgs
instanceKlass org/springframework/data/redis/connection/RedisZSetCommands$Tuple
instanceKlass org/springframework/data/redis/connection/convert/Converters
instanceKlass org/springframework/data/redis/PassThroughExceptionTranslationStrategy
instanceKlass org/springframework/data/redis/connection/lettuce/LettuceReactiveRedisConnection
instanceKlass org/springframework/data/redis/connection/ReactiveRedisClusterConnection
instanceKlass org/springframework/data/redis/connection/ReactiveClusterCommands
instanceKlass org/springframework/data/redis/connection/ReactiveRedisConnection
instanceKlass org/springframework/data/redis/connection/ClusterNodeResourceProvider
instanceKlass org/springframework/data/redis/connection/lettuce/LettuceConnectionProvider
instanceKlass org/springframework/data/redis/connection/RedisSentinelConnection
instanceKlass org/springframework/data/redis/connection/RedisSentinelCommands
instanceKlass org/springframework/data/redis/connection/RedisClusterConnection
instanceKlass org/springframework/data/redis/connection/RedisClusterServerCommands
instanceKlass org/springframework/data/redis/connection/RedisClusterCommands
instanceKlass org/springframework/data/redis/connection/ClusterTopologyProvider
instanceKlass org/springframework/data/redis/ExceptionTranslationStrategy
instanceKlass org/springframework/data/redis/connection/lettuce/DefaultLettuceClientConfiguration
instanceKlass org/springframework/boot/autoconfigure/data/redis/LettuceConnectionConfiguration$$Lambda$629
instanceKlass io/lettuce/core/protocol/RatioDecodeBufferPolicy
instanceKlass io/lettuce/core/protocol/DecodeBufferPolicies$2
instanceKlass io/lettuce/core/protocol/DecodeBufferPolicies$1
instanceKlass io/lettuce/core/protocol/DecodeBufferPolicy
instanceKlass io/lettuce/core/protocol/DecodeBufferPolicies
instanceKlass io/lettuce/core/TimeoutOptions$TimeoutSource
instanceKlass io/lettuce/core/TimeoutOptions$Builder
instanceKlass io/lettuce/core/TimeoutOptions
instanceKlass io/lettuce/core/SslOptions$KeystoreAction$$Lambda$628
instanceKlass io/lettuce/core/SslOptions$KeystoreAction
instanceKlass io/lettuce/core/SslOptions$Builder$$Lambda$627
instanceKlass io/lettuce/core/SslOptions$Builder$$Lambda$626
instanceKlass io/netty/handler/ssl/SslContextBuilder
instanceKlass io/lettuce/core/SslOptions$Builder
instanceKlass io/lettuce/core/SslOptions
instanceKlass io/lettuce/core/SocketOptions$KeepAliveOptions$Builder
instanceKlass io/lettuce/core/SocketOptions$KeepAliveOptions
instanceKlass io/lettuce/core/SocketOptions$Builder
instanceKlass io/lettuce/core/SocketOptions
instanceKlass sun/reflect/generics/tree/LongSignature
instanceKlass io/lettuce/core/resource/SocketAddressResolver
instanceKlass io/lettuce/core/metrics/CommandLatencyRecorder$1
instanceKlass io/lettuce/core/metrics/DefaultCommandLatencyCollector$PauseDetectorWrapper$1
instanceKlass io/lettuce/core/metrics/DefaultCommandLatencyCollector$PauseDetectorWrapper
instanceKlass io/lettuce/core/metrics/DefaultCommandLatencyCollector$Latencies
instanceKlass io/lettuce/core/metrics/DefaultCommandLatencyCollector
instanceKlass io/lettuce/core/metrics/CommandLatencyCollector
instanceKlass io/lettuce/core/metrics/MetricCollector
instanceKlass reactor/core/publisher/Hooks
instanceKlass reactor/util/concurrent/MpscLinkedQueue$LinkedQueueNode
instanceKlass reactor/util/concurrent/Queues$$Lambda$625
instanceKlass reactor/util/concurrent/Queues$$Lambda$624
instanceKlass reactor/util/concurrent/Queues$$Lambda$623
instanceKlass reactor/util/concurrent/Queues$$Lambda$622
instanceKlass reactor/util/concurrent/Queues$$Lambda$621
instanceKlass reactor/util/concurrent/Queues$$Lambda$620
instanceKlass reactor/util/concurrent/Queues$$Lambda$619
instanceKlass reactor/util/concurrent/Queues
instanceKlass reactor/core/publisher/FluxCreate$SerializedFluxSink
instanceKlass reactor/util/context/Context0
instanceKlass reactor/util/context/CoreContext
instanceKlass reactor/core/publisher/Operators$1
instanceKlass reactor/core/publisher/OnNextFailureStrategy
instanceKlass reactor/core/Fuseable$ConditionalSubscriber
instanceKlass reactor/core/publisher/Operators
instanceKlass java/util/function/LongConsumer
instanceKlass reactor/util/context/Context
instanceKlass reactor/core/Disposables$AlwaysDisposable
instanceKlass reactor/core/Disposable$Composite
instanceKlass reactor/core/Disposable$Swap
instanceKlass reactor/core/Disposables
instanceKlass reactor/core/publisher/OperatorDisposables
instanceKlass reactor/util/context/ContextView
instanceKlass reactor/core/publisher/FluxCreate$1
instanceKlass reactor/core/publisher/InternalManySink
instanceKlass reactor/core/publisher/Sinks$Many
instanceKlass reactor/core/publisher/Flux$$Lambda$618
instanceKlass java/lang/invoke/LambdaForm$DMH
instanceKlass reactor/core/publisher/Flux$$Lambda$617
instanceKlass java/lang/invoke/LambdaForm$DMH
instanceKlass java/lang/invoke/LambdaForm$DMH
instanceKlass reactor/core/publisher/Flux$$Lambda$616
instanceKlass reactor/core/publisher/Flux$$Lambda$615
instanceKlass reactor/core/publisher/Flux$$Lambda$614
instanceKlass reactor/util/function/Tuple2
instanceKlass reactor/util/function/Tuples
instanceKlass reactor/core/publisher/InnerProducer
instanceKlass reactor/core/publisher/FluxSink
instanceKlass reactor/core/publisher/ContextHolder
instanceKlass reactor/core/publisher/DirectInnerContainer
instanceKlass io/lettuce/core/event/jfr/EventRecorder$RecordableEvent
instanceKlass io/lettuce/core/event/jfr/EventRecorderHolder
instanceKlass io/lettuce/core/event/jfr/EventRecorder
instanceKlass reactor/core/scheduler/Scheduler$Worker
instanceKlass reactor/core/scheduler/DelegateServiceScheduler
instanceKlass reactor/util/Loggers$Slf4JLogger
instanceKlass reactor/util/Logger
instanceKlass reactor/util/Loggers$Slf4JLoggerFactory
instanceKlass reactor/util/Loggers
instanceKlass reactor/core/scheduler/Schedulers$1
instanceKlass reactor/core/scheduler/Schedulers$$Lambda$613
instanceKlass reactor/core/scheduler/Schedulers$$Lambda$612
instanceKlass reactor/core/scheduler/Schedulers$$Lambda$611
instanceKlass reactor/core/scheduler/Schedulers$$Lambda$610
instanceKlass reactor/core/scheduler/Schedulers$$Lambda$609
instanceKlass reactor/core/scheduler/Schedulers$$Lambda$608
instanceKlass reactor/core/scheduler/Schedulers$$Lambda$607
instanceKlass reactor/core/scheduler/Schedulers$$Lambda$606
instanceKlass reactor/core/scheduler/Schedulers$$Lambda$605
instanceKlass reactor/core/scheduler/Scheduler
instanceKlass reactor/core/scheduler/Schedulers$Factory
instanceKlass reactor/core/scheduler/Schedulers
instanceKlass io/lettuce/core/event/DefaultEventBus
instanceKlass io/netty/util/concurrent/FastThreadLocalRunnable
instanceKlass io/netty/util/internal/shaded/org/jctools/util/UnsafeRefArrayAccess
instanceKlass io/netty/util/internal/shaded/org/jctools/util/Pow2
instanceKlass io/netty/util/internal/shaded/org/jctools/util/RangeUtil
instanceKlass io/netty/util/internal/shaded/org/jctools/util/UnsafeAccess
instanceKlass io/netty/util/internal/PlatformDependent$Mpsc$1
instanceKlass io/netty/util/internal/PlatformDependent$Mpsc
instanceKlass io/netty/util/internal/PlatformDependent$4
instanceKlass io/netty/util/internal/CleanerJava6$1
instanceKlass io/netty/util/internal/CleanerJava6
instanceKlass io/netty/util/internal/PlatformDependent$2
instanceKlass io/netty/util/internal/PlatformDependent$1
instanceKlass sun/misc/VMNotification
instanceKlass io/netty/util/internal/PlatformDependent0$6
instanceKlass io/netty/util/internal/PlatformDependent0$5
instanceKlass io/netty/util/internal/PlatformDependent0$4
instanceKlass io/netty/util/internal/PlatformDependent0$3
instanceKlass io/netty/util/internal/PlatformDependent0$2
instanceKlass io/netty/util/internal/ReflectionUtil
instanceKlass io/netty/util/internal/PlatformDependent0$1
instanceKlass io/netty/util/internal/PlatformDependent0
instanceKlass io/netty/util/internal/shaded/org/jctools/queues/SupportsIterator
instanceKlass io/netty/util/internal/shaded/org/jctools/queues/QueueProgressIndicators
instanceKlass io/netty/util/internal/shaded/org/jctools/queues/IndexedQueueSizeUtil$IndexedQueue
instanceKlass io/netty/util/internal/LongCounter
instanceKlass io/netty/util/internal/shaded/org/jctools/queues/MessagePassingQueue
instanceKlass io/netty/util/internal/PlatformDependent$ThreadLocalRandomProvider
instanceKlass io/netty/util/internal/Cleaner
instanceKlass io/netty/util/internal/PlatformDependent
instanceKlass io/netty/util/concurrent/ImmediateExecutor
instanceKlass io/netty/util/HashedWheelTimer$HashedWheelBucket
instanceKlass io/netty/util/HashedWheelTimer$Worker
instanceKlass javax/security/cert/Certificate
instanceKlass io/netty/util/AsciiString
instanceKlass io/netty/util/internal/EmptyArrays
instanceKlass io/netty/util/ResourceLeakTracker
instanceKlass io/netty/util/ResourceLeak
instanceKlass io/netty/util/ResourceLeakDetector
instanceKlass io/netty/util/ResourceLeakDetectorFactory
instanceKlass io/netty/util/Timeout
instanceKlass io/netty/util/HashedWheelTimer
instanceKlass io/netty/util/concurrent/MultithreadEventExecutorGroup$1
instanceKlass io/netty/util/concurrent/DefaultEventExecutorChooserFactory$GenericEventExecutorChooser
instanceKlass io/netty/util/internal/ThreadExecutorMap$1
instanceKlass io/netty/util/internal/ThreadExecutorMap$3
instanceKlass io/netty/util/internal/UnpaddedInternalThreadLocalMap
instanceKlass io/netty/util/concurrent/FastThreadLocal
instanceKlass io/netty/util/internal/ThreadExecutorMap
instanceKlass io/netty/util/internal/StringUtil
instanceKlass io/netty/util/concurrent/GlobalEventExecutor$TaskRunner
instanceKlass io/netty/util/concurrent/GlobalEventExecutor$1
instanceKlass io/netty/util/concurrent/PromiseTask$SentinelRunnable
instanceKlass io/netty/util/internal/PriorityQueueNode
instanceKlass io/netty/util/internal/ThrowableUtil
instanceKlass io/netty/util/concurrent/DefaultPromise$CauseHolder
instanceKlass io/netty/util/concurrent/AbstractFuture
instanceKlass io/netty/util/concurrent/EventExecutorChooserFactory$EventExecutorChooser
instanceKlass io/netty/util/concurrent/DefaultEventExecutorChooserFactory
instanceKlass io/netty/util/concurrent/ThreadPerTaskExecutor
instanceKlass io/netty/util/concurrent/RejectedExecutionHandlers$1
instanceKlass io/netty/util/concurrent/RejectedExecutionHandlers
instanceKlass io/netty/util/concurrent/RejectedExecutionHandler
instanceKlass io/netty/util/concurrent/SingleThreadEventExecutor$1
instanceKlass io/netty/util/concurrent/AbstractScheduledEventExecutor$2
instanceKlass io/netty/util/concurrent/AbstractScheduledEventExecutor$1
instanceKlass io/netty/util/concurrent/ThreadProperties
instanceKlass io/netty/util/internal/PriorityQueue
instanceKlass io/netty/util/concurrent/ScheduledFuture
instanceKlass io/netty/util/concurrent/ProgressivePromise
instanceKlass io/netty/util/concurrent/ProgressiveFuture
instanceKlass io/netty/util/concurrent/OrderedEventExecutor
instanceKlass io/netty/util/concurrent/DefaultThreadFactory
instanceKlass io/netty/util/concurrent/EventExecutorChooserFactory
instanceKlass io/netty/util/concurrent/FutureListener
instanceKlass io/netty/util/concurrent/AbstractEventExecutorGroup
instanceKlass io/lettuce/core/resource/DefaultEventLoopGroupProvider
instanceKlass org/springframework/boot/autoconfigure/data/redis/LettuceConnectionConfiguration$$Lambda$604
instanceKlass io/lettuce/core/tracing/NoOpTracing$1
instanceKlass io/lettuce/core/tracing/Tracing$Endpoint
instanceKlass io/lettuce/core/tracing/TracerProvider
instanceKlass io/lettuce/core/tracing/TraceContextProvider
instanceKlass io/lettuce/core/tracing/Tracing
instanceKlass io/lettuce/core/internal/LettuceAssert
instanceKlass io/lettuce/core/event/DefaultEventPublisherOptions$Builder
instanceKlass io/lettuce/core/event/DefaultEventPublisherOptions
instanceKlass io/lettuce/core/metrics/DefaultCommandLatencyCollectorOptions$Builder
instanceKlass io/lettuce/core/metrics/CommandLatencyCollectorOptions$Builder
instanceKlass io/lettuce/core/metrics/DefaultCommandLatencyCollectorOptions
instanceKlass io/lettuce/core/resource/ThreadFactoryProvider
instanceKlass io/lettuce/core/event/EventPublisherOptions
instanceKlass io/lettuce/core/metrics/CommandLatencyCollectorOptions
instanceKlass io/netty/util/internal/SystemPropertyUtil
instanceKlass io/netty/util/concurrent/GenericFutureListener
instanceKlass io/lettuce/core/internal/LettuceClassUtils
instanceKlass io/netty/resolver/AddressResolverGroup
instanceKlass io/lettuce/core/resource/AddressResolverGroupProvider
instanceKlass io/lettuce/core/resource/DefaultClientResources$$Lambda$603
instanceKlass io/lettuce/core/resource/Delay$StatefulDelay
instanceKlass io/lettuce/core/resource/Delay
instanceKlass io/netty/util/internal/ObjectUtil
instanceKlass io/netty/util/internal/logging/Slf4JLoggerFactory$NopInstanceHolder
instanceKlass io/netty/util/internal/logging/AbstractInternalLogger
instanceKlass io/netty/util/internal/logging/InternalLogger
instanceKlass io/netty/util/internal/logging/InternalLoggerFactory
instanceKlass io/netty/util/concurrent/Promise
instanceKlass io/netty/util/concurrent/Future
instanceKlass io/netty/util/concurrent/EventExecutor
instanceKlass io/netty/util/concurrent/EventExecutorGroup
instanceKlass io/lettuce/core/resource/NettyCustomizer
instanceKlass io/lettuce/core/resource/DnsResolver
instanceKlass io/lettuce/core/event/metrics/MetricEventPublisher
instanceKlass io/lettuce/core/metrics/CommandLatencyRecorder
instanceKlass io/lettuce/core/event/EventBus
instanceKlass io/netty/util/Timer
instanceKlass io/lettuce/core/resource/EventLoopGroupProvider
instanceKlass org/springframework/core/convert/support/StringToNumberConverterFactory$StringToNumber
instanceKlass org/springframework/boot/autoconfigure/data/redis/RedisProperties$Lettuce$Cluster$Refresh
instanceKlass org/springframework/boot/autoconfigure/data/redis/RedisProperties$Lettuce$Cluster
instanceKlass com/sky/vo/SetmealVO
instanceKlass com/sky/dto/SetmealDTO
instanceKlass com/sky/dto/EmployeeLoginDTO
instanceKlass com/sky/dto/EmployeeDTO
instanceKlass com/sky/vo/DishVO
instanceKlass com/sky/dto/DishDTO
instanceKlass org/springframework/web/multipart/MultipartFile
instanceKlass org/springframework/aop/framework/JdkDynamicAopProxy
instanceKlass org/springframework/aop/framework/AopProxy
instanceKlass org/springframework/aop/framework/DefaultAopProxyFactory
instanceKlass org/springframework/aop/framework/DefaultAdvisorChainFactory
instanceKlass org/springframework/aop/target/EmptyTargetSource
instanceKlass org/springframework/aop/framework/AopProxyFactory
instanceKlass org/springframework/aop/framework/AdvisorChainFactory
instanceKlass org/springframework/aop/target/SingletonTargetSource
instanceKlass org/aspectj/util/PartialOrder$SortObject
instanceKlass org/aspectj/util/PartialOrder
instanceKlass org/springframework/aop/aspectj/autoproxy/AspectJAwareAdvisorAutoProxyCreator$PartiallyComparableAdvisorHolder
instanceKlass org/springframework/aop/Advisor$1
instanceKlass org/springframework/aop/interceptor/ExposeInvocationInterceptor
instanceKlass org/aspectj/apache/bcel/classfile/annotation/ElementValue
instanceKlass org/aspectj/apache/bcel/classfile/annotation/NameValuePair
instanceKlass org/aspectj/apache/bcel/classfile/Utility
instanceKlass org/aspectj/apache/bcel/ExceptionConstants
instanceKlass org/aspectj/apache/bcel/ConstantsInitializer
instanceKlass org/aspectj/apache/bcel/generic/Type
instanceKlass org/aspectj/apache/bcel/Constants
instanceKlass org/aspectj/apache/bcel/classfile/Attribute
instanceKlass org/aspectj/apache/bcel/classfile/AttributeUtils
instanceKlass org/aspectj/apache/bcel/classfile/annotation/AnnotationGen
instanceKlass org/aspectj/apache/bcel/classfile/Modifiers
instanceKlass org/aspectj/apache/bcel/classfile/SimpleConstant
instanceKlass org/aspectj/apache/bcel/classfile/Constant
instanceKlass org/aspectj/apache/bcel/classfile/ConstantPool
instanceKlass org/aspectj/apache/bcel/classfile/Node
instanceKlass org/aspectj/apache/bcel/classfile/ClassParser
instanceKlass org/apache/ibatis/binding/MapperProxy$MapperMethodInvoker
instanceKlass org/apache/ibatis/binding/MapperProxy
instanceKlass org/apache/ibatis/cursor/Cursor
instanceKlass org/mybatis/spring/SqlSessionTemplate$SqlSessionInterceptor
instanceKlass org/mybatis/spring/MyBatisExceptionTranslator$$Lambda$602
instanceKlass org/springframework/jdbc/support/SQLExceptionTranslator
instanceKlass org/mybatis/spring/MyBatisExceptionTranslator
instanceKlass org/apache/ibatis/session/defaults/DefaultSqlSessionFactory
instanceKlass com/sky/dto/SetmealPageQueryDTO
instanceKlass org/apache/ibatis/scripting/xmltags/ForEachSqlNode
instanceKlass com/sky/dto/EmployeePageQueryDTO
instanceKlass org/apache/ibatis/executor/keygen/SelectKeyGenerator
instanceKlass com/sky/dto/DishPageQueryDTO
instanceKlass org/mybatis/spring/SqlSessionFactoryBean$$Lambda$601
instanceKlass org/apache/ibatis/builder/annotation/MapperAnnotationBuilder$$Lambda$600
instanceKlass org/apache/ibatis/reflection/Reflector$$Lambda$599
instanceKlass org/apache/ibatis/reflection/Reflector$$Lambda$598
instanceKlass org/apache/ibatis/reflection/Reflector$$Lambda$597
instanceKlass org/apache/ibatis/reflection/property/PropertyNamer
instanceKlass org/apache/ibatis/reflection/Reflector$$Lambda$596
instanceKlass org/apache/ibatis/reflection/Reflector$$Lambda$595
instanceKlass org/apache/ibatis/reflection/Reflector$$Lambda$594
instanceKlass org/apache/ibatis/reflection/Reflector$$Lambda$593
instanceKlass org/apache/ibatis/reflection/DefaultReflectorFactory$$Lambda$592
instanceKlass java/lang/invoke/LambdaForm$DMH
instanceKlass org/apache/ibatis/reflection/invoker/MethodInvoker
instanceKlass org/apache/ibatis/reflection/invoker/Invoker
instanceKlass org/apache/ibatis/reflection/Reflector
instanceKlass org/apache/ibatis/reflection/MetaClass
instanceKlass org/apache/ibatis/annotations/ResultType
instanceKlass org/apache/ibatis/session/Configuration$StrictMap$Ambiguity
instanceKlass org/apache/ibatis/builder/annotation/MapperAnnotationBuilder$$Lambda$591
instanceKlass org/apache/ibatis/annotations/Options$List
instanceKlass org/apache/ibatis/annotations/Options
instanceKlass org/apache/ibatis/builder/StaticSqlSource
instanceKlass org/apache/ibatis/mapping/ParameterMapping
instanceKlass org/apache/ibatis/mapping/ParameterMapping$Builder
instanceKlass org/apache/ibatis/reflection/property/PropertyTokenizer
instanceKlass org/apache/ibatis/reflection/wrapper/BaseWrapper
instanceKlass org/apache/ibatis/reflection/wrapper/ObjectWrapper
instanceKlass org/apache/ibatis/scripting/defaults/RawSqlSource
instanceKlass java/util/StringJoiner
instanceKlass org/apache/ibatis/builder/annotation/MapperAnnotationBuilder$$Lambda$590
instanceKlass org/apache/ibatis/annotations/DeleteProvider$List
instanceKlass org/apache/ibatis/annotations/InsertProvider$List
instanceKlass org/apache/ibatis/annotations/UpdateProvider$List
instanceKlass org/apache/ibatis/annotations/Lang
instanceKlass org/apache/ibatis/annotations/TypeDiscriminator
instanceKlass org/apache/ibatis/annotations/Results
instanceKlass org/apache/ibatis/annotations/Result
instanceKlass org/apache/ibatis/annotations/ConstructorArgs
instanceKlass org/apache/ibatis/annotations/Arg
instanceKlass org/apache/ibatis/reflection/TypeParameterResolver$ParameterizedTypeImpl
instanceKlass org/apache/ibatis/reflection/TypeParameterResolver
instanceKlass org/apache/ibatis/annotations/ResultMap
instanceKlass org/apache/ibatis/annotations/SelectProvider$List
instanceKlass sun/reflect/annotation/AnnotationSupport
instanceKlass java/util/stream/Collectors$$Lambda$589
instanceKlass java/util/stream/Collectors$$Lambda$588
instanceKlass java/util/stream/Collectors$$Lambda$587
instanceKlass org/apache/ibatis/builder/annotation/MapperAnnotationBuilder$$Lambda$586
instanceKlass org/apache/ibatis/builder/annotation/MapperAnnotationBuilder$$Lambda$585
instanceKlass org/apache/ibatis/builder/annotation/MapperAnnotationBuilder$$Lambda$584
instanceKlass org/apache/ibatis/builder/annotation/MapperAnnotationBuilder$$Lambda$583
instanceKlass org/apache/ibatis/builder/annotation/MapperAnnotationBuilder$AnnotationWrapper
instanceKlass org/apache/ibatis/builder/annotation/MapperAnnotationBuilder$$Lambda$582
instanceKlass org/apache/ibatis/annotations/CacheNamespaceRef
instanceKlass org/apache/ibatis/annotations/CacheNamespace
instanceKlass org/apache/ibatis/annotations/DeleteProvider
instanceKlass org/apache/ibatis/annotations/InsertProvider
instanceKlass org/apache/ibatis/annotations/UpdateProvider
instanceKlass org/apache/ibatis/annotations/SelectProvider
instanceKlass org/apache/ibatis/builder/annotation/MapperAnnotationBuilder
instanceKlass org/apache/ibatis/binding/MapperProxyFactory
instanceKlass org/apache/ibatis/mapping/ResultMap$Builder
instanceKlass org/apache/ibatis/mapping/ParameterMap$Builder
instanceKlass org/apache/ibatis/mapping/MappedStatement$Builder
instanceKlass org/apache/ibatis/scripting/xmltags/DynamicSqlSource
instanceKlass org/apache/ibatis/scripting/xmltags/DynamicContext
instanceKlass org/apache/ibatis/scripting/xmltags/TrimSqlNode
instanceKlass org/apache/ibatis/scripting/xmltags/ExpressionEvaluator
instanceKlass org/apache/ibatis/scripting/xmltags/IfSqlNode
instanceKlass org/apache/ibatis/scripting/xmltags/MixedSqlNode
instanceKlass org/apache/ibatis/scripting/xmltags/StaticTextSqlNode
instanceKlass org/apache/ibatis/scripting/xmltags/TextSqlNode$DynamicCheckerTokenParser
instanceKlass org/apache/ibatis/scripting/xmltags/TextSqlNode
instanceKlass org/apache/ibatis/scripting/xmltags/XMLScriptBuilder$BindHandler
instanceKlass org/apache/ibatis/scripting/xmltags/XMLScriptBuilder$OtherwiseHandler
instanceKlass org/apache/ibatis/scripting/xmltags/XMLScriptBuilder$ChooseHandler
instanceKlass org/apache/ibatis/scripting/xmltags/XMLScriptBuilder$IfHandler
instanceKlass org/apache/ibatis/scripting/xmltags/XMLScriptBuilder$ForEachHandler
instanceKlass org/apache/ibatis/scripting/xmltags/XMLScriptBuilder$SetHandler
instanceKlass org/apache/ibatis/scripting/xmltags/XMLScriptBuilder$WhereHandler
instanceKlass org/apache/ibatis/scripting/xmltags/XMLScriptBuilder$TrimHandler
instanceKlass org/apache/ibatis/scripting/xmltags/XMLScriptBuilder$NodeHandler
instanceKlass org/apache/ibatis/executor/keygen/NoKeyGenerator
instanceKlass org/apache/ibatis/builder/xml/XMLIncludeTransformer$$Lambda$581
instanceKlass org/apache/ibatis/builder/xml/XMLIncludeTransformer
instanceKlass com/sun/org/apache/xpath/internal/XPathVisitor
instanceKlass com/sun/org/apache/xpath/internal/axes/NodeSequence$IteratorCache
instanceKlass com/sun/org/apache/xml/internal/dtm/ref/DTMNodeListBase
instanceKlass com/sun/org/apache/xml/internal/utils/XMLCharacterRecognizer
instanceKlass com/sun/org/apache/xerces/internal/dom/CharacterDataImpl$1
instanceKlass org/apache/ibatis/parsing/GenericTokenParser
instanceKlass org/apache/ibatis/parsing/PropertyParser$VariableTokenHandler
instanceKlass org/apache/ibatis/parsing/TokenHandler
instanceKlass org/apache/ibatis/parsing/PropertyParser
instanceKlass com/sun/org/apache/xerces/internal/dom/NamedNodeMapImpl
instanceKlass org/w3c/dom/NamedNodeMap
instanceKlass com/sun/org/apache/xml/internal/dtm/ref/DTMNodeIterator
instanceKlass org/w3c/dom/traversal/NodeIterator
instanceKlass com/sun/org/apache/xml/internal/dtm/DTMAxisTraverser
instanceKlass com/sun/org/apache/xml/internal/dtm/Axis
instanceKlass com/sun/org/apache/xpath/internal/objects/Comparator
instanceKlass com/sun/org/apache/xml/internal/dtm/ref/dom2dtm/DOM2DTMdefaultNamespaceDeclarationNode
instanceKlass com/sun/org/apache/xml/internal/utils/NSInfo
instanceKlass com/sun/org/apache/xml/internal/utils/DOMHelper
instanceKlass org/xml/sax/helpers/LocatorImpl
instanceKlass org/xml/sax/Locator
instanceKlass com/sun/org/apache/xml/internal/utils/TreeWalker
instanceKlass com/sun/org/apache/xml/internal/utils/SuballocatedIntVector
instanceKlass com/sun/org/apache/xml/internal/dtm/ref/DTMDefaultBase
instanceKlass com/sun/org/apache/xml/internal/dtm/ref/DTMNodeProxy
instanceKlass org/w3c/dom/DocumentFragment
instanceKlass org/w3c/dom/Comment
instanceKlass org/w3c/dom/ProcessingInstruction
instanceKlass org/w3c/dom/Attr
instanceKlass org/w3c/dom/Text
instanceKlass org/w3c/dom/CharacterData
instanceKlass com/sun/org/apache/xml/internal/dtm/ref/ExpandedNameTable$HashEntry
instanceKlass com/sun/org/apache/xml/internal/dtm/ref/ExtendedType
instanceKlass com/sun/org/apache/xml/internal/dtm/ref/ExpandedNameTable
instanceKlass com/sun/org/apache/xml/internal/dtm/DTM
instanceKlass com/sun/org/apache/xml/internal/utils/XMLStringFactory
instanceKlass com/sun/org/apache/xpath/internal/XPathContext$XPathExpressionContext
instanceKlass com/sun/org/apache/xalan/internal/extensions/ExpressionContext
instanceKlass com/sun/org/apache/xml/internal/utils/NodeVector
instanceKlass com/sun/org/apache/xpath/internal/SourceTreeManager
instanceKlass com/sun/org/apache/xpath/internal/VariableStack
instanceKlass com/sun/org/apache/xml/internal/utils/IntVector
instanceKlass com/sun/org/apache/xml/internal/dtm/DTMManager
instanceKlass com/sun/org/apache/xpath/internal/axes/IteratorPool
instanceKlass com/sun/org/apache/xpath/internal/axes/SubContextList
instanceKlass com/sun/org/apache/xpath/internal/axes/PathComponent
instanceKlass com/sun/org/apache/xml/internal/dtm/DTMIterator
instanceKlass com/sun/org/apache/xpath/internal/axes/WalkerFactory
instanceKlass com/sun/org/apache/xpath/internal/compiler/OpMapVector
instanceKlass com/sun/org/apache/xpath/internal/compiler/Lexer
instanceKlass com/sun/org/apache/xml/internal/utils/ObjectVector
instanceKlass com/sun/org/apache/xpath/internal/compiler/OpMap
instanceKlass com/sun/org/apache/xpath/internal/compiler/XPathParser
instanceKlass com/sun/org/apache/xml/internal/utils/DefaultErrorHandler
instanceKlass com/sun/org/apache/xpath/internal/Expression
instanceKlass com/sun/org/apache/xpath/internal/XPathVisitable
instanceKlass com/sun/org/apache/xpath/internal/ExpressionNode
instanceKlass javax/xml/transform/SourceLocator
instanceKlass com/sun/org/apache/xpath/internal/compiler/FunctionTable
instanceKlass com/sun/org/apache/xpath/internal/XPath
instanceKlass com/sun/org/apache/xpath/internal/ExpressionOwner
instanceKlass javax/xml/namespace/QName$1
instanceKlass javax/xml/namespace/QName
instanceKlass javax/xml/xpath/XPathConstants
instanceKlass org/apache/ibatis/executor/ErrorContext$$Lambda$580
instanceKlass org/apache/ibatis/executor/ErrorContext
instanceKlass com/sun/org/apache/xerces/internal/impl/dtd/models/MixedContentModel
instanceKlass com/sun/org/apache/xerces/internal/impl/dtd/DTDGrammar$ChildrenList
instanceKlass com/sun/org/apache/xerces/internal/impl/dtd/models/CMStateSet
instanceKlass com/sun/org/apache/xerces/internal/impl/dtd/models/DFAContentModel
instanceKlass com/sun/org/apache/xerces/internal/impl/dtd/models/CMNode
instanceKlass com/sun/xml/internal/stream/StaxXMLInputSource
instanceKlass com/sun/org/apache/xerces/internal/impl/XMLDocumentScannerImpl$DTDDriver
instanceKlass com/sun/org/apache/xerces/internal/impl/dtd/XMLContentSpec
instanceKlass com/sun/org/apache/xerces/internal/impl/dtd/models/ContentModelValidator
instanceKlass com/sun/org/apache/xerces/internal/impl/dtd/DTDGrammar
instanceKlass com/sun/org/apache/xerces/internal/xni/grammars/Grammar
instanceKlass com/sun/org/apache/xerces/internal/impl/validation/EntityState
instanceKlass com/sun/org/apache/xerces/internal/util/URI
instanceKlass com/sun/org/apache/xerces/internal/dom/DeferredDocumentImpl$RefCount
instanceKlass com/sun/org/apache/xerces/internal/dom/NodeListCache
instanceKlass org/w3c/dom/TypeInfo
instanceKlass org/w3c/dom/Element
instanceKlass org/w3c/dom/DocumentType
instanceKlass com/sun/org/apache/xerces/internal/dom/NodeImpl
instanceKlass org/w3c/dom/events/EventTarget
instanceKlass org/w3c/dom/NodeList
instanceKlass org/w3c/dom/Document
instanceKlass org/w3c/dom/ranges/DocumentRange
instanceKlass org/w3c/dom/events/DocumentEvent
instanceKlass org/w3c/dom/traversal/DocumentTraversal
instanceKlass com/sun/org/apache/xerces/internal/dom/DeferredNode
instanceKlass com/sun/org/apache/xerces/internal/util/XMLSymbols
instanceKlass com/sun/org/apache/xerces/internal/util/XMLChar
instanceKlass com/sun/xml/internal/stream/Entity
instanceKlass com/sun/xml/internal/stream/util/BufferAllocator
instanceKlass com/sun/xml/internal/stream/util/ThreadLocalBufferAllocator
instanceKlass com/sun/org/apache/xerces/internal/utils/XMLLimitAnalyzer
instanceKlass com/sun/org/apache/xerces/internal/xni/parser/XMLInputSource
instanceKlass org/apache/ibatis/parsing/XPathParser$1
instanceKlass com/sun/org/apache/xerces/internal/impl/ExternalSubsetResolver
instanceKlass com/sun/org/apache/xerces/internal/util/EntityResolverWrapper
instanceKlass org/xml/sax/ext/EntityResolver2
instanceKlass com/sun/org/apache/xerces/internal/impl/Constants$ArrayEnumeration
instanceKlass com/sun/org/apache/xerces/internal/impl/Constants
instanceKlass com/sun/org/apache/xerces/internal/utils/XMLSecurityPropertyManager
instanceKlass com/sun/org/apache/xerces/internal/util/ErrorHandlerWrapper
instanceKlass com/sun/org/apache/xerces/internal/xni/parser/XMLErrorHandler
instanceKlass org/xml/sax/helpers/DefaultHandler
instanceKlass org/xml/sax/ContentHandler
instanceKlass org/xml/sax/DTDHandler
instanceKlass com/sun/org/apache/xerces/internal/util/PropertyState
instanceKlass com/sun/org/apache/xerces/internal/util/FeatureState
instanceKlass com/sun/org/apache/xerces/internal/impl/msg/XMLMessageFormatter
instanceKlass com/sun/org/apache/xerces/internal/util/MessageFormatter
instanceKlass com/sun/org/apache/xerces/internal/impl/XMLVersionDetector
instanceKlass com/sun/org/apache/xerces/internal/impl/validation/ValidationManager
instanceKlass com/sun/org/apache/xerces/internal/impl/dv/dtd/NMTOKENDatatypeValidator
instanceKlass com/sun/org/apache/xerces/internal/impl/dv/dtd/NOTATIONDatatypeValidator
instanceKlass com/sun/org/apache/xerces/internal/impl/dv/dtd/ENTITYDatatypeValidator
instanceKlass com/sun/org/apache/xerces/internal/impl/dv/dtd/ListDatatypeValidator
instanceKlass com/sun/org/apache/xerces/internal/impl/dv/dtd/IDREFDatatypeValidator
instanceKlass com/sun/org/apache/xerces/internal/impl/dv/dtd/IDDatatypeValidator
instanceKlass com/sun/org/apache/xerces/internal/impl/dv/dtd/StringDatatypeValidator
instanceKlass com/sun/org/apache/xerces/internal/impl/dv/DatatypeValidator
instanceKlass com/sun/org/apache/xerces/internal/impl/dv/DTDDVFactory
instanceKlass com/sun/org/apache/xerces/internal/impl/dtd/DTDGrammarBucket
instanceKlass com/sun/org/apache/xerces/internal/impl/dtd/XMLAttributeDecl
instanceKlass com/sun/org/apache/xerces/internal/impl/dtd/XMLSimpleType
instanceKlass com/sun/org/apache/xerces/internal/impl/dtd/XMLElementDecl
instanceKlass com/sun/org/apache/xerces/internal/impl/validation/ValidationState
instanceKlass com/sun/org/apache/xerces/internal/impl/dv/ValidationContext
instanceKlass com/sun/org/apache/xerces/internal/impl/dtd/XMLDTDValidator
instanceKlass com/sun/org/apache/xerces/internal/impl/RevalidationHandler
instanceKlass com/sun/org/apache/xerces/internal/impl/dtd/XMLDTDValidatorFilter
instanceKlass com/sun/org/apache/xerces/internal/xni/parser/XMLDocumentFilter
instanceKlass com/sun/org/apache/xerces/internal/impl/dtd/XMLEntityDecl
instanceKlass com/sun/org/apache/xerces/internal/impl/dtd/XMLDTDProcessor
instanceKlass com/sun/org/apache/xerces/internal/xni/parser/XMLDTDContentModelFilter
instanceKlass com/sun/org/apache/xerces/internal/xni/parser/XMLDTDFilter
instanceKlass com/sun/org/apache/xerces/internal/xni/parser/XMLDTDScanner
instanceKlass com/sun/org/apache/xerces/internal/xni/parser/XMLDTDContentModelSource
instanceKlass com/sun/org/apache/xerces/internal/xni/parser/XMLDTDSource
instanceKlass com/sun/org/apache/xerces/internal/xni/grammars/XMLDTDDescription
instanceKlass com/sun/org/apache/xerces/internal/xni/grammars/XMLGrammarDescription
instanceKlass com/sun/org/apache/xerces/internal/impl/XMLDocumentScannerImpl$TrailingMiscDriver
instanceKlass com/sun/org/apache/xerces/internal/impl/XMLDocumentScannerImpl$PrologDriver
instanceKlass com/sun/org/apache/xerces/internal/impl/XMLDocumentScannerImpl$XMLDeclDriver
instanceKlass com/sun/org/apache/xerces/internal/util/NamespaceSupport
instanceKlass com/sun/org/apache/xerces/internal/xni/NamespaceContext
instanceKlass com/sun/org/apache/xerces/internal/util/XMLAttributesImpl$Attribute
instanceKlass com/sun/org/apache/xerces/internal/util/XMLAttributesImpl
instanceKlass com/sun/org/apache/xerces/internal/xni/XMLAttributes
instanceKlass com/sun/org/apache/xerces/internal/impl/XMLDocumentFragmentScannerImpl$FragmentContentDriver
instanceKlass com/sun/org/apache/xerces/internal/impl/XMLDocumentFragmentScannerImpl$Driver
instanceKlass com/sun/org/apache/xerces/internal/impl/XMLDocumentFragmentScannerImpl$ElementStack2
instanceKlass com/sun/org/apache/xerces/internal/xni/QName
instanceKlass com/sun/org/apache/xerces/internal/impl/XMLDocumentFragmentScannerImpl$ElementStack
instanceKlass com/sun/org/apache/xerces/internal/xni/XMLString
instanceKlass com/sun/org/apache/xerces/internal/impl/XMLScanner
instanceKlass com/sun/xml/internal/stream/XMLBufferListener
instanceKlass com/sun/org/apache/xerces/internal/impl/XMLEntityHandler
instanceKlass com/sun/org/apache/xerces/internal/xni/parser/XMLDocumentScanner
instanceKlass com/sun/org/apache/xerces/internal/xni/parser/XMLDocumentSource
instanceKlass com/sun/org/apache/xerces/internal/impl/XMLErrorReporter
instanceKlass com/sun/org/apache/xerces/internal/impl/XMLEntityScanner
instanceKlass com/sun/org/apache/xerces/internal/xni/XMLLocator
instanceKlass com/sun/xml/internal/stream/XMLEntityStorage
instanceKlass com/sun/org/apache/xerces/internal/utils/SecuritySupport$8
instanceKlass com/sun/org/apache/xerces/internal/utils/SecuritySupport$4
instanceKlass com/sun/org/apache/xerces/internal/utils/SecuritySupport
instanceKlass com/sun/org/apache/xerces/internal/utils/XMLSecurityManager
instanceKlass com/sun/org/apache/xerces/internal/impl/XMLEntityManager$CharacterBuffer
instanceKlass com/sun/org/apache/xerces/internal/impl/XMLEntityManager$CharacterBufferPool
instanceKlass com/sun/org/apache/xerces/internal/util/AugmentationsImpl$AugmentationsItemsContainer
instanceKlass com/sun/org/apache/xerces/internal/util/AugmentationsImpl
instanceKlass com/sun/org/apache/xerces/internal/xni/Augmentations
instanceKlass com/sun/org/apache/xerces/internal/util/XMLResourceIdentifierImpl
instanceKlass com/sun/org/apache/xerces/internal/xni/XMLResourceIdentifier
instanceKlass com/sun/org/apache/xerces/internal/impl/XMLEntityManager
instanceKlass com/sun/org/apache/xerces/internal/xni/parser/XMLEntityResolver
instanceKlass com/sun/org/apache/xerces/internal/xni/parser/XMLComponent
instanceKlass com/sun/org/apache/xerces/internal/util/SymbolTable$Entry
instanceKlass com/sun/org/apache/xerces/internal/util/SymbolTable
instanceKlass com/sun/org/apache/xerces/internal/util/ParserConfigurationSettings
instanceKlass com/sun/org/apache/xerces/internal/parsers/XML11Configurable
instanceKlass com/sun/org/apache/xerces/internal/xni/parser/XMLPullParserConfiguration
instanceKlass com/sun/org/apache/xerces/internal/xni/parser/XMLParserConfiguration
instanceKlass com/sun/org/apache/xerces/internal/xni/parser/XMLComponentManager
instanceKlass com/sun/org/apache/xerces/internal/parsers/XMLParser
instanceKlass com/sun/org/apache/xerces/internal/xni/XMLDTDContentModelHandler
instanceKlass com/sun/org/apache/xerces/internal/xni/XMLDTDHandler
instanceKlass com/sun/org/apache/xerces/internal/xni/XMLDocumentHandler
instanceKlass javax/xml/parsers/DocumentBuilder
instanceKlass com/sun/org/apache/xerces/internal/jaxp/JAXPConstants
instanceKlass javax/xml/parsers/SecuritySupport$1
instanceKlass javax/xml/parsers/FactoryFinder$1
instanceKlass javax/xml/parsers/SecuritySupport$5
instanceKlass javax/xml/parsers/SecuritySupport$2
instanceKlass javax/xml/parsers/SecuritySupport
instanceKlass javax/xml/parsers/FactoryFinder
instanceKlass javax/xml/parsers/DocumentBuilderFactory
instanceKlass com/sun/org/apache/xpath/internal/jaxp/XPathImpl
instanceKlass javax/xml/xpath/XPath
instanceKlass javax/xml/xpath/SecuritySupport$5
instanceKlass javax/xml/xpath/XPathFactoryFinder$2
instanceKlass javax/xml/xpath/SecuritySupport$8
instanceKlass javax/xml/xpath/SecuritySupport$2
instanceKlass javax/xml/xpath/XPathFactoryFinder
instanceKlass javax/xml/xpath/SecuritySupport$1
instanceKlass javax/xml/xpath/SecuritySupport
instanceKlass javax/xml/xpath/XPathFactory
instanceKlass org/apache/ibatis/builder/xml/XMLMapperEntityResolver
instanceKlass org/apache/ibatis/parsing/XPathParser
instanceKlass org/mybatis/spring/transaction/SpringManagedTransactionFactory
instanceKlass org/mybatis/spring/SqlSessionFactoryBean$$Lambda$579
instanceKlass org/mybatis/spring/SqlSessionFactoryBean$$Lambda$578
instanceKlass org/apache/ibatis/type/Alias
instanceKlass org/mybatis/spring/SqlSessionFactoryBean$$Lambda$577
instanceKlass org/mybatis/spring/SqlSessionFactoryBean$$Lambda$576
instanceKlass org/mybatis/spring/SqlSessionFactoryBean$$Lambda$575
instanceKlass org/mybatis/spring/SqlSessionFactoryBean$$Lambda$574
instanceKlass com/sky/entity/User
instanceKlass com/sky/entity/User$UserBuilder
instanceKlass com/sky/entity/ShoppingCart
instanceKlass com/sky/entity/ShoppingCart$ShoppingCartBuilder
instanceKlass com/sky/entity/SetmealDish
instanceKlass com/sky/entity/SetmealDish$SetmealDishBuilder
instanceKlass com/sky/entity/Setmeal
instanceKlass com/sky/entity/Setmeal$SetmealBuilder
instanceKlass com/sky/entity/Orders
instanceKlass com/sky/entity/Orders$OrdersBuilder
instanceKlass com/sky/entity/OrderDetail
instanceKlass com/sky/entity/OrderDetail$OrderDetailBuilder
instanceKlass com/sky/entity/Employee
instanceKlass com/sky/entity/Employee$EmployeeBuilder
instanceKlass com/sky/entity/DishFlavor
instanceKlass com/sky/entity/DishFlavor$DishFlavorBuilder
instanceKlass com/sky/entity/Dish
instanceKlass com/sky/entity/Dish$DishBuilder
instanceKlass com/sky/entity/Category
instanceKlass com/sky/entity/Category$CategoryBuilder
instanceKlass com/sky/entity/AddressBook
instanceKlass com/sky/entity/AddressBook$AddressBookBuilder
instanceKlass org/mybatis/spring/SqlSessionFactoryBean$$Lambda$573
instanceKlass org/mybatis/spring/SqlSessionFactoryBean$$Lambda$572
instanceKlass org/mybatis/spring/SqlSessionFactoryBean$$Lambda$571
instanceKlass org/mybatis/spring/boot/autoconfigure/MybatisAutoConfiguration$$Lambda$570
instanceKlass java/util/stream/Node$Builder
instanceKlass java/util/stream/Node$OfDouble
instanceKlass java/util/stream/Node$OfLong
instanceKlass java/util/stream/Node$OfInt
instanceKlass java/util/stream/Node$OfPrimitive
instanceKlass java/util/stream/Nodes$EmptyNode
instanceKlass java/util/stream/Node
instanceKlass java/util/stream/Nodes
instanceKlass org/mybatis/spring/boot/autoconfigure/MybatisProperties$$Lambda$569
instanceKlass java/util/function/IntFunction
instanceKlass org/mybatis/spring/boot/autoconfigure/MybatisProperties$$Lambda$568
instanceKlass org/springframework/jdbc/datasource/DelegatingDataSource
instanceKlass org/apache/ibatis/session/SqlSessionFactoryBuilder
instanceKlass com/alibaba/druid/stat/DruidStatManagerFacade
instanceKlass com/alibaba/druid/sql/visitor/SQLASTVisitor
instanceKlass com/alibaba/druid/stat/DruidStatService
instanceKlass com/alibaba/druid/stat/DruidStatServiceMBean
instanceKlass com/alibaba/druid/stat/DruidDataSourceStatManager
instanceKlass com/alibaba/druid/stat/DruidDataSourceStatManagerMBean
instanceKlass com/alibaba/druid/pool/DruidDataSource$1
instanceKlass com/alibaba/druid/stat/JdbcStatementStat
instanceKlass com/alibaba/druid/stat/JdbcStatementStatMBean
instanceKlass com/alibaba/druid/stat/JdbcResultSetStat
instanceKlass com/alibaba/druid/stat/JdbcResultSetStatMBean
instanceKlass com/alibaba/druid/stat/JdbcConnectionStat
instanceKlass com/alibaba/druid/stat/JdbcConnectionStatMBean
instanceKlass com/alibaba/druid/pool/ValidConnectionCheckerAdapter
instanceKlass com/alibaba/druid/pool/vendor/OracleExceptionSorter
instanceKlass oracle/jdbc/OracleTypeMetaData
instanceKlass oracle/jdbc/OracleDatabaseMetaData
instanceKlass oracle/jdbc/internal/AdditionalDatabaseMetaData
instanceKlass oracle/jdbc/AdditionalDatabaseMetaData
instanceKlass java/sql/DatabaseMetaData
instanceKlass com/alibaba/druid/util/FnvHash
instanceKlass com/alibaba/druid/util/JdbcUtils
instanceKlass com/alibaba/druid/util/JdbcConstants
instanceKlass com/alibaba/druid/sql/parser/SQLParser
instanceKlass com/alibaba/druid/mock/handler/MySqlMockExecuteHandlerImpl
instanceKlass java/sql/SQLXML
instanceKlass java/sql/NClob
instanceKlass java/sql/Clob
instanceKlass java/sql/Blob
instanceKlass com/alibaba/druid/mock/handler/MockExecuteHandler
instanceKlass com/alibaba/druid/mock/MockDriver
instanceKlass com/alibaba/druid/mock/MockDriverMBean
instanceKlass java/util/concurrent/SynchronousQueue$TransferStack$SNode
instanceKlass java/util/concurrent/SynchronousQueue$Transferer
instanceKlass oracle/jdbc/driver/OracleDriver$2
instanceKlass oracle/jdbc/OracleConnectionWrapper
instanceKlass oracle/jdbc/internal/ClientDataSupport
instanceKlass oracle/jdbc/internal/OracleConnection
instanceKlass oracle/jdbc/internal/ACProxyable
instanceKlass oracle/sql/TypeDescriptorFactory
instanceKlass oracle/sql/ORAData
instanceKlass oracle/jdbc/internal/ObjectData
instanceKlass oracle/jdbc/OracleData
instanceKlass oracle/sql/AnyDataFactory
instanceKlass oracle/jdbc/OracleDataFactory
instanceKlass oracle/sql/ORADataFactory
instanceKlass oracle/jdbc/internal/ObjectDataFactory
instanceKlass javax/management/openmbean/OpenMBeanConstructorInfo
instanceKlass oracle/jdbc/driver/Message11
instanceKlass oracle/jdbc/driver/Message
instanceKlass oracle/jdbc/driver/SQLStateMapping$Tokenizer
instanceKlass oracle/jdbc/driver/SQLStateMapping
instanceKlass oracle/jdbc/driver/DatabaseError
instanceKlass javax/management/StandardMBean$MBeanInfoSafeAction
instanceKlass oracle/jdbc/logging/runtime/TraceControllerImpl$$Lambda$567
instanceKlass oracle/jdbc/logging/annotations/Blinder
instanceKlass oracle/jdbc/logging/annotations/Supports
instanceKlass oracle/jdbc/logging/runtime/Features
instanceKlass oracle/jdbc/logging/runtime/TraceControllerImpl
instanceKlass oracle/jdbc/logging/runtime/TraceController
instanceKlass oracle/jdbc/driver/DiagnosabilityMXBean
instanceKlass sun/management/Flag$1
instanceKlass sun/management/Flag
instanceKlass sun/management/ExtendedPlatformComponent
instanceKlass sun/management/DiagnosticCommandImpl$Wrapper
instanceKlass sun/management/DiagnosticCommandArgumentInfo
instanceKlass sun/management/DiagnosticCommandInfo
instanceKlass sun/management/DiagnosticCommandImpl$OperationInfoComparator
instanceKlass java/lang/management/ManagementFactory$3
instanceKlass com/sun/management/DiagnosticCommandMBean
instanceKlass com/sun/management/VMOption
instanceKlass sun/management/HotSpotDiagnostic
instanceKlass com/sun/management/HotSpotDiagnosticMXBean
instanceKlass com/sun/management/UnixOperatingSystemMXBean
instanceKlass sun/nio/ch/FileChannelImpl$1
instanceKlass sun/management/ManagementFactoryHelper$1
instanceKlass java/nio/Bits$1$1
instanceKlass sun/misc/JavaNioAccess$BufferPool
instanceKlass java/lang/management/BufferPoolMXBean
instanceKlass javax/management/MBeanInfo$ArrayGettersSafeAction
instanceKlass javax/management/openmbean/OpenMBeanOperationInfo
instanceKlass sun/management/ManagementFactoryHelper$PlatformLoggingImpl
instanceKlass sun/management/ManagementFactoryHelper$LoggingMXBean
instanceKlass java/util/logging/LoggingMXBean
instanceKlass java/lang/management/PlatformLoggingMXBean
instanceKlass java/lang/management/LockInfo
instanceKlass java/lang/management/ThreadInfo
instanceKlass sun/management/ThreadImpl
instanceKlass com/sun/management/ThreadMXBean
instanceKlass java/lang/management/ThreadMXBean
instanceKlass sun/management/BaseOperatingSystemImpl
instanceKlass com/sun/management/OperatingSystemMXBean
instanceKlass java/lang/management/OperatingSystemMXBean
instanceKlass sun/management/Sensor
instanceKlass sun/management/MemoryPoolImpl
instanceKlass java/lang/management/MemoryPoolMXBean
instanceKlass javax/management/DescriptorKey
instanceKlass com/sun/management/GcInfo
instanceKlass javax/management/openmbean/CompositeDataView
instanceKlass jdk/Exported
instanceKlass com/sun/management/GarbageCollectorMXBean
instanceKlass sun/management/ManagementFactory
instanceKlass java/lang/management/GarbageCollectorMXBean
instanceKlass java/lang/management/MemoryManagerMXBean
instanceKlass com/sun/jmx/mbeanserver/PerInterface$MethodAndSig
instanceKlass java/lang/management/MemoryUsage
instanceKlass sun/management/NotificationEmitterSupport
instanceKlass java/lang/management/MemoryMXBean
instanceKlass sun/management/CompilationImpl
instanceKlass sun/management/VMManagementImpl$1
instanceKlass java/lang/management/CompilationMXBean
instanceKlass com/sun/jmx/mbeanserver/WeakIdentityHashMap
instanceKlass com/sun/jmx/mbeanserver/MXBeanLookup
instanceKlass com/sun/jmx/mbeanserver/PerInterface$InitMaps
instanceKlass com/sun/jmx/mbeanserver/PerInterface
instanceKlass javax/management/openmbean/OpenMBeanAttributeInfo
instanceKlass javax/management/openmbean/OpenMBeanParameterInfo
instanceKlass com/sun/jmx/mbeanserver/MBeanIntrospector$MBeanInfoMaker
instanceKlass com/sun/jmx/mbeanserver/MBeanAnalyzer$MBeanVisitor
instanceKlass com/sun/jmx/mbeanserver/MBeanAnalyzer$AttrMethods
instanceKlass com/sun/jmx/mbeanserver/MXBeanMapping
instanceKlass javax/management/openmbean/TabularData
instanceKlass javax/management/openmbean/OpenType
instanceKlass com/sun/jmx/mbeanserver/MXBeanMappingFactory
instanceKlass com/sun/jmx/mbeanserver/ConvertingMethod
instanceKlass com/sun/jmx/mbeanserver/MBeanAnalyzer$MethodOrder
instanceKlass com/sun/jmx/mbeanserver/MBeanAnalyzer
instanceKlass com/sun/jmx/mbeanserver/MBeanIntrospector
instanceKlass javax/management/MXBean
instanceKlass com/sun/jmx/mbeanserver/MBeanSupport
instanceKlass com/sun/jmx/mbeanserver/DescriptorCache
instanceKlass javax/management/JMX
instanceKlass javax/management/StandardMBean
instanceKlass java/lang/management/ManagementFactory$2
instanceKlass sun/management/Util
instanceKlass sun/management/ClassLoadingImpl
instanceKlass java/lang/management/ClassLoadingMXBean
instanceKlass java/lang/management/PlatformComponent$15
instanceKlass java/lang/management/PlatformComponent$14
instanceKlass java/lang/management/PlatformComponent$13
instanceKlass java/lang/management/PlatformComponent$12
instanceKlass java/lang/management/PlatformComponent$11
instanceKlass java/lang/management/PlatformComponent$10
instanceKlass java/lang/management/PlatformComponent$9
instanceKlass java/lang/management/PlatformComponent$8
instanceKlass java/lang/management/PlatformComponent$7
instanceKlass java/lang/management/PlatformComponent$6
instanceKlass java/lang/management/PlatformComponent$5
instanceKlass java/lang/management/PlatformComponent$4
instanceKlass java/lang/management/PlatformComponent$3
instanceKlass java/lang/management/PlatformComponent$2
instanceKlass java/lang/management/PlatformComponent$1
instanceKlass java/lang/management/PlatformComponent$MXBeanFetcher
instanceKlass com/sun/jmx/mbeanserver/JmxMBeanServer$3
instanceKlass javax/management/ObjectInstance
instanceKlass com/sun/jmx/mbeanserver/NamedObject
instanceKlass com/sun/jmx/interceptor/DefaultMBeanServerInterceptor$ResourceContext$1
instanceKlass com/sun/jmx/interceptor/DefaultMBeanServerInterceptor$ResourceContext
instanceKlass com/sun/jmx/mbeanserver/Repository$RegistrationContext
instanceKlass com/sun/jmx/mbeanserver/DynamicMBean2
instanceKlass com/sun/jmx/defaults/JmxProperties
instanceKlass com/sun/jmx/mbeanserver/Introspector
instanceKlass com/sun/jmx/mbeanserver/JmxMBeanServer$2
instanceKlass com/sun/jmx/interceptor/DefaultMBeanServerInterceptor
instanceKlass com/sun/jmx/interceptor/MBeanServerInterceptor
instanceKlass com/sun/jmx/mbeanserver/Repository
instanceKlass com/sun/jmx/mbeanserver/JmxMBeanServer$1
instanceKlass com/sun/jmx/mbeanserver/SecureClassLoaderRepository
instanceKlass com/sun/jmx/mbeanserver/MBeanInstantiator
instanceKlass com/sun/jmx/mbeanserver/ClassLoaderRepositorySupport$LoaderEntry
instanceKlass com/sun/jmx/mbeanserver/ClassLoaderRepositorySupport
instanceKlass com/sun/jmx/mbeanserver/ModifiableClassLoaderRepository
instanceKlass javax/management/loading/ClassLoaderRepository
instanceKlass javax/management/ImmutableDescriptor
instanceKlass javax/management/Descriptor
instanceKlass javax/management/MBeanInfo
instanceKlass javax/management/MBeanServerDelegate
instanceKlass javax/management/MBeanServerDelegateMBean
instanceKlass com/sun/jmx/mbeanserver/JmxMBeanServer
instanceKlass com/sun/jmx/mbeanserver/SunJmxMBeanServer
instanceKlass javax/management/MBeanServerBuilder
instanceKlass javax/management/MBeanServerFactory
instanceKlass oracle/jdbc/driver/OracleDriver$1
instanceKlass java/sql/DriverInfo
instanceKlass oracle/jdbc/driver/OracleDriver$$Lambda$566
instanceKlass java/sql/DriverAction
instanceKlass oracle/jdbc/driver/OracleDriverExtension
instanceKlass oracle/jdbc/internal/Monitor$CloseableLock
instanceKlass oracle/jdbc/internal/Monitor$1MonitorImpl
instanceKlass oracle/jdbc/driver/OracleDriver
instanceKlass oracle/jdbc/internal/Monitor
instanceKlass java/sql/DriverManager$2
instanceKlass java/sql/DriverManager$1
instanceKlass java/sql/DriverManager
instanceKlass com/alibaba/druid/proxy/DruidDriver$1
instanceKlass com/alibaba/druid/proxy/DruidDriver
instanceKlass com/alibaba/druid/proxy/DruidDriverMBean
instanceKlass org/springframework/util/ClassUtils$$Lambda$565
instanceKlass com/alibaba/druid/util/StringUtils
instanceKlass com/alibaba/druid/support/monitor/annotation/MTable
instanceKlass org/springframework/boot/jdbc/EmbeddedDatabaseConnection$$Lambda$564
instanceKlass org/springframework/boot/jdbc/EmbeddedDatabaseConnection$$Lambda$563
instanceKlass org/springframework/boot/jdbc/EmbeddedDatabaseConnection$$Lambda$562
instanceKlass org/springframework/boot/jdbc/EmbeddedDatabaseConnection$$Lambda$561
instanceKlass org/springframework/jdbc/core/ConnectionCallback
instanceKlass javax/management/openmbean/CompositeDataSupport
instanceKlass javax/management/openmbean/CompositeData
instanceKlass com/alibaba/druid/pool/PreparedStatementHolder
instanceKlass com/alibaba/druid/pool/DruidDataSourceStatValue
instanceKlass com/alibaba/druid/stat/JdbcSqlStat
instanceKlass com/alibaba/druid/stat/JdbcSqlStatMBean
instanceKlass com/alibaba/druid/util/TransactionInfo
instanceKlass com/alibaba/druid/wall/WallProviderStatValue
instanceKlass javax/naming/Reference
instanceKlass com/alibaba/druid/filter/Filter
instanceKlass com/alibaba/druid/pool/PoolableWrapper
instanceKlass com/alibaba/druid/pool/DruidAbstractDataSource$PhysicalConnectionInfo
instanceKlass com/alibaba/druid/util/Utils
instanceKlass com/alibaba/druid/pool/DruidDataSourceStatLoggerAdapter
instanceKlass java/util/concurrent/atomic/AtomicLongArray
instanceKlass com/alibaba/druid/stat/JdbcDataSourceStat
instanceKlass com/alibaba/druid/stat/JdbcDataSourceStatMBean
instanceKlass com/alibaba/druid/pool/DruidDataSource$DestroyTask
instanceKlass com/alibaba/druid/pool/DruidConnectionHolder
instanceKlass java/util/concurrent/atomic/AtomicIntegerFieldUpdater$AtomicIntegerFieldUpdaterImpl$1
instanceKlass java/util/concurrent/atomic/AtomicIntegerFieldUpdater
instanceKlass com/alibaba/druid/util/Histogram
instanceKlass javax/security/auth/callback/NameCallback
instanceKlass javax/security/auth/callback/PasswordCallback
instanceKlass javax/security/auth/callback/Callback
instanceKlass java/util/concurrent/atomic/AtomicLongFieldUpdater$CASUpdater$1
instanceKlass java/util/concurrent/atomic/AtomicLongFieldUpdater
instanceKlass com/alibaba/druid/support/logging/SLF4JImpl
instanceKlass com/alibaba/druid/support/logging/Log
instanceKlass com/alibaba/druid/support/logging/Resources
instanceKlass com/alibaba/druid/support/logging/LogFactory
instanceKlass com/alibaba/druid/pool/ValidConnectionChecker
instanceKlass javax/sql/PooledConnection
instanceKlass java/sql/Driver
instanceKlass javax/naming/RefAddr
instanceKlass com/alibaba/druid/pool/ExceptionSorter
instanceKlass java/sql/Statement
instanceKlass com/alibaba/druid/pool/DruidDataSourceStatLogger
instanceKlass org/springframework/cglib/reflect/FastClassEmitter$4
instanceKlass org/springframework/cglib/core/Block
instanceKlass org/springframework/cglib/core/EmitUtils$14
instanceKlass org/springframework/cglib/core/EmitUtils$13
instanceKlass org/springframework/cglib/core/EmitUtils$12
instanceKlass org/springframework/cglib/core/EmitUtils$11
instanceKlass org/springframework/cglib/core/EmitUtils$10
instanceKlass org/springframework/cglib/reflect/FastClassEmitter$GetIndexCallback
instanceKlass org/springframework/cglib/reflect/FastClassEmitter$3
instanceKlass org/springframework/cglib/reflect/FastClassEmitter$1
instanceKlass org/springframework/cglib/reflect/FastClass
instanceKlass org/springframework/cglib/proxy/MethodProxy$FastClassInfo
instanceKlass org/springframework/asm/Handle
instanceKlass org/apache/ibatis/io/VFS
instanceKlass org/apache/ibatis/parsing/XNode
instanceKlass org/apache/ibatis/mapping/SqlSource
instanceKlass org/apache/ibatis/scripting/xmltags/SqlNode
instanceKlass org/apache/ibatis/util/MapUtil$$Lambda$560
instanceKlass org/apache/ibatis/util/MapUtil
instanceKlass org/apache/ibatis/scripting/LanguageDriverRegistry$$Lambda$559
instanceKlass org/apache/ibatis/executor/loader/cglib/CglibProxyFactory
instanceKlass org/apache/ibatis/logging/nologging/NoLoggingImpl
instanceKlass org/apache/ibatis/logging/stdout/StdOutImpl
instanceKlass org/apache/ibatis/logging/jdk14/Jdk14LoggingImpl
instanceKlass org/apache/ibatis/logging/log4j2/Log4j2Impl
instanceKlass org/apache/ibatis/logging/log4j/Log4jImpl
instanceKlass org/apache/ibatis/logging/commons/JakartaCommonsLoggingImpl
instanceKlass org/apache/ibatis/scripting/xmltags/XMLLanguageDriver
instanceKlass org/apache/ibatis/mapping/VendorDatabaseIdProvider
instanceKlass org/apache/ibatis/cache/decorators/WeakCache
instanceKlass org/apache/ibatis/cache/decorators/SoftCache
instanceKlass org/apache/ibatis/cache/decorators/LruCache
instanceKlass org/apache/ibatis/cache/decorators/FifoCache
instanceKlass org/apache/ibatis/cache/impl/PerpetualCache
instanceKlass org/apache/ibatis/datasource/unpooled/UnpooledDataSourceFactory
instanceKlass org/apache/ibatis/datasource/jndi/JndiDataSourceFactory
instanceKlass org/apache/ibatis/datasource/DataSourceFactory
instanceKlass org/apache/ibatis/transaction/managed/ManagedTransactionFactory
instanceKlass org/apache/ibatis/transaction/jdbc/JdbcTransactionFactory
instanceKlass org/apache/ibatis/transaction/TransactionFactory
instanceKlass org/apache/ibatis/session/Configuration$$Lambda$558
instanceKlass java/sql/ResultSet
instanceKlass java/time/chrono/ChronoLocalDateImpl
instanceKlass org/apache/ibatis/type/MappedJdbcTypes
instanceKlass org/apache/ibatis/type/UnknownTypeHandler$$Lambda$557
instanceKlass org/apache/ibatis/type/TypeReference
instanceKlass org/apache/ibatis/io/ResolverUtil$Test
instanceKlass org/apache/ibatis/javassist/util/proxy/ProxyFactory$3
instanceKlass org/apache/ibatis/javassist/util/proxy/ProxyFactory$2
instanceKlass org/apache/ibatis/javassist/util/proxy/ProxyFactory$1
instanceKlass org/apache/ibatis/javassist/util/proxy/MethodHandler
instanceKlass org/apache/ibatis/javassist/bytecode/AttributeInfo
instanceKlass org/apache/ibatis/javassist/util/proxy/ProxyFactory$UniqueName
instanceKlass org/apache/ibatis/javassist/util/proxy/ProxyFactory$ClassLoaderProvider
instanceKlass org/apache/ibatis/javassist/util/proxy/ProxyFactory
instanceKlass org/apache/ibatis/io/ClassLoaderWrapper
instanceKlass org/apache/ibatis/io/Resources
instanceKlass org/apache/ibatis/executor/loader/javassist/JavassistProxyFactory
instanceKlass org/apache/ibatis/reflection/wrapper/DefaultObjectWrapperFactory
instanceKlass org/apache/ibatis/reflection/factory/DefaultObjectFactory
instanceKlass org/apache/ibatis/reflection/DefaultReflectorFactory
instanceKlass org/apache/ibatis/plugin/InterceptorChain
instanceKlass org/apache/ibatis/builder/ResultMapResolver
instanceKlass org/apache/ibatis/builder/annotation/MethodResolver
instanceKlass org/apache/ibatis/binding/MapperRegistry
instanceKlass org/apache/ibatis/builder/BaseBuilder
instanceKlass org/apache/ibatis/executor/resultset/ResultSetHandler
instanceKlass org/apache/ibatis/executor/statement/StatementHandler
instanceKlass org/apache/ibatis/session/ResultHandler
instanceKlass org/apache/ibatis/session/RowBounds
instanceKlass org/apache/ibatis/builder/CacheRefResolver
instanceKlass org/apache/ibatis/executor/parameter/ParameterHandler
instanceKlass org/apache/ibatis/mapping/BoundSql
instanceKlass org/apache/ibatis/type/TypeHandlerRegistry
instanceKlass org/apache/ibatis/type/TypeAliasRegistry
instanceKlass org/apache/ibatis/scripting/LanguageDriverRegistry
instanceKlass org/apache/ibatis/mapping/MappedStatement
instanceKlass org/apache/ibatis/transaction/Transaction
instanceKlass org/apache/ibatis/mapping/ParameterMap
instanceKlass org/apache/ibatis/reflection/MetaObject
instanceKlass org/apache/ibatis/executor/keygen/KeyGenerator
instanceKlass org/apache/ibatis/mapping/ResultMap
instanceKlass org/apache/ibatis/cache/Cache
instanceKlass org/apache/ibatis/mapping/Environment
instanceKlass org/apache/ibatis/executor/Executor
instanceKlass org/apache/ibatis/executor/loader/ProxyFactory
instanceKlass org/apache/ibatis/reflection/wrapper/ObjectWrapperFactory
instanceKlass org/apache/ibatis/reflection/factory/ObjectFactory
instanceKlass org/apache/ibatis/reflection/ReflectorFactory
instanceKlass org/mybatis/spring/boot/autoconfigure/ConfigurationCustomizer
instanceKlass org/apache/ibatis/mapping/DatabaseIdProvider
instanceKlass org/apache/ibatis/type/TypeHandler
instanceKlass com/sky/result/PageResult
instanceKlass com/sky/dto/CategoryPageQueryDTO
instanceKlass com/sky/result/Result
instanceKlass com/sky/dto/CategoryDTO
instanceKlass org/springframework/core/SerializableTypeWrapper$FieldTypeProvider
instanceKlass org/springframework/core/annotation/AnnotationUtils$$Lambda$556
instanceKlass org/springframework/beans/factory/SmartFactoryBean
instanceKlass org/springframework/context/weaving/LoadTimeWeaverAware
instanceKlass org/springframework/boot/web/servlet/context/WebServerStartStopLifecycle
instanceKlass org/springframework/boot/web/context/WebServerGracefulShutdownLifecycle
instanceKlass org/apache/naming/ContextAccessController
instanceKlass org/apache/naming/StringManager
instanceKlass org/apache/naming/ContextBindings
instanceKlass org/apache/catalina/core/StandardServer$$Lambda$555
instanceKlass java/util/concurrent/locks/LockSupport
instanceKlass org/apache/catalina/core/StandardServer$$Lambda$554
instanceKlass org/apache/catalina/mapper/WrapperMappingInfo
instanceKlass org/apache/catalina/core/ContainerBase$ContainerBackgroundProcessor
instanceKlass org/apache/catalina/mapper/Mapper$ContextList
instanceKlass org/apache/tomcat/util/threads/Constants
instanceKlass org/apache/tomcat/util/threads/TaskThread$WrappingRunnable
instanceKlass java/util/concurrent/Executors$RunnableAdapter
instanceKlass java/util/concurrent/Executors
instanceKlass org/apache/catalina/core/ContainerBase$ContainerBackgroundProcessorMonitor
instanceKlass org/apache/catalina/util/Introspection
instanceKlass org/apache/catalina/core/ApplicationFilterConfig
instanceKlass javax/servlet/HttpConstraintElement
instanceKlass org/apache/catalina/core/StandardContext$NoPluggabilityServletContext
instanceKlass org/apache/tomcat/websocket/server/WsContextListener
instanceKlass org/apache/tomcat/websocket/server/WsSessionListener
instanceKlass javax/servlet/GenericFilter
instanceKlass java/util/concurrent/ConcurrentSkipListMap$Node
instanceKlass java/util/concurrent/ConcurrentSkipListMap$Index
instanceKlass org/apache/tomcat/websocket/server/WsWriteTimeout$EndpointComparator
instanceKlass java/util/concurrent/ConcurrentNavigableMap
instanceKlass org/apache/tomcat/websocket/server/WsWriteTimeout
instanceKlass org/apache/tomcat/websocket/WsExtension
instanceKlass javax/websocket/Extension
instanceKlass org/apache/tomcat/websocket/Constants
instanceKlass javax/websocket/CloseReason
instanceKlass javax/websocket/Session
instanceKlass javax/websocket/EndpointConfig
instanceKlass org/apache/tomcat/websocket/WsRemoteEndpointImplBase
instanceKlass javax/websocket/RemoteEndpoint
instanceKlass org/apache/tomcat/websocket/AsyncChannelWrapper
instanceKlass javax/websocket/HandshakeResponse
instanceKlass org/apache/tomcat/websocket/ClientEndpointHolder
instanceKlass javax/websocket/CloseReason$CloseCode
instanceKlass org/apache/tomcat/websocket/WsWebSocketContainer
instanceKlass org/apache/tomcat/websocket/BackgroundProcess
instanceKlass org/apache/catalina/core/ApplicationFilterRegistration
instanceKlass org/apache/tomcat/util/descriptor/web/Constants
instanceKlass org/apache/catalina/core/ApplicationServletRegistration
instanceKlass org/apache/tomcat/util/modeler/Util
instanceKlass org/apache/catalina/core/StandardWrapperFacade
instanceKlass org/springframework/boot/web/servlet/ServletContextInitializerBeans$$Lambda$553
instanceKlass org/springframework/boot/web/servlet/ServletContextInitializerBeans$ServletListenerRegistrationBeanAdapter
instanceKlass javax/servlet/ServletContextListener
instanceKlass javax/servlet/http/HttpSessionListener
instanceKlass javax/servlet/http/HttpSessionIdListener
instanceKlass javax/servlet/http/HttpSessionAttributeListener
instanceKlass javax/servlet/ServletRequestAttributeListener
instanceKlass javax/servlet/ServletRequestListener
instanceKlass javax/servlet/ServletContextAttributeListener
instanceKlass javax/servlet/FilterChain
instanceKlass javax/servlet/FilterConfig
instanceKlass org/springframework/boot/web/servlet/ServletContextInitializerBeans$FilterRegistrationBeanAdapter
instanceKlass org/springframework/boot/web/servlet/ServletContextInitializerBeans$ServletRegistrationBeanAdapter
instanceKlass org/springframework/boot/web/servlet/ServletContextInitializerBeans$$Lambda$552
instanceKlass org/springframework/boot/web/servlet/ServletContextInitializerBeans$RegistrationBeanAdapter
instanceKlass org/springframework/web/context/support/ServletContextScope
instanceKlass org/springframework/boot/web/servlet/server/AbstractServletWebServerFactory$SessionConfiguringInitializer$$Lambda$551
instanceKlass org/springframework/boot/web/servlet/server/AbstractServletWebServerFactory$SessionConfiguringInitializer$$Lambda$550
instanceKlass org/springframework/boot/web/servlet/server/AbstractServletWebServerFactory$SessionConfiguringInitializer$$Lambda$549
instanceKlass org/springframework/boot/web/servlet/server/AbstractServletWebServerFactory$SessionConfiguringInitializer$$Lambda$548
instanceKlass org/springframework/boot/web/servlet/server/AbstractServletWebServerFactory$SessionConfiguringInitializer$$Lambda$547
instanceKlass org/springframework/boot/web/servlet/server/AbstractServletWebServerFactory$SessionConfiguringInitializer$$Lambda$546
instanceKlass org/springframework/boot/web/servlet/server/AbstractServletWebServerFactory$SessionConfiguringInitializer$$Lambda$545
instanceKlass org/springframework/boot/web/servlet/server/AbstractServletWebServerFactory$SessionConfiguringInitializer$$Lambda$544
instanceKlass org/springframework/boot/web/servlet/server/AbstractServletWebServerFactory$SessionConfiguringInitializer$$Lambda$543
instanceKlass org/springframework/boot/web/servlet/server/AbstractServletWebServerFactory$SessionConfiguringInitializer$$Lambda$542
instanceKlass org/springframework/boot/web/servlet/server/AbstractServletWebServerFactory$SessionConfiguringInitializer$$Lambda$541
instanceKlass org/springframework/boot/web/servlet/server/AbstractServletWebServerFactory$SessionConfiguringInitializer$$Lambda$540
instanceKlass org/springframework/boot/web/servlet/server/AbstractServletWebServerFactory$SessionConfiguringInitializer$$Lambda$539
instanceKlass org/springframework/boot/web/servlet/server/AbstractServletWebServerFactory$SessionConfiguringInitializer$$Lambda$538
instanceKlass org/springframework/boot/web/servlet/server/AbstractServletWebServerFactory$SessionConfiguringInitializer$$Lambda$537
instanceKlass org/springframework/boot/web/servlet/server/AbstractServletWebServerFactory$$Lambda$536
instanceKlass java/lang/invoke/LambdaForm$DMH
instanceKlass org/apache/tomcat/InstanceManagerBindings
instanceKlass org/apache/catalina/core/DefaultInstanceManager$AnnotationCacheEntry
instanceKlass org/apache/catalina/core/DefaultInstanceManager
instanceKlass org/apache/catalina/Session
instanceKlass org/apache/tomcat/util/buf/UriUtil
instanceKlass org/apache/catalina/webresources/StandardRoot$1
instanceKlass org/apache/catalina/webresources/StandardRoot$BaseLocation
instanceKlass sun/security/mscapi/SunMSCAPI$1
instanceKlass sun/security/smartcardio/SunPCSC$1
instanceKlass org/jcp/xml/dsig/internal/dom/XMLDSigRI$1
instanceKlass com/sun/security/sasl/Provider$1
instanceKlass sun/security/jgss/SunProvider$1
instanceKlass com/sun/crypto/provider/SunJCE$1
instanceKlass sun/security/ssl/SunJSSE$1
instanceKlass java/security/spec/ECFieldF2m
instanceKlass java/security/spec/ECParameterSpec
instanceKlass java/security/spec/AlgorithmParameterSpec
instanceKlass java/security/spec/ECPoint
instanceKlass java/security/spec/EllipticCurve
instanceKlass java/security/spec/ECFieldFp
instanceKlass java/security/spec/ECField
instanceKlass sun/security/ec/CurveDB
instanceKlass sun/security/ec/SunECEntries
instanceKlass sun/security/ec/SunEC$1
instanceKlass sun/security/util/ManifestEntryVerifier$SunProviderHolder
instanceKlass sun/nio/cs/Surrogate
instanceKlass sun/nio/cs/Surrogate$Parser
instanceKlass java/util/Base64$Encoder
instanceKlass java/util/Base64$Decoder
instanceKlass java/util/Base64
instanceKlass java/security/cert/CertPath
instanceKlass java/math/MutableBigInteger
instanceKlass sun/security/rsa/RSAPadding
instanceKlass sun/security/rsa/RSACore
instanceKlass sun/text/normalizer/NormalizerBase$1
instanceKlass sun/text/normalizer/NormalizerBase$QuickCheckResult
instanceKlass sun/text/normalizer/NormalizerBase$Mode
instanceKlass sun/text/normalizer/NormalizerBase
instanceKlass java/text/Normalizer
instanceKlass sun/security/pkcs/PKCS9Attribute
instanceKlass sun/security/x509/AVAKeyword
instanceKlass sun/security/jca/ServiceId
instanceKlass java/security/SignatureSpi
instanceKlass sun/security/pkcs/SignerInfo
instanceKlass java/security/interfaces/DSAPublicKey
instanceKlass java/security/interfaces/DSAKey
instanceKlass java/security/spec/DSAPublicKeySpec
instanceKlass java/security/AlgorithmParametersSpi
instanceKlass java/security/AlgorithmParameters
instanceKlass sun/security/util/MemoryCache$CacheEntry
instanceKlass sun/security/x509/X509AttributeName
instanceKlass sun/security/x509/RFC822Name
instanceKlass sun/security/x509/GeneralName
instanceKlass sun/security/x509/GeneralNames
instanceKlass sun/security/x509/KeyIdentifier
instanceKlass sun/security/x509/NetscapeCertTypeExtension$MapEntry
instanceKlass sun/security/x509/OIDMap$OIDInfo
instanceKlass sun/security/x509/PKIXExtensions
instanceKlass sun/security/x509/OIDMap
instanceKlass sun/security/x509/Extension
instanceKlass java/security/cert/Extension
instanceKlass sun/security/x509/CertificateExtensions
instanceKlass sun/security/pkcs/PKCS8Key
instanceKlass java/security/interfaces/RSAPrivateCrtKey
instanceKlass java/security/interfaces/RSAPrivateKey
instanceKlass java/security/PrivateKey
instanceKlass javax/security/auth/Destroyable
instanceKlass java/security/interfaces/RSAPublicKey
instanceKlass java/security/interfaces/RSAKey
instanceKlass java/security/spec/RSAPrivateKeySpec
instanceKlass java/security/spec/RSAPublicKeySpec
instanceKlass java/security/KeyFactorySpi
instanceKlass sun/security/jca/ProviderList$ServiceList$1
instanceKlass java/security/KeyFactory
instanceKlass java/security/spec/EncodedKeySpec
instanceKlass java/security/spec/KeySpec
instanceKlass sun/security/util/BitArray
instanceKlass sun/security/x509/X509Key
instanceKlass java/security/PublicKey
instanceKlass java/security/Key
instanceKlass sun/security/x509/CertificateX509Key
instanceKlass sun/security/x509/CertificateValidity
instanceKlass sun/security/x509/AVA
instanceKlass sun/security/x509/RDN
instanceKlass javax/security/auth/x500/X500Principal
instanceKlass sun/security/x509/X500Name$1
instanceKlass sun/security/x509/X500Name
instanceKlass sun/security/x509/GeneralNameInterface
instanceKlass sun/security/x509/CertificateAlgorithmId
instanceKlass sun/security/x509/SerialNumber
instanceKlass sun/security/x509/CertificateSerialNumber
instanceKlass sun/security/x509/CertificateVersion
instanceKlass sun/security/x509/X509CertInfo
instanceKlass sun/security/x509/CertAttrSet
instanceKlass sun/security/util/Cache$EqualByteArray
instanceKlass java/security/cert/X509Extension
instanceKlass sun/security/util/Cache
instanceKlass java/security/cert/CertificateFactorySpi
instanceKlass java/security/cert/CertificateFactory
instanceKlass sun/security/x509/AlgorithmId
instanceKlass sun/security/util/ByteArrayTagOrder
instanceKlass sun/security/util/ByteArrayLexOrder
instanceKlass sun/security/util/DerEncoder
instanceKlass sun/security/util/DerValue
instanceKlass sun/security/util/ObjectIdentifier
instanceKlass sun/security/pkcs/ContentInfo
instanceKlass sun/security/util/DerIndefLenConverter
instanceKlass sun/security/util/DerInputStream
instanceKlass sun/security/pkcs/PKCS7
instanceKlass sun/security/util/ManifestDigester$Entry
instanceKlass sun/security/util/ManifestDigester$Position
instanceKlass sun/security/util/ManifestDigester
instanceKlass sun/security/rsa/SunRsaSignEntries
instanceKlass java/util/concurrent/ConcurrentLinkedQueue$Node
instanceKlass org/apache/tomcat/util/http/ConcurrentDateFormat
instanceKlass org/apache/tomcat/util/http/FastHttpDateFormat
instanceKlass javax/security/auth/message/MessageInfo
instanceKlass javax/security/auth/message/config/RegistrationListener
instanceKlass org/apache/catalina/Authenticator
instanceKlass org/apache/tomcat/util/descriptor/web/FilterDef
instanceKlass org/apache/catalina/startup/WebAnnotationSet
instanceKlass org/apache/catalina/security/SecurityUtil
instanceKlass org/apache/catalina/webresources/EmptyResource
instanceKlass org/apache/tomcat/util/compat/JrePlatform
instanceKlass org/apache/catalina/webresources/CachedResource
instanceKlass org/apache/catalina/util/Extension
instanceKlass org/apache/catalina/util/ManifestResource
instanceKlass org/apache/catalina/util/ExtensionValidator
instanceKlass sun/util/locale/provider/TimeZoneNameUtility$TimeZoneNameGetter
instanceKlass sun/util/locale/provider/TimeZoneNameUtility
instanceKlass org/apache/tomcat/util/http/CookieProcessorBase$$Lambda$535
instanceKlass org/apache/tomcat/util/http/CookieProcessorBase
instanceKlass org/apache/tomcat/util/http/RequestUtil
instanceKlass org/apache/catalina/webresources/TomcatURLStreamHandlerFactory
instanceKlass org/apache/catalina/WebResource
instanceKlass org/apache/catalina/webresources/Cache
instanceKlass org/apache/catalina/WebResourceSet
instanceKlass org/apache/catalina/core/ApplicationSessionCookieConfig
instanceKlass org/apache/catalina/core/ApplicationContextFacade
instanceKlass javax/servlet/RequestDispatcher
instanceKlass javax/servlet/FilterRegistration$Dynamic
instanceKlass javax/servlet/FilterRegistration
instanceKlass javax/servlet/SessionCookieConfig
instanceKlass org/apache/catalina/core/ApplicationContext
instanceKlass org/apache/catalina/util/ContextName
instanceKlass org/apache/catalina/core/ContainerBase$StartChild
instanceKlass org/apache/catalina/realm/X509SubjectDnRetriever
instanceKlass java/util/logging/LogRecord
instanceKlass org/apache/catalina/connector/CoyoteAdapter$$Lambda$534
instanceKlass org/apache/catalina/util/ServerInfo
instanceKlass org/apache/catalina/connector/CoyoteAdapter
instanceKlass org/apache/catalina/Executor
instanceKlass org/apache/catalina/mbeans/MBeanUtils
instanceKlass org/apache/catalina/mbeans/MBeanFactory
instanceKlass org/apache/tomcat/util/buf/StringCache
instanceKlass org/apache/tomcat/util/threads/ScheduledThreadPoolExecutor
instanceKlass java/util/concurrent/RunnableScheduledFuture
instanceKlass java/util/concurrent/ScheduledFuture
instanceKlass java/util/concurrent/Delayed
instanceKlass org/apache/tomcat/util/threads/TaskThreadFactory
instanceKlass java/util/concurrent/ThreadPoolExecutor$AbortPolicy
instanceKlass java/util/concurrent/RejectedExecutionHandler
instanceKlass java/util/concurrent/AbstractExecutorService
instanceKlass com/sun/jmx/mbeanserver/Util
instanceKlass javax/management/ObjectName$Property
instanceKlass com/sun/jmx/mbeanserver/GetPropertyAction
instanceKlass org/springframework/boot/web/embedded/tomcat/TomcatWebServer$$Lambda$533
instanceKlass org/springframework/boot/autoconfigure/web/embedded/TomcatWebServerFactoryCustomizer$$Lambda$532
instanceKlass org/springframework/boot/web/embedded/tomcat/DisableReferenceClearingContextCustomizer
instanceKlass org/springframework/boot/web/embedded/tomcat/TomcatServletWebServerFactory$DisablePersistSessionListener
instanceKlass org/springframework/boot/web/embedded/tomcat/TomcatStarter
instanceKlass org/apache/catalina/core/StandardHost$MemoryLeakTrackingListener
instanceKlass org/springframework/boot/web/servlet/server/AbstractServletWebServerFactory$SessionConfiguringInitializer
instanceKlass org/springframework/boot/web/servlet/server/AbstractServletWebServerFactory$$Lambda$531
instanceKlass org/springframework/boot/web/embedded/tomcat/TomcatServletWebServerFactory$StaticResourceConfigurer
instanceKlass java/util/EventListenerProxy
instanceKlass org/apache/tomcat/util/security/PermissionCheck
instanceKlass org/apache/juli/WebappProperties
instanceKlass org/apache/tomcat/InstrumentableClassLoader
instanceKlass org/apache/tomcat/util/scan/StandardJarScanner
instanceKlass org/apache/tomcat/util/scan/StandardJarScanFilter
instanceKlass org/springframework/boot/web/embedded/tomcat/TomcatServletWebServerFactory$$Lambda$530
instanceKlass org/apache/catalina/util/CharsetMapper
instanceKlass org/apache/catalina/startup/Tomcat$FixContextListener
instanceKlass org/apache/catalina/util/URLEncoder
instanceKlass com/sun/jmx/remote/util/ClassLogger
instanceKlass javax/management/NotificationBroadcasterSupport$1
instanceKlass javax/management/NotificationBroadcasterSupport
instanceKlass org/apache/catalina/core/StandardContext$ContextFilterMaps
instanceKlass org/apache/catalina/util/ErrorPageSupport
instanceKlass org/apache/tomcat/util/descriptor/web/XmlEncodingBase
instanceKlass org/apache/tomcat/util/descriptor/web/ApplicationParameter
instanceKlass org/apache/catalina/core/StandardContext$1
instanceKlass org/apache/catalina/SessionIdGenerator
instanceKlass org/apache/tomcat/InstanceManager
instanceKlass org/apache/tomcat/JarScanner
instanceKlass org/apache/catalina/ThreadBindingListener
instanceKlass org/apache/catalina/Globals
instanceKlass org/apache/catalina/realm/RealmBase$AllRolesMode
instanceKlass org/apache/catalina/realm/DigestCredentialHandlerBase
instanceKlass org/apache/catalina/realm/X509UsernameRetriever
instanceKlass org/apache/catalina/CredentialHandler
instanceKlass org/apache/catalina/AccessLog
instanceKlass org/apache/catalina/Pipeline
instanceKlass org/apache/tomcat/util/threads/LimitLatch
instanceKlass org/springframework/boot/web/embedded/tomcat/CompressionConnectorCustomizer
instanceKlass org/apache/tomcat/util/net/SocketWrapperBase
instanceKlass org/apache/tomcat/util/net/SSLImplementation
instanceKlass org/apache/tomcat/util/buf/CharsetUtil
instanceKlass org/apache/tomcat/util/buf/CharsetCache
instanceKlass org/apache/tomcat/util/buf/B2CConverter
instanceKlass org/springframework/boot/web/embedded/tomcat/TomcatServletWebServerFactory$$Lambda$529
instanceKlass javax/management/ObjectName
instanceKlass javax/management/QueryExp
instanceKlass org/apache/coyote/Response
instanceKlass org/apache/coyote/Request
instanceKlass org/apache/tomcat/util/net/SSLHostConfig
instanceKlass org/apache/tomcat/util/XReflectionIntrospectionUtils
instanceKlass org/apache/tomcat/util/IntrospectionUtils
instanceKlass org/apache/catalina/ContainerListener
instanceKlass org/apache/catalina/mapper/Mapper$MapElement
instanceKlass org/apache/catalina/mapper/Mapper
instanceKlass org/apache/tomcat/util/file/ConfigFileLoader
instanceKlass org/apache/tomcat/util/file/ConfigurationSource$1
instanceKlass org/apache/catalina/startup/CatalinaBaseConfigurationSource
instanceKlass org/apache/tomcat/util/descriptor/web/ResourceBase
instanceKlass org/apache/tomcat/util/descriptor/web/Injectable
instanceKlass org/apache/tomcat/util/descriptor/web/NamingResources
instanceKlass java/beans/PropertyChangeListener
instanceKlass java/beans/ChangeListenerMap
instanceKlass java/beans/PropertyChangeSupport
instanceKlass org/apache/tomcat/util/collections/SynchronizedStack
instanceKlass javax/management/NotificationFilter
instanceKlass org/apache/tomcat/util/modeler/BaseModelMBean
instanceKlass javax/management/modelmbean/ModelMBeanNotificationBroadcaster
instanceKlass org/apache/coyote/AbstractProtocol$ConnectionHandler
instanceKlass org/apache/coyote/CompressionConfig
instanceKlass org/apache/tomcat/util/net/SocketProperties
instanceKlass org/apache/tomcat/util/net/SocketProcessorBase
instanceKlass java/nio/channels/NetworkChannel
instanceKlass org/apache/tomcat/util/net/NioChannel
instanceKlass java/net/SocketAddress
instanceKlass java/util/concurrent/ScheduledExecutorService
instanceKlass org/apache/tomcat/util/net/AbstractEndpoint
instanceKlass org/apache/coyote/Processor
instanceKlass org/apache/tomcat/util/net/AbstractEndpoint$Handler
instanceKlass org/apache/tomcat/util/buf/UDecoder
instanceKlass org/apache/coyote/Adapter
instanceKlass java/io/DeleteOnExitHook$1
instanceKlass java/io/DeleteOnExitHook
instanceKlass sun/nio/fs/WindowsPath$1
instanceKlass sun/nio/fs/BasicFileAttributesHolder
instanceKlass sun/nio/fs/WindowsDirectoryStream$WindowsDirectoryIterator
instanceKlass sun/nio/fs/WindowsFileAttributes
instanceKlass java/nio/file/attribute/DosFileAttributes
instanceKlass java/nio/file/attribute/BasicFileAttributes
instanceKlass sun/nio/fs/WindowsDirectoryStream
instanceKlass java/nio/file/DirectoryStream
instanceKlass java/nio/file/Files$AcceptAllFilter
instanceKlass java/nio/file/DirectoryStream$Filter
instanceKlass java/net/NetworkInterface$2
instanceKlass java/net/DefaultInterface
instanceKlass java/net/InterfaceAddress
instanceKlass java/net/NetworkInterface$1
instanceKlass java/net/NetworkInterface
instanceKlass sun/security/provider/ByteArrayAccess
instanceKlass sun/security/provider/SeedGenerator$1
instanceKlass sun/security/provider/SeedGenerator
instanceKlass sun/security/provider/SecureRandom$SeederHolder
instanceKlass sun/security/jca/GetInstance$Instance
instanceKlass java/security/MessageDigestSpi
instanceKlass sun/security/jca/GetInstance
instanceKlass java/security/SecureRandomSpi
instanceKlass java/security/Provider$UString
instanceKlass java/security/Provider$Service
instanceKlass sun/security/provider/NativePRNG$NonBlocking
instanceKlass sun/security/provider/NativePRNG$Blocking
instanceKlass sun/security/provider/NativePRNG
instanceKlass sun/security/provider/SunEntries$1
instanceKlass sun/security/provider/SunEntries
instanceKlass sun/security/jca/ProviderConfig$2
instanceKlass sun/security/jca/ProviderList$2
instanceKlass sun/misc/FDBigInteger
instanceKlass sun/misc/FloatingDecimal$PreparedASCIIToBinaryBuffer
instanceKlass sun/misc/FloatingDecimal$ASCIIToBinaryConverter
instanceKlass sun/misc/FloatingDecimal$BinaryToASCIIBuffer
instanceKlass sun/misc/FloatingDecimal$ExceptionalBinaryToASCIIBuffer
instanceKlass sun/misc/FloatingDecimal$BinaryToASCIIConverter
instanceKlass sun/misc/FloatingDecimal
instanceKlass java/security/Provider$EngineDescription
instanceKlass java/security/Provider$ServiceKey
instanceKlass sun/security/jca/ProviderConfig
instanceKlass sun/security/jca/ProviderList
instanceKlass sun/security/jca/Providers
instanceKlass java/nio/file/Paths
instanceKlass java/nio/file/TempFileHelper
instanceKlass org/apache/tomcat/util/ExceptionUtils
instanceKlass java/security/AlgorithmConstraints
instanceKlass javax/net/ssl/SSLParameters
instanceKlass org/apache/tomcat/util/compat/JreCompat
instanceKlass org/apache/catalina/Wrapper
instanceKlass org/apache/catalina/Service
instanceKlass org/apache/tomcat/util/file/ConfigurationSource
instanceKlass org/apache/catalina/Server
instanceKlass org/apache/catalina/Realm
instanceKlass org/apache/catalina/Contained
instanceKlass javax/management/MBeanFeatureInfo
instanceKlass javax/management/DescriptorRead
instanceKlass org/apache/tomcat/util/modeler/FeatureInfo
instanceKlass java/util/concurrent/locks/ReentrantReadWriteLock$WriteLock
instanceKlass java/util/concurrent/locks/ReentrantReadWriteLock$ReadLock
instanceKlass java/util/concurrent/locks/ReentrantReadWriteLock
instanceKlass javax/management/DynamicMBean
instanceKlass java/util/concurrent/locks/ReadWriteLock
instanceKlass org/apache/tomcat/util/modeler/NoDescriptorRegistry$NoJmxMBeanServer
instanceKlass org/apache/tomcat/util/modeler/ManagedBean
instanceKlass javax/management/MBeanServer
instanceKlass javax/management/MBeanServerConnection
instanceKlass org/apache/tomcat/util/modeler/Registry
instanceKlass org/apache/tomcat/util/modeler/RegistryMBean
instanceKlass org/springframework/boot/web/servlet/context/ServletWebServerApplicationContext$$Lambda$528
instanceKlass java/lang/reflect/WeakCache$LookupValue
instanceKlass javax/servlet/ServletRegistration$Dynamic
instanceKlass org/springframework/boot/autoconfigure/web/servlet/MultipartProperties$$Lambda$527
instanceKlass org/springframework/boot/autoconfigure/web/servlet/MultipartProperties$$Lambda$526
instanceKlass org/springframework/boot/autoconfigure/web/servlet/MultipartProperties$$Lambda$525
instanceKlass org/springframework/boot/autoconfigure/web/servlet/MultipartProperties$$Lambda$524
instanceKlass org/springframework/boot/web/servlet/MultipartConfigFactory
instanceKlass org/springframework/boot/context/properties/bind/handler/NoUnboundElementsBindHandler$$Lambda$523
instanceKlass org/springframework/boot/context/properties/source/UnboundElementsSourceFilter
instanceKlass org/springframework/boot/autoconfigure/web/servlet/DispatcherServletAutoConfiguration$DispatcherServletRegistrationConfiguration$$Lambda$522
instanceKlass javax/servlet/Registration$Dynamic
instanceKlass org/springframework/web/context/request/AbstractRequestAttributes
instanceKlass org/springframework/web/context/request/async/WebAsyncManager
instanceKlass org/springframework/web/servlet/ModelAndView
instanceKlass org/springframework/web/servlet/HandlerExecutionChain
instanceKlass org/springframework/context/i18n/LocaleContext
instanceKlass org/springframework/web/context/request/async/CallableProcessingInterceptor
instanceKlass javax/servlet/AsyncListener
instanceKlass javax/servlet/http/HttpServletResponse
instanceKlass org/springframework/boot/autoconfigure/web/embedded/TomcatWebServerFactoryCustomizer$$Lambda$521
instanceKlass org/springframework/boot/autoconfigure/web/embedded/TomcatWebServerFactoryCustomizer$$Lambda$520
instanceKlass org/springframework/boot/autoconfigure/web/embedded/TomcatWebServerFactoryCustomizer$$Lambda$519
instanceKlass org/springframework/boot/autoconfigure/web/embedded/TomcatWebServerFactoryCustomizer$$Lambda$518
instanceKlass org/springframework/boot/autoconfigure/web/embedded/TomcatWebServerFactoryCustomizer$$Lambda$517
instanceKlass org/springframework/boot/autoconfigure/web/embedded/TomcatWebServerFactoryCustomizer$$Lambda$516
instanceKlass org/springframework/boot/autoconfigure/web/embedded/TomcatWebServerFactoryCustomizer$$Lambda$515
instanceKlass org/springframework/boot/autoconfigure/web/embedded/TomcatWebServerFactoryCustomizer$$Lambda$514
instanceKlass java/util/stream/Collectors$$Lambda$513
instanceKlass java/util/stream/Collectors$$Lambda$512
instanceKlass java/util/stream/Collectors$$Lambda$511
instanceKlass java/util/stream/Collectors$$Lambda$510
instanceKlass org/springframework/boot/autoconfigure/web/embedded/TomcatWebServerFactoryCustomizer$$Lambda$509
instanceKlass org/springframework/boot/autoconfigure/web/embedded/TomcatWebServerFactoryCustomizer$$Lambda$508
instanceKlass org/springframework/boot/context/properties/PropertyMapper$Source$$Lambda$507
instanceKlass org/springframework/boot/autoconfigure/web/embedded/TomcatWebServerFactoryCustomizer$$Lambda$506
instanceKlass org/springframework/boot/autoconfigure/web/embedded/TomcatWebServerFactoryCustomizer$$Lambda$505
instanceKlass org/springframework/boot/autoconfigure/web/embedded/TomcatWebServerFactoryCustomizer$$Lambda$504
instanceKlass org/springframework/boot/autoconfigure/web/embedded/TomcatWebServerFactoryCustomizer$$Lambda$503
instanceKlass org/springframework/boot/autoconfigure/web/embedded/TomcatWebServerFactoryCustomizer$$Lambda$502
instanceKlass org/springframework/boot/autoconfigure/web/embedded/TomcatWebServerFactoryCustomizer$$Lambda$501
instanceKlass org/springframework/boot/autoconfigure/web/embedded/TomcatWebServerFactoryCustomizer$$Lambda$500
instanceKlass org/springframework/boot/autoconfigure/web/embedded/TomcatWebServerFactoryCustomizer$$Lambda$499
instanceKlass org/springframework/boot/autoconfigure/web/embedded/TomcatWebServerFactoryCustomizer$$Lambda$498
instanceKlass org/springframework/boot/autoconfigure/web/embedded/TomcatWebServerFactoryCustomizer$$Lambda$497
instanceKlass org/springframework/boot/autoconfigure/web/embedded/TomcatWebServerFactoryCustomizer$$Lambda$496
instanceKlass org/springframework/boot/autoconfigure/web/embedded/TomcatWebServerFactoryCustomizer$$Lambda$495
instanceKlass org/springframework/boot/autoconfigure/web/embedded/TomcatWebServerFactoryCustomizer$$Lambda$494
instanceKlass org/springframework/boot/autoconfigure/web/embedded/TomcatWebServerFactoryCustomizer$$Lambda$493
instanceKlass org/springframework/boot/autoconfigure/web/embedded/TomcatWebServerFactoryCustomizer$$Lambda$492
instanceKlass org/springframework/boot/autoconfigure/web/embedded/TomcatWebServerFactoryCustomizer$$Lambda$491
instanceKlass org/springframework/boot/autoconfigure/web/embedded/TomcatWebServerFactoryCustomizer$$Lambda$490
instanceKlass org/springframework/boot/autoconfigure/web/embedded/TomcatWebServerFactoryCustomizer$$Lambda$489
instanceKlass org/springframework/boot/autoconfigure/web/embedded/TomcatWebServerFactoryCustomizer$$Lambda$488
instanceKlass org/springframework/boot/autoconfigure/web/embedded/TomcatWebServerFactoryCustomizer$$Lambda$487
instanceKlass org/springframework/boot/autoconfigure/web/embedded/TomcatWebServerFactoryCustomizer$$Lambda$486
instanceKlass org/springframework/boot/autoconfigure/web/embedded/TomcatWebServerFactoryCustomizer$$Lambda$485
instanceKlass org/springframework/boot/autoconfigure/web/embedded/TomcatWebServerFactoryCustomizer$$Lambda$484
instanceKlass org/springframework/boot/autoconfigure/web/embedded/TomcatWebServerFactoryCustomizer$$Lambda$483
instanceKlass org/springframework/boot/autoconfigure/web/embedded/TomcatWebServerFactoryCustomizer$$Lambda$482
instanceKlass org/springframework/boot/autoconfigure/web/embedded/TomcatWebServerFactoryCustomizer$$Lambda$481
instanceKlass org/springframework/boot/autoconfigure/web/embedded/TomcatWebServerFactoryCustomizer$$Lambda$480
instanceKlass org/springframework/boot/autoconfigure/web/embedded/TomcatWebServerFactoryCustomizer$$Lambda$479
instanceKlass org/springframework/boot/autoconfigure/web/embedded/TomcatWebServerFactoryCustomizer$$Lambda$478
instanceKlass org/springframework/boot/autoconfigure/web/embedded/TomcatWebServerFactoryCustomizer$$Lambda$477
instanceKlass org/springframework/boot/autoconfigure/web/embedded/TomcatWebServerFactoryCustomizer$$Lambda$476
instanceKlass org/springframework/boot/autoconfigure/web/embedded/TomcatWebServerFactoryCustomizer$$Lambda$475
instanceKlass org/springframework/boot/autoconfigure/web/embedded/TomcatWebServerFactoryCustomizer$$Lambda$474
instanceKlass org/springframework/boot/autoconfigure/web/embedded/TomcatWebServerFactoryCustomizer$$Lambda$473
instanceKlass org/springframework/boot/autoconfigure/web/embedded/TomcatWebServerFactoryCustomizer$$Lambda$472
instanceKlass org/springframework/boot/autoconfigure/web/embedded/TomcatWebServerFactoryCustomizer$$Lambda$471
instanceKlass org/springframework/boot/autoconfigure/web/embedded/TomcatWebServerFactoryCustomizer$$Lambda$470
instanceKlass org/springframework/boot/context/properties/PropertyMapper$Source$$Lambda$469
instanceKlass org/springframework/boot/autoconfigure/web/embedded/TomcatWebServerFactoryCustomizer$$Lambda$468
instanceKlass org/springframework/boot/autoconfigure/web/embedded/TomcatWebServerFactoryCustomizer$$Lambda$467
instanceKlass org/springframework/boot/autoconfigure/web/embedded/TomcatWebServerFactoryCustomizer$$Lambda$466
instanceKlass org/springframework/boot/autoconfigure/web/embedded/TomcatWebServerFactoryCustomizer$$Lambda$465
instanceKlass org/springframework/boot/autoconfigure/web/embedded/TomcatWebServerFactoryCustomizer$$Lambda$464
instanceKlass org/springframework/boot/autoconfigure/web/embedded/TomcatWebServerFactoryCustomizer$$Lambda$463
instanceKlass org/springframework/boot/autoconfigure/web/embedded/TomcatWebServerFactoryCustomizer$$Lambda$462
instanceKlass org/springframework/boot/autoconfigure/web/embedded/TomcatWebServerFactoryCustomizer$$Lambda$461
instanceKlass java/lang/invoke/LambdaForm$DMH
instanceKlass org/springframework/boot/autoconfigure/web/embedded/TomcatWebServerFactoryCustomizer$$Lambda$460
instanceKlass org/springframework/boot/autoconfigure/web/embedded/TomcatWebServerFactoryCustomizer$$Lambda$459
instanceKlass org/springframework/boot/autoconfigure/web/embedded/TomcatWebServerFactoryCustomizer$$Lambda$458
instanceKlass org/springframework/boot/context/properties/PropertyMapper$Source$$Lambda$457
instanceKlass org/springframework/boot/context/properties/PropertyMapper$Source$$Lambda$456
instanceKlass org/springframework/boot/context/properties/PropertyMapper$Source$$Lambda$455
instanceKlass org/springframework/boot/autoconfigure/web/embedded/TomcatWebServerFactoryCustomizer$$Lambda$454
instanceKlass org/springframework/boot/autoconfigure/web/embedded/TomcatWebServerFactoryCustomizer$$Lambda$453
instanceKlass org/springframework/boot/autoconfigure/web/embedded/TomcatWebServerFactoryCustomizer$$Lambda$452
instanceKlass org/springframework/boot/autoconfigure/web/embedded/TomcatWebServerFactoryCustomizer$$Lambda$451
instanceKlass org/springframework/boot/autoconfigure/web/servlet/TomcatServletWebServerFactoryCustomizer$$Lambda$450
instanceKlass org/springframework/boot/autoconfigure/web/servlet/TomcatServletWebServerFactoryCustomizer$$Lambda$449
instanceKlass java/lang/invoke/LambdaForm$DMH
instanceKlass org/springframework/boot/autoconfigure/web/servlet/ServletWebServerFactoryCustomizer$$Lambda$448
instanceKlass org/springframework/boot/context/properties/PropertyMapper$$Lambda$447
instanceKlass org/springframework/boot/autoconfigure/web/servlet/ServletWebServerFactoryCustomizer$$Lambda$446
instanceKlass org/springframework/boot/autoconfigure/web/servlet/ServletWebServerFactoryCustomizer$$Lambda$445
instanceKlass org/springframework/boot/autoconfigure/web/servlet/ServletWebServerFactoryCustomizer$$Lambda$444
instanceKlass org/springframework/boot/autoconfigure/web/servlet/ServletWebServerFactoryCustomizer$$Lambda$443
instanceKlass org/springframework/boot/autoconfigure/web/servlet/ServletWebServerFactoryCustomizer$$Lambda$442
instanceKlass org/springframework/boot/autoconfigure/web/servlet/ServletWebServerFactoryCustomizer$$Lambda$441
instanceKlass org/springframework/boot/autoconfigure/web/servlet/ServletWebServerFactoryCustomizer$$Lambda$440
instanceKlass org/springframework/boot/autoconfigure/web/servlet/ServletWebServerFactoryCustomizer$$Lambda$439
instanceKlass org/springframework/boot/autoconfigure/web/servlet/ServletWebServerFactoryCustomizer$$Lambda$438
instanceKlass org/springframework/boot/autoconfigure/web/servlet/ServletWebServerFactoryCustomizer$$Lambda$437
instanceKlass org/springframework/boot/autoconfigure/web/servlet/ServletWebServerFactoryCustomizer$$Lambda$436
instanceKlass org/springframework/boot/autoconfigure/web/servlet/ServletWebServerFactoryCustomizer$$Lambda$435
instanceKlass org/springframework/boot/autoconfigure/web/servlet/ServletWebServerFactoryCustomizer$$Lambda$434
instanceKlass org/springframework/boot/autoconfigure/web/servlet/ServletWebServerFactoryCustomizer$$Lambda$433
instanceKlass org/springframework/boot/autoconfigure/web/servlet/ServletWebServerFactoryCustomizer$$Lambda$432
instanceKlass org/springframework/boot/autoconfigure/web/servlet/ServletWebServerFactoryCustomizer$$Lambda$431
instanceKlass java/lang/invoke/LambdaForm$DMH
instanceKlass org/springframework/boot/autoconfigure/web/servlet/ServletWebServerFactoryCustomizer$$Lambda$430
instanceKlass org/springframework/boot/autoconfigure/web/servlet/ServletWebServerFactoryCustomizer$$Lambda$429
instanceKlass org/springframework/boot/autoconfigure/web/servlet/ServletWebServerFactoryCustomizer$$Lambda$428
instanceKlass org/springframework/boot/autoconfigure/web/servlet/ServletWebServerFactoryCustomizer$$Lambda$427
instanceKlass org/springframework/boot/autoconfigure/web/servlet/ServletWebServerFactoryCustomizer$$Lambda$426
instanceKlass org/springframework/boot/autoconfigure/web/servlet/ServletWebServerFactoryCustomizer$$Lambda$425
instanceKlass org/springframework/boot/autoconfigure/web/servlet/ServletWebServerFactoryCustomizer$$Lambda$424
instanceKlass java/lang/invoke/LambdaForm$DMH
instanceKlass org/springframework/boot/context/properties/PropertyMapper$Source$$Lambda$423
instanceKlass org/springframework/boot/context/properties/PropertyMapper$NullPointerExceptionSafeSupplier
instanceKlass org/springframework/util/function/SingletonSupplier
instanceKlass org/springframework/boot/autoconfigure/web/servlet/ServletWebServerFactoryCustomizer$$Lambda$422
instanceKlass org/springframework/boot/context/properties/PropertyMapper$$Lambda$421
instanceKlass org/springframework/boot/context/properties/PropertyMapper$SourceOperator
instanceKlass org/springframework/boot/context/properties/PropertyMapper$Source
instanceKlass org/springframework/boot/context/properties/PropertyMapper$$Lambda$420
instanceKlass org/springframework/boot/context/properties/PropertyMapper
instanceKlass org/springframework/boot/util/LambdaSafe$InvocationResult
instanceKlass org/springframework/boot/autoconfigure/websocket/servlet/TomcatWebSocketServletWebServerCustomizer$$Lambda$419
instanceKlass org/springframework/boot/util/LambdaSafe$Callbacks$$Lambda$418
instanceKlass org/springframework/boot/util/LambdaSafe$Callbacks$$Lambda$417
instanceKlass org/springframework/boot/web/server/WebServerFactoryCustomizerBeanPostProcessor$$Lambda$416
instanceKlass org/springframework/boot/util/LambdaSafe$GenericTypeFilter
instanceKlass org/springframework/boot/util/LambdaSafe$Filter
instanceKlass org/springframework/boot/util/LambdaSafe$LambdaSafeCallback
instanceKlass org/springframework/boot/util/LambdaSafe
instanceKlass org/springframework/boot/autoconfigure/web/embedded/EmbeddedWebServerFactoryCustomizerAutoConfiguration$JettyWebServerFactoryCustomizerConfiguration
instanceKlass org/springframework/boot/autoconfigure/web/embedded/EmbeddedWebServerFactoryCustomizerAutoConfiguration$UndertowWebServerFactoryCustomizerConfiguration
instanceKlass org/springframework/boot/autoconfigure/web/embedded/EmbeddedWebServerFactoryCustomizerAutoConfiguration$NettyWebServerFactoryCustomizerConfiguration
instanceKlass org/springframework/boot/context/properties/ConfigurationPropertiesBinder$$Lambda$415
instanceKlass org/springframework/beans/factory/annotation/BeanFactoryAnnotationUtils
instanceKlass org/springframework/boot/context/properties/ConversionServiceDeducer$ConverterBeans
instanceKlass org/springframework/boot/context/properties/ConversionServiceDeducer
instanceKlass org/springframework/beans/factory/support/DefaultListableBeanFactory$1
instanceKlass org/springframework/boot/context/properties/ConfigurationPropertiesBindHandlerAdvisor
instanceKlass org/springframework/core/annotation/SynthesizedMergedAnnotationInvocationHandler$$Lambda$414
instanceKlass org/springframework/core/annotation/SynthesizedMergedAnnotationInvocationHandler$$Lambda$413
instanceKlass org/springframework/boot/context/properties/ConfigurationPropertiesBinder$$Lambda$412
instanceKlass org/springframework/validation/annotation/Validated
instanceKlass org/springframework/core/annotation/SynthesizedMergedAnnotationInvocationHandler
instanceKlass org/springframework/boot/context/properties/NestedConfigurationProperty
instanceKlass org/springframework/boot/autoconfigure/web/ServerProperties$Undertow$Options
instanceKlass org/springframework/boot/autoconfigure/web/ServerProperties$Undertow$Threads
instanceKlass org/springframework/boot/autoconfigure/web/ServerProperties$Undertow$Accesslog
instanceKlass org/springframework/boot/autoconfigure/web/ServerProperties$Jetty$Threads
instanceKlass org/springframework/boot/autoconfigure/web/ServerProperties$Jetty$Accesslog
instanceKlass org/springframework/boot/autoconfigure/web/ServerProperties$Tomcat$Remoteip
instanceKlass org/springframework/boot/autoconfigure/web/ServerProperties$Tomcat$Mbeanregistry
instanceKlass org/springframework/boot/autoconfigure/web/ServerProperties$Tomcat$Resource
instanceKlass org/springframework/boot/autoconfigure/web/ServerProperties$Tomcat$Threads
instanceKlass org/springframework/boot/autoconfigure/web/ServerProperties$Tomcat$Accesslog
instanceKlass org/springframework/boot/autoconfigure/web/ServerProperties$Reactive$Session
instanceKlass org/springframework/boot/web/servlet/server/Encoding
instanceKlass org/springframework/boot/autoconfigure/web/ErrorProperties$Whitelabel
instanceKlass org/springframework/boot/web/servlet/WebListenerRegistrar
instanceKlass org/springframework/core/BridgeMethodResolver$$Lambda$411
instanceKlass org/springframework/core/BridgeMethodResolver$$Lambda$410
instanceKlass org/springframework/boot/autoconfigure/websocket/servlet/WebSocketServletAutoConfiguration$JettyWebSocketConfiguration
instanceKlass org/springframework/boot/autoconfigure/websocket/servlet/WebSocketServletAutoConfiguration$Jetty10WebSocketConfiguration
instanceKlass org/springframework/boot/autoconfigure/websocket/servlet/WebSocketServletAutoConfiguration$UndertowWebSocketConfiguration
instanceKlass org/springframework/boot/web/servlet/server/CookieSameSiteSupplier
instanceKlass org/springframework/boot/web/server/ErrorPage
instanceKlass org/springframework/boot/web/server/SslStoreProvider
instanceKlass org/springframework/boot/web/embedded/tomcat/TomcatWebServer
instanceKlass org/apache/coyote/AbstractProtocol
instanceKlass javax/management/NotificationEmitter
instanceKlass javax/management/NotificationBroadcaster
instanceKlass org/apache/coyote/ProtocolHandler
instanceKlass org/apache/catalina/Valve
instanceKlass org/apache/catalina/Engine
instanceKlass org/apache/catalina/util/LifecycleBase
instanceKlass org/apache/catalina/JmxEnabled
instanceKlass org/apache/catalina/Host
instanceKlass java/util/stream/SortedOps$RefSortingSink$$Lambda$409
instanceKlass java/util/stream/SortedOps
instanceKlass org/springframework/core/OrderComparator$$Lambda$408
instanceKlass org/springframework/beans/factory/support/DefaultListableBeanFactory$FactoryAwareOrderSourceProvider
instanceKlass org/springframework/beans/factory/support/DefaultListableBeanFactory$$Lambda$407
instanceKlass org/springframework/beans/factory/support/DefaultListableBeanFactory$$Lambda$406
instanceKlass org/springframework/beans/factory/support/DefaultListableBeanFactory$$Lambda$405
instanceKlass org/springframework/boot/web/embedded/tomcat/TldPatterns
instanceKlass java/lang/ClassLoaderHelper
instanceKlass org/apache/tomcat/jni/Library
instanceKlass org/apache/catalina/core/AprStatus
instanceKlass java/util/ResourceBundle$Control$1
instanceKlass org/apache/tomcat/util/res/StringManager
instanceKlass org/apache/juli/logging/DirectJDKLog
instanceKlass org/apache/juli/logging/Log
instanceKlass org/apache/juli/logging/LogFactory
instanceKlass org/apache/catalina/core/AprLifecycleListener
instanceKlass org/springframework/boot/web/servlet/server/StaticResourceJars
instanceKlass org/springframework/boot/web/servlet/server/DocumentRoot
instanceKlass org/springframework/boot/web/servlet/server/Jsp
instanceKlass org/springframework/boot/web/server/MimeMappings$Mapping
instanceKlass org/springframework/boot/web/server/MimeMappings
instanceKlass org/springframework/boot/web/servlet/server/SessionStoreDirectory
instanceKlass org/springframework/boot/web/server/Cookie
instanceKlass org/springframework/boot/web/servlet/server/Session
instanceKlass org/apache/tomcat/JarScanFilter
instanceKlass org/apache/tomcat/util/http/CookieProcessor
instanceKlass org/springframework/boot/web/server/WebServer
instanceKlass org/apache/catalina/Manager
instanceKlass org/apache/catalina/Context
instanceKlass org/apache/tomcat/ContextBind
instanceKlass org/apache/catalina/Container
instanceKlass org/apache/catalina/Loader
instanceKlass org/apache/catalina/LifecycleListener
instanceKlass org/apache/catalina/WebResourceRoot
instanceKlass org/apache/catalina/Lifecycle
instanceKlass org/springframework/boot/web/embedded/tomcat/TomcatProtocolHandlerCustomizer
instanceKlass org/springframework/boot/web/embedded/tomcat/TomcatContextCustomizer
instanceKlass org/springframework/boot/web/embedded/tomcat/TomcatConnectorCustomizer
instanceKlass org/springframework/boot/autoconfigure/web/servlet/ServletWebServerFactoryConfiguration
instanceKlass org/springframework/ui/context/Theme
instanceKlass org/springframework/ui/context/support/ResourceBundleThemeSource
instanceKlass org/springframework/ui/context/HierarchicalThemeSource
instanceKlass org/springframework/ui/context/support/UiApplicationContextUtils
instanceKlass org/springframework/context/support/MessageSourceSupport
instanceKlass org/springframework/context/HierarchicalMessageSource
instanceKlass org/springframework/core/MethodClassKey
instanceKlass org/springframework/transaction/annotation/Transactional
instanceKlass org/springframework/transaction/interceptor/TransactionalProxy
instanceKlass org/springframework/data/projection/MethodInterceptorFactory
instanceKlass org/springframework/data/util/NullableWrapper
instanceKlass org/springframework/data/util/StreamUtils$$Lambda$404
instanceKlass org/springframework/data/util/StreamUtils
instanceKlass org/springframework/data/util/Streamable$$Lambda$403
instanceKlass org/springframework/data/util/NullableWrapperConverters$AbstractWrapperTypeConverter$$Lambda$402
instanceKlass org/springframework/data/util/NullableWrapperConverters$WrapperType
instanceKlass org/springframework/data/util/NullableWrapperConverters$AbstractWrapperTypeConverter
instanceKlass com/google/common/base/Optional
instanceKlass org/springframework/data/util/NullableWrapperConverters
instanceKlass org/springframework/data/projection/ProxyProjectionFactory$$Lambda$401
instanceKlass org/springframework/data/convert/Jsr310Converters
instanceKlass org/springframework/data/projection/ProjectionInformation
instanceKlass org/springframework/data/projection/ProxyProjectionFactory
instanceKlass org/springframework/data/projection/ProjectionFactory
instanceKlass org/springframework/validation/BindingResult
instanceKlass org/springframework/validation/Errors
instanceKlass org/springframework/web/method/annotation/ModelAttributeMethodProcessor
instanceKlass org/springframework/web/method/support/HandlerMethodReturnValueHandler
instanceKlass org/springframework/beans/factory/support/DefaultListableBeanFactory$DependencyObjectProvider
instanceKlass org/springframework/beans/factory/support/DefaultListableBeanFactory$BeanObjectProvider
instanceKlass org/springframework/transaction/interceptor/TransactionAttributeSourcePointcut$TransactionAttributeSourceClassFilter
instanceKlass org/springframework/aop/TrueClassFilter
instanceKlass org/springframework/aop/support/StaticMethodMatcher
instanceKlass org/springframework/transaction/interceptor/TransactionAspectSupport$CoroutinesInvocationCallback
instanceKlass org/springframework/transaction/interceptor/TransactionAspectSupport$ReactiveTransactionSupport
instanceKlass org/springframework/transaction/TransactionStatus
instanceKlass org/springframework/transaction/SavepointManager
instanceKlass org/springframework/transaction/TransactionExecution
instanceKlass org/springframework/transaction/interceptor/TransactionAspectSupport$ThrowableHolder
instanceKlass org/springframework/transaction/interceptor/TransactionAspectSupport$TransactionInfo
instanceKlass java/io/ObjectOutput
instanceKlass java/io/ObjectStreamConstants
instanceKlass java/io/ObjectInput
instanceKlass org/aopalliance/intercept/MethodInvocation
instanceKlass org/aopalliance/intercept/Invocation
instanceKlass org/aopalliance/intercept/Joinpoint
instanceKlass org/springframework/core/ReactiveAdapterRegistry$ReactorRegistrar$$Lambda$400
instanceKlass org/springframework/core/ReactiveAdapterRegistry$ReactorRegistrar$$Lambda$399
instanceKlass org/springframework/core/ReactiveAdapterRegistry$ReactorRegistrar$$Lambda$398
instanceKlass java/util/concurrent/CompletableFuture
instanceKlass org/springframework/core/ReactiveAdapterRegistry$ReactorRegistrar$$Lambda$397
instanceKlass org/springframework/core/ReactiveAdapterRegistry$ReactorRegistrar$$Lambda$396
instanceKlass org/springframework/core/ReactiveAdapterRegistry$ReactorRegistrar$$Lambda$395
instanceKlass org/springframework/core/ReactiveAdapterRegistry$ReactorRegistrar$$Lambda$394
instanceKlass org/springframework/core/ReactiveAdapterRegistry$ReactorRegistrar$$Lambda$393
instanceKlass org/springframework/core/ReactiveAdapterRegistry$ReactorRegistrar$$Lambda$392
instanceKlass org/springframework/core/ReactiveAdapter
instanceKlass org/springframework/core/ReactiveAdapterRegistry$ReactorRegistrar$$Lambda$391
instanceKlass org/springframework/core/ReactiveAdapterRegistry$ReactorRegistrar$$Lambda$390
instanceKlass org/springframework/core/ReactiveTypeDescriptor
instanceKlass org/springframework/core/ReactiveAdapterRegistry$ReactorRegistrar$$Lambda$389
instanceKlass reactor/core/publisher/AssemblyOp
instanceKlass reactor/core/publisher/FluxOnAssembly$AssemblySnapshot
instanceKlass org/reactivestreams/Subscription
instanceKlass reactor/core/Disposable
instanceKlass reactor/core/CoreSubscriber
instanceKlass org/reactivestreams/Processor
instanceKlass java/util/concurrent/CompletionStage
instanceKlass org/reactivestreams/Subscriber
instanceKlass reactor/core/Fuseable$ScalarCallable
instanceKlass reactor/core/publisher/SourceProducer
instanceKlass reactor/core/publisher/SignalPeek
instanceKlass reactor/core/publisher/OptimizableOperator
instanceKlass reactor/core/Scannable
instanceKlass reactor/core/Fuseable
instanceKlass org/springframework/core/ReactiveAdapterRegistry$ReactorRegistrar
instanceKlass org/springframework/core/ReactiveAdapterRegistry
instanceKlass org/springframework/transaction/interceptor/TransactionAspectSupport$InvocationCallback
instanceKlass org/aspectj/weaver/SourceContextImpl$1
instanceKlass org/aspectj/weaver/SourceContextImpl
instanceKlass org/aspectj/weaver/AbstractReferenceTypeDelegate
instanceKlass sun/reflect/generics/tree/BooleanSignature
instanceKlass org/springframework/transaction/annotation/SpringTransactionAnnotationParser
instanceKlass org/springframework/transaction/annotation/TransactionAnnotationParser
instanceKlass org/springframework/transaction/interceptor/TransactionAttribute
instanceKlass org/springframework/transaction/interceptor/AbstractFallbackTransactionAttributeSource
instanceKlass org/springframework/aop/aspectj/AspectJProxyUtils
instanceKlass org/aspectj/weaver/JoinPointSignatureIterator$SearchPair
instanceKlass org/aspectj/weaver/tools/JoinPointMatch
instanceKlass org/aspectj/weaver/reflect/ShadowMatchImpl
instanceKlass org/aspectj/weaver/patterns/ExposedState
instanceKlass org/aspectj/weaver/Iterators$ResolvedTypeArrayIterator
instanceKlass org/aspectj/weaver/TypeVariable
instanceKlass org/aspectj/weaver/ResolvedType$SuperClassWalker
instanceKlass org/aspectj/weaver/ResolvedType$SuperInterfaceWalker
instanceKlass org/aspectj/weaver/ResolvedType$2
instanceKlass org/aspectj/weaver/JoinPointSignature
instanceKlass org/aspectj/weaver/JoinPointSignatureIterator
instanceKlass org/aspectj/weaver/reflect/Java15GenericSignatureInformationProvider
instanceKlass org/aspectj/weaver/reflect/Java14GenericSignatureInformationProvider
instanceKlass org/springframework/util/ReflectionUtils$$Lambda$388
instanceKlass org/aspectj/weaver/tools/DefaultMatchingContext
instanceKlass org/aspectj/weaver/patterns/FastMatchInfo
instanceKlass org/aspectj/weaver/tools/MatchingContext
instanceKlass org/aspectj/weaver/internal/tools/PointcutExpressionImpl
instanceKlass org/aspectj/weaver/Iterators$6
instanceKlass org/aspectj/weaver/IntMap
instanceKlass org/aspectj/weaver/patterns/AbstractPatternNodeVisitor
instanceKlass org/aspectj/weaver/Shadow
instanceKlass org/aspectj/weaver/ast/ASTNode
instanceKlass org/aspectj/weaver/MemberImpl
instanceKlass org/aspectj/internal/lang/reflect/PointcutExpressionImpl
instanceKlass org/aspectj/lang/reflect/PointcutExpression
instanceKlass org/aspectj/internal/lang/reflect/PointcutImpl
instanceKlass org/aspectj/weaver/Iterators$1$1
instanceKlass org/aspectj/weaver/Iterators$7
instanceKlass org/aspectj/weaver/Iterators$2
instanceKlass org/aspectj/weaver/Iterators$4$1
instanceKlass org/aspectj/weaver/Iterators$4
instanceKlass org/aspectj/weaver/Iterators$8
instanceKlass org/aspectj/weaver/Iterators$5
instanceKlass org/aspectj/weaver/ResolvedType$3
instanceKlass org/aspectj/weaver/Iterators$1
instanceKlass org/aspectj/weaver/Iterators$Filter
instanceKlass org/aspectj/weaver/Iterators
instanceKlass org/aspectj/weaver/patterns/Bindings
instanceKlass org/aspectj/weaver/patterns/SimpleScope
instanceKlass org/aspectj/bridge/ISourceLocation
instanceKlass org/aspectj/weaver/tools/PointcutParser$1
instanceKlass org/aspectj/weaver/reflect/JavaLangTypeToResolvedTypeConverter
instanceKlass org/aspectj/weaver/reflect/ReflectionBasedReferenceTypeDelegate
instanceKlass org/aspectj/weaver/reflect/GenericSignatureInformationProvider
instanceKlass org/aspectj/weaver/reflect/ReflectionBasedReferenceTypeDelegateFactory
instanceKlass org/aspectj/weaver/patterns/FormalBinding
instanceKlass org/aspectj/weaver/patterns/PatternNodeVisitor
instanceKlass org/aspectj/weaver/patterns/TypePattern$MatchKind
instanceKlass org/aspectj/weaver/patterns/BindingPattern
instanceKlass org/aspectj/weaver/patterns/IVerificationRequired
instanceKlass org/aspectj/weaver/patterns/BasicToken
instanceKlass org/aspectj/weaver/patterns/BasicTokenSource
instanceKlass org/aspectj/weaver/patterns/ITokenSource
instanceKlass org/aspectj/weaver/patterns/IToken
instanceKlass org/aspectj/weaver/patterns/PatternNode
instanceKlass org/aspectj/weaver/IHasSourceLocation
instanceKlass org/aspectj/weaver/patterns/ISignaturePattern
instanceKlass org/aspectj/weaver/patterns/PatternParser
instanceKlass org/aspectj/weaver/tools/ContextBasedMatcher
instanceKlass org/springframework/aop/aspectj/AspectJExpressionPointcut$BeanPointcutDesignatorHandler
instanceKlass org/aspectj/apache/bcel/util/ClassLoaderRepository
instanceKlass org/aspectj/weaver/AnnotationAJ
instanceKlass org/aspectj/apache/bcel/util/Repository
instanceKlass org/aspectj/apache/bcel/util/ClassLoaderReference
instanceKlass org/aspectj/weaver/reflect/Java15AnnotationFinder
instanceKlass org/aspectj/weaver/reflect/ArgNameFinder
instanceKlass org/aspectj/weaver/reflect/AnnotationFinder
instanceKlass org/aspectj/weaver/reflect/ReflectionWorld$ExceptionBasedMessageHandler
instanceKlass org/aspectj/weaver/World$AspectPrecedenceCalculator
instanceKlass org/aspectj/util/FuzzyBoolean
instanceKlass org/aspectj/weaver/ResolvedType$FieldGetter
instanceKlass org/aspectj/weaver/ResolvedType$PointcutGetter
instanceKlass org/aspectj/weaver/ResolvedType$MethodGetterIncludingItds
instanceKlass org/aspectj/weaver/ResolvedType$MethodGetter
instanceKlass org/aspectj/weaver/UnresolvedType$TypeKind
instanceKlass org/aspectj/weaver/TypeFactory
instanceKlass org/aspectj/weaver/ResolvedMember
instanceKlass org/aspectj/weaver/Member
instanceKlass org/aspectj/weaver/Iterators$Getter
instanceKlass org/aspectj/weaver/TypeVariableReference
instanceKlass org/aspectj/bridge/IMessage$Kind$1
instanceKlass org/aspectj/bridge/IMessage$Kind
instanceKlass org/aspectj/weaver/Lint$Kind
instanceKlass org/aspectj/weaver/Lint
instanceKlass org/aspectj/weaver/CrosscuttingMembersSet
instanceKlass org/aspectj/weaver/World$TypeMap
instanceKlass org/aspectj/bridge/IMessageHandler$1
instanceKlass org/aspectj/bridge/MessageWriter
instanceKlass org/aspectj/weaver/tools/AbstractTrace
instanceKlass org/aspectj/weaver/tools/Trace
instanceKlass org/aspectj/util/LangUtil
instanceKlass org/aspectj/weaver/tools/TraceFactory
instanceKlass org/aspectj/weaver/ReferenceTypeDelegate
instanceKlass org/aspectj/bridge/IMessage
instanceKlass org/aspectj/bridge/IMessageHandler
instanceKlass org/aspectj/weaver/UnresolvedType
instanceKlass org/aspectj/weaver/TypeVariableDeclaringElement
instanceKlass org/aspectj/weaver/tools/Traceable
instanceKlass org/aspectj/weaver/AnnotatedElement
instanceKlass org/aspectj/weaver/WeakClassLoaderReference
instanceKlass org/aspectj/weaver/tools/TypePatternMatcher
instanceKlass org/aspectj/weaver/reflect/IReflectionWorld
instanceKlass org/aspectj/weaver/World
instanceKlass org/aspectj/weaver/Dump$INode
instanceKlass org/aspectj/weaver/ISourceContext
instanceKlass org/aspectj/weaver/patterns/IScope
instanceKlass org/aspectj/weaver/tools/PointcutParameter
instanceKlass org/aspectj/weaver/tools/PointcutExpression
instanceKlass org/aspectj/weaver/tools/PointcutParser
instanceKlass org/springframework/aop/IntroductionAdvisor
instanceKlass org/springframework/aop/IntroductionInfo
instanceKlass org/springframework/aop/framework/autoproxy/ProxyCreationContext
instanceKlass org/springframework/transaction/annotation/TransactionManagementConfigurer
instanceKlass org/springframework/beans/factory/annotation/InjectionMetadata$InjectedElement
instanceKlass org/springframework/beans/factory/annotation/AutowiredAnnotationBeanPostProcessor$$Lambda$387
instanceKlass org/springframework/aop/aspectj/AspectJPointcutAdvisor
instanceKlass org/aspectj/lang/annotation/DeclareParents
instanceKlass org/springframework/aop/aspectj/annotation/ReflectiveAspectJAdvisorFactory$1
instanceKlass org/springframework/aop/aspectj/annotation/InstantiationModelAwarePointcutAdvisorImpl$1
instanceKlass org/springframework/aop/aspectj/annotation/InstantiationModelAwarePointcutAdvisorImpl
instanceKlass org/springframework/aop/aspectj/InstantiationModelAwarePointcutAdvisor
instanceKlass org/aspectj/util/TypeSafeEnum
instanceKlass org/aspectj/weaver/tools/ShadowMatch
instanceKlass org/aspectj/weaver/tools/PointcutDesignatorHandler
instanceKlass org/springframework/aop/support/AbstractExpressionPointcut
instanceKlass org/springframework/aop/support/ExpressionPointcut
instanceKlass org/springframework/aop/IntroductionAwareMethodMatcher
instanceKlass org/springframework/aop/aspectj/annotation/AbstractAspectJAdvisorFactory$AspectJAnnotation
instanceKlass org/springframework/core/annotation/AnnotationUtils$$Lambda$386
instanceKlass org/springframework/core/annotation/AnnotationUtils$$Lambda$385
instanceKlass org/springframework/aop/aspectj/annotation/ReflectiveAspectJAdvisorFactory$$Lambda$384
instanceKlass org/springframework/aop/aspectj/annotation/LazySingletonAspectInstanceFactoryDecorator
instanceKlass org/springframework/aop/aspectj/annotation/BeanFactoryAspectInstanceFactory
instanceKlass org/springframework/aop/TruePointcut
instanceKlass org/aspectj/internal/lang/reflect/PerClauseImpl
instanceKlass org/springframework/aop/aspectj/annotation/AspectMetadata$1
instanceKlass org/aspectj/lang/reflect/DeclarePrecedence
instanceKlass org/aspectj/internal/lang/annotation/ajcDeclarePrecedence
instanceKlass org/aspectj/lang/JoinPoint
instanceKlass org/aspectj/lang/annotation/DeclarePrecedence
instanceKlass org/aspectj/lang/reflect/Pointcut
instanceKlass org/aspectj/lang/reflect/Advice
instanceKlass org/aspectj/lang/reflect/PerClause
instanceKlass org/aspectj/internal/lang/reflect/AjTypeImpl
instanceKlass org/aspectj/lang/reflect/AjType
instanceKlass org/aspectj/lang/reflect/AjTypeSystem
instanceKlass org/springframework/aop/aspectj/annotation/AspectMetadata
instanceKlass org/springframework/core/annotation/SynthesizedAnnotation
instanceKlass org/springframework/core/annotation/AnnotationUtils$$Lambda$383
instanceKlass org/springframework/aop/TrueMethodMatcher
instanceKlass org/springframework/aop/support/annotation/AnnotationClassFilter
instanceKlass org/springframework/aop/MethodMatcher
instanceKlass org/springframework/aop/ClassFilter
instanceKlass org/springframework/aop/support/annotation/AnnotationMatchingPointcut
instanceKlass org/springframework/dao/support/PersistenceExceptionTranslationInterceptor
instanceKlass org/springframework/aop/Pointcut
instanceKlass org/springframework/stereotype/Repository
instanceKlass org/springframework/core/SimpleAliasRegistry$$Lambda$382
instanceKlass org/springframework/beans/factory/support/DefaultListableBeanFactory$$Lambda$381
instanceKlass com/sky/mapper/UserMapper
instanceKlass com/sky/mapper/SetmealMapper
instanceKlass com/sky/mapper/SetmealDishMapper
instanceKlass com/sky/mapper/EmployeeMapper
instanceKlass com/sky/mapper/DishMapper
instanceKlass com/sky/mapper/DishFlavorMapper
instanceKlass org/springframework/util/MethodInvoker
instanceKlass com/sky/mapper/CategoryMapper
instanceKlass org/springframework/core/LocalVariableTableParameterNameDiscoverer$$Lambda$380
instanceKlass org/springframework/beans/factory/support/ConstructorResolver$ConstructorPropertiesChecker
instanceKlass org/springframework/beans/factory/support/AutowireUtils$$Lambda$379
instanceKlass org/springframework/beans/factory/support/AutowireUtils
instanceKlass org/springframework/core/annotation/AnnotatedElementUtils$AnnotatedElementForAnnotations
instanceKlass org/springframework/beans/factory/support/ConstructorResolver$ArgumentsHolder
instanceKlass org/springframework/boot/context/properties/ConfigurationPropertiesBean
instanceKlass org/springframework/aop/aspectj/annotation/AbstractAspectJAdvisorFactory$AspectJAnnotationParameterNameDiscoverer
instanceKlass java/util/Comparator$$Lambda$378
instanceKlass org/springframework/util/comparator/ComparableComparator
instanceKlass org/springframework/util/comparator/Comparators
instanceKlass org/springframework/aop/aspectj/annotation/ReflectiveAspectJAdvisorFactory$$Lambda$377
instanceKlass org/springframework/aop/aspectj/annotation/ReflectiveAspectJAdvisorFactory$$Lambda$376
instanceKlass org/springframework/util/comparator/InstanceComparator
instanceKlass org/springframework/core/convert/converter/ConvertingComparator
instanceKlass org/springframework/util/ReflectionUtils$MethodFilter$$Lambda$375
instanceKlass org/springframework/aop/aspectj/annotation/ReflectiveAspectJAdvisorFactory$$Lambda$374
instanceKlass org/aspectj/lang/annotation/AfterThrowing
instanceKlass org/aspectj/lang/annotation/AfterReturning
instanceKlass org/aspectj/lang/annotation/After
instanceKlass org/aspectj/lang/annotation/Around
instanceKlass org/springframework/aop/aspectj/annotation/MetadataAwareAspectInstanceFactory
instanceKlass org/springframework/aop/AfterReturningAdvice
instanceKlass org/springframework/aop/AfterAdvice
instanceKlass org/springframework/aop/MethodBeforeAdvice
instanceKlass org/springframework/aop/BeforeAdvice
instanceKlass org/springframework/aop/aspectj/AbstractAspectJAdvice
instanceKlass org/springframework/aop/aspectj/AspectJPrecedenceInformation
instanceKlass org/springframework/aop/aspectj/AspectInstanceFactory
instanceKlass org/springframework/aop/aspectj/annotation/AbstractAspectJAdvisorFactory
instanceKlass org/springframework/core/convert/support/NumberToNumberConverterFactory$NumberToNumber
instanceKlass sun/reflect/generics/reflectiveObjects/GenericArrayTypeImpl
instanceKlass org/springframework/beans/factory/annotation/AutowiredAnnotationBeanPostProcessor$$Lambda$373
instanceKlass org/springframework/beans/factory/annotation/AutowiredAnnotationBeanPostProcessor$$Lambda$372
instanceKlass org/springframework/context/annotation/CommonAnnotationBeanPostProcessor$$Lambda$371
instanceKlass org/springframework/context/annotation/CommonAnnotationBeanPostProcessor$$Lambda$370
instanceKlass org/springframework/beans/factory/annotation/InjectionMetadata
instanceKlass org/springframework/beans/factory/annotation/InitDestroyAnnotationBeanPostProcessor$$Lambda$369
instanceKlass org/springframework/aop/framework/adapter/ThrowsAdviceAdapter
instanceKlass org/springframework/aop/framework/adapter/AfterReturningAdviceAdapter
instanceKlass org/springframework/aop/framework/adapter/MethodBeforeAdviceAdapter
instanceKlass org/springframework/aop/framework/adapter/AdvisorAdapter
instanceKlass org/springframework/aop/framework/adapter/DefaultAdvisorAdapterRegistry
instanceKlass org/springframework/aop/framework/adapter/GlobalAdvisorAdapterRegistry
instanceKlass org/springframework/aop/aspectj/autoproxy/AspectJPrecedenceComparator
instanceKlass org/springframework/aop/framework/adapter/AdvisorAdapterRegistry
instanceKlass org/springframework/aop/framework/autoproxy/TargetSourceCreator
instanceKlass org/springframework/aop/aspectj/annotation/BeanFactoryAspectJAdvisorsBuilder
instanceKlass org/springframework/aop/aspectj/annotation/AspectJAdvisorFactory
instanceKlass org/springframework/aop/framework/autoproxy/BeanFactoryAdvisorRetrievalHelper
instanceKlass org/springframework/beans/factory/annotation/AutowiredAnnotationBeanPostProcessor$$Lambda$368
instanceKlass org/springframework/beans/factory/annotation/Lookup
instanceKlass javax/validation/ValidatorFactory
instanceKlass javax/validation/Validator
instanceKlass org/springframework/boot/context/properties/ConfigurationPropertiesJsr303Validator
instanceKlass org/springframework/boot/context/properties/PropertySourcesDeducer
instanceKlass org/springframework/jndi/JndiTemplate
instanceKlass javax/annotation/PreDestroy
instanceKlass javax/xml/ws/WebServiceRef
instanceKlass org/springframework/beans/factory/annotation/InitDestroyAnnotationBeanPostProcessor$LifecycleMetadata
instanceKlass org/springframework/beans/factory/support/MethodOverride
instanceKlass org/springframework/context/support/PostProcessorRegistrationDelegate$BeanPostProcessorChecker
instanceKlass org/springframework/beans/factory/support/AbstractBeanFactory$$Lambda$367
instanceKlass org/springframework/context/expression/CachedExpressionEvaluator
instanceKlass org/springframework/beans/factory/support/DefaultListableBeanFactory$$Lambda$366
instanceKlass org/springframework/boot/sql/init/dependency/DependsOnDatabaseInitialization
instanceKlass org/springframework/boot/sql/init/dependency/AbstractBeansOfTypeDependsOnDatabaseInitializationDetector
instanceKlass org/springframework/boot/sql/init/dependency/AnnotationDependsOnDatabaseInitializationDetector
instanceKlass org/springframework/boot/sql/init/dependency/DependsOnDatabaseInitializationDetector
instanceKlass org/springframework/boot/sql/init/dependency/DatabaseInitializationDependencyConfigurer$DependsOnDatabaseInitializationPostProcessor$InitializerBeanNames$$Lambda$365
instanceKlass org/springframework/boot/jdbc/AbstractDataSourceInitializer
instanceKlass org/springframework/boot/autoconfigure/flyway/FlywayMigrationInitializer
instanceKlass org/springframework/boot/sql/init/dependency/BeansOfTypeDetector$$Lambda$364
instanceKlass org/springframework/boot/sql/init/dependency/BeansOfTypeDetector$$Lambda$363
instanceKlass org/springframework/boot/sql/init/dependency/BeansOfTypeDetector
instanceKlass org/springframework/boot/sql/init/dependency/DatabaseInitializationDependencyConfigurer$DependsOnDatabaseInitializationPostProcessor$InitializerBeanNames
instanceKlass org/springframework/boot/sql/init/dependency/AbstractBeansOfTypeDatabaseInitializerDetector
instanceKlass org/springframework/boot/sql/init/dependency/DatabaseInitializationDependencyConfigurer$DependsOnDatabaseInitializationPostProcessor$$Lambda$362
instanceKlass org/springframework/boot/sql/init/dependency/DatabaseInitializerDetector
instanceKlass java/util/concurrent/ConcurrentHashMap$MapEntry
instanceKlass java/util/concurrent/ConcurrentHashMap$Traverser
instanceKlass org/springframework/context/annotation/ConfigurationClassPostProcessor$ImportAwareBeanPostProcessor
instanceKlass org/springframework/context/annotation/ConfigurationClassPostProcessor$$Lambda$361
instanceKlass org/springframework/cglib/proxy/Enhancer$EnhancerFactoryData
instanceKlass org/springframework/cglib/proxy/MethodProxy$CreateInfo
instanceKlass org/springframework/cglib/proxy/MethodProxy
instanceKlass org/springframework/cglib/core/EmitUtils$6
instanceKlass java/util/DualPivotQuicksort
instanceKlass org/springframework/cglib/core/EmitUtils$5
instanceKlass org/springframework/cglib/proxy/MethodInterceptorGenerator$2
instanceKlass org/springframework/cglib/proxy/Enhancer$6
instanceKlass org/springframework/cglib/proxy/BridgeMethodResolver
instanceKlass org/springframework/cglib/core/MethodInfoTransformer
instanceKlass org/springframework/cglib/proxy/Enhancer$2
instanceKlass org/springframework/cglib/core/DuplicatesPredicate
instanceKlass org/springframework/cglib/core/RejectModifierPredicate
instanceKlass org/springframework/cglib/core/MethodWrapper$MethodWrapperKey
instanceKlass org/springframework/cglib/core/MethodWrapper
instanceKlass org/springframework/cglib/proxy/Factory
instanceKlass org/springframework/cglib/core/VisibilityPredicate
instanceKlass org/springframework/cglib/transform/TransformingClassGenerator
instanceKlass org/springframework/cglib/proxy/ProxyRefDispatcher
instanceKlass org/springframework/cglib/proxy/FixedValueGenerator
instanceKlass org/springframework/cglib/proxy/FixedValue
instanceKlass org/springframework/cglib/proxy/DispatcherGenerator
instanceKlass org/springframework/cglib/proxy/Dispatcher
instanceKlass org/springframework/cglib/proxy/LazyLoaderGenerator
instanceKlass org/springframework/cglib/proxy/LazyLoader
instanceKlass org/springframework/cglib/proxy/InvocationHandlerGenerator
instanceKlass org/springframework/cglib/proxy/InvocationHandler
instanceKlass org/springframework/cglib/proxy/MethodInterceptorGenerator$1
instanceKlass org/springframework/cglib/proxy/MethodInterceptorGenerator
instanceKlass org/springframework/cglib/proxy/NoOpGenerator
instanceKlass org/springframework/cglib/proxy/CallbackGenerator
instanceKlass org/springframework/cglib/proxy/CallbackInfo
instanceKlass org/springframework/cglib/core/ClassNameReader
instanceKlass org/springframework/cglib/core/DebuggingClassWriter$1
instanceKlass org/springframework/asm/Handler
instanceKlass org/springframework/cglib/core/EmitUtils$9
instanceKlass org/springframework/cglib/core/EmitUtils$8
instanceKlass org/springframework/cglib/core/Local
instanceKlass org/springframework/cglib/core/EmitUtils$7
instanceKlass org/springframework/asm/Edge
instanceKlass org/springframework/cglib/core/ClassEmitter$FieldInfo
instanceKlass org/springframework/cglib/core/LocalVariablesSorter$State
instanceKlass org/springframework/asm/Frame
instanceKlass org/springframework/cglib/core/EmitUtils$ArrayDelimiters
instanceKlass org/springframework/cglib/core/EmitUtils$ParameterTyper
instanceKlass org/springframework/asm/Label
instanceKlass org/springframework/cglib/core/ProcessArrayCallback
instanceKlass org/springframework/cglib/core/EmitUtils
instanceKlass org/springframework/cglib/core/ReflectUtils$4
instanceKlass org/springframework/cglib/core/ReflectUtils$5
instanceKlass java/lang/AssertionStatusDirectives
instanceKlass org/springframework/cglib/core/ReflectUtils$3
instanceKlass org/springframework/cglib/core/ReflectUtils$2
instanceKlass org/springframework/cglib/core/ReflectUtils$1
instanceKlass org/springframework/cglib/core/MethodInfo
instanceKlass org/springframework/cglib/core/ReflectUtils
instanceKlass org/springframework/cglib/core/ClassInfo
instanceKlass org/springframework/asm/ByteVector
instanceKlass org/springframework/asm/Symbol
instanceKlass org/springframework/asm/SymbolTable
instanceKlass org/springframework/asm/FieldVisitor
instanceKlass org/springframework/asm/ModuleVisitor
instanceKlass org/springframework/asm/RecordComponentVisitor
instanceKlass org/springframework/cglib/core/AsmApi
instanceKlass org/springframework/cglib/core/Constants
instanceKlass org/springframework/cglib/core/internal/LoadingCache$2
instanceKlass java/util/concurrent/FutureTask$WaitNode
instanceKlass java/util/concurrent/FutureTask
instanceKlass java/util/concurrent/RunnableFuture
instanceKlass java/util/concurrent/Future
instanceKlass org/springframework/cglib/core/internal/LoadingCache$1
instanceKlass org/springframework/cglib/core/internal/LoadingCache
instanceKlass org/springframework/cglib/core/AbstractClassGenerator$ClassLoaderData$3
instanceKlass org/springframework/cglib/core/AbstractClassGenerator$ClassLoaderData$1
instanceKlass org/springframework/cglib/core/AbstractClassGenerator$ClassLoaderData$2
instanceKlass org/springframework/cglib/core/internal/Function
instanceKlass org/springframework/cglib/core/AbstractClassGenerator$ClassLoaderData
instanceKlass org/springframework/cglib/core/internal/CustomizerRegistry
instanceKlass org/springframework/cglib/core/DefaultNamingPolicy
instanceKlass org/springframework/cglib/core/DefaultGeneratorStrategy
instanceKlass org/springframework/cglib/core/KeyFactory$4
instanceKlass org/springframework/cglib/core/KeyFactory$3
instanceKlass org/springframework/cglib/core/KeyFactory$2
instanceKlass org/springframework/cglib/core/KeyFactory$1
instanceKlass org/springframework/cglib/core/Signature
instanceKlass org/springframework/cglib/core/CollectionUtils
instanceKlass org/springframework/cglib/core/TypeUtils
instanceKlass org/springframework/cglib/core/HashCodeCustomizer
instanceKlass org/springframework/cglib/core/FieldTypeCustomizer
instanceKlass org/springframework/cglib/core/Customizer
instanceKlass org/springframework/cglib/core/KeyFactory
instanceKlass org/springframework/cglib/proxy/Enhancer$EnhancerKey
instanceKlass org/springframework/cglib/core/AbstractClassGenerator$Source
instanceKlass org/springframework/cglib/proxy/Enhancer$1
instanceKlass org/springframework/cglib/proxy/CallbackGenerator$Context
instanceKlass org/springframework/cglib/core/ProcessSwitchCallback
instanceKlass org/springframework/cglib/core/Transformer
instanceKlass org/springframework/cglib/core/ObjectSwitchCallback
instanceKlass org/springframework/cglib/core/Predicate
instanceKlass org/springframework/cglib/core/KeyFactoryCustomizer
instanceKlass org/springframework/cglib/core/AbstractClassGenerator
instanceKlass org/springframework/cglib/core/ClassGenerator
instanceKlass org/springframework/context/annotation/ConfigurationClassEnhancer$EnhancedConfiguration
instanceKlass org/springframework/aop/framework/autoproxy/AutoProxyUtils
instanceKlass org/springframework/objenesis/instantiator/ObjectInstantiator
instanceKlass org/springframework/objenesis/strategy/BaseInstantiatorStrategy
instanceKlass org/springframework/objenesis/strategy/InstantiatorStrategy
instanceKlass org/springframework/objenesis/SpringObjenesis
instanceKlass org/springframework/objenesis/Objenesis
instanceKlass org/springframework/context/annotation/ConfigurationClassEnhancer$ConditionalCallbackFilter
instanceKlass org/springframework/cglib/proxy/NoOp$1
instanceKlass org/springframework/cglib/proxy/NoOp
instanceKlass org/springframework/context/annotation/ConfigurationClassEnhancer$BeanFactoryAwareMethodInterceptor
instanceKlass org/springframework/context/annotation/ConfigurationClassEnhancer$BeanMethodInterceptor
instanceKlass org/springframework/context/annotation/ConfigurationClassEnhancer$ConditionalCallback
instanceKlass org/springframework/cglib/proxy/MethodInterceptor
instanceKlass org/springframework/cglib/proxy/Callback
instanceKlass org/springframework/cglib/proxy/CallbackFilter
instanceKlass org/springframework/cglib/core/GeneratorStrategy
instanceKlass org/springframework/cglib/core/NamingPolicy
instanceKlass org/springframework/context/annotation/ConfigurationClassEnhancer
instanceKlass org/springframework/context/support/PostProcessorRegistrationDelegate$$Lambda$360
instanceKlass org/mybatis/spring/mapper/ClassPathMapperScanner$$Lambda$359
instanceKlass org/mybatis/spring/mapper/ClassPathMapperScanner$$Lambda$358
instanceKlass org/mybatis/spring/mapper/ClassPathMapperScanner$$Lambda$357
instanceKlass org/apache/ibatis/logging/LogFactory$$Lambda$356
instanceKlass org/apache/ibatis/logging/LogFactory$$Lambda$355
instanceKlass org/apache/ibatis/logging/LogFactory$$Lambda$354
instanceKlass org/apache/ibatis/logging/LogFactory$$Lambda$353
instanceKlass org/apache/ibatis/logging/LogFactory$$Lambda$352
instanceKlass org/slf4j/helpers/BasicMarker
instanceKlass org/slf4j/helpers/BasicMarkerFactory
instanceKlass org/slf4j/impl/StaticMarkerBinder
instanceKlass org/slf4j/spi/MarkerFactoryBinder
instanceKlass org/slf4j/IMarkerFactory
instanceKlass org/slf4j/MarkerFactory
instanceKlass org/apache/ibatis/logging/slf4j/Slf4jLocationAwareLoggerImpl
instanceKlass org/slf4j/Marker
instanceKlass org/apache/ibatis/logging/slf4j/Slf4jImpl
instanceKlass org/apache/ibatis/logging/Log
instanceKlass org/apache/ibatis/logging/LogFactory$$Lambda$351
instanceKlass org/apache/ibatis/logging/LogFactory
instanceKlass org/mybatis/logging/Logger
instanceKlass org/mybatis/logging/LoggerFactory
instanceKlass org/mybatis/spring/mapper/MapperScannerConfigurer$$Lambda$350
instanceKlass org/mybatis/spring/mapper/MapperScannerConfigurer$$Lambda$349
instanceKlass org/mybatis/spring/mapper/MapperScannerConfigurer$$Lambda$348
instanceKlass org/mybatis/spring/mapper/MapperScannerConfigurer$$Lambda$347
instanceKlass org/mybatis/spring/mapper/MapperScannerConfigurer$$Lambda$346
instanceKlass org/springframework/core/SimpleAliasRegistry$$Lambda$345
instanceKlass org/springframework/beans/factory/config/BeanDefinitionVisitor
instanceKlass org/springframework/context/support/PropertySourcesPlaceholderConfigurer$$Lambda$344
instanceKlass org/springframework/util/DefaultPropertiesPersister
instanceKlass org/springframework/beans/factory/support/ConstructorResolver
instanceKlass java/lang/Class$EnclosingMethodInfo
instanceKlass org/springframework/beans/Mergeable
instanceKlass org/springframework/beans/factory/config/RuntimeBeanNameReference
instanceKlass springfox/boot/starter/autoconfigure/OpenApiAutoConfiguration
instanceKlass springfox/boot/starter/autoconfigure/SwaggerUiWebMvcConfigurer
instanceKlass springfox/bean/validators/plugins/schema/MinMaxAnnotationPlugin
instanceKlass springfox/bean/validators/plugins/parameter/ExpandedParameterNotNullAnnotationPlugin
instanceKlass springfox/bean/validators/plugins/parameter/ExpandedParameterNotBlankAnnotationPlugin
instanceKlass springfox/bean/validators/plugins/parameter/SizeAnnotationPlugin
instanceKlass springfox/bean/validators/plugins/schema/NotNullAnnotationPlugin
instanceKlass springfox/bean/validators/plugins/parameter/MinMaxAnnotationPlugin
instanceKlass springfox/bean/validators/plugins/parameter/ExpandedParameterSizeAnnotationPlugin
instanceKlass springfox/bean/validators/plugins/parameter/NotNullAnnotationPlugin
instanceKlass springfox/bean/validators/plugins/parameter/PatternAnnotationPlugin
instanceKlass springfox/bean/validators/plugins/parameter/ExpandedParameterPatternAnnotationPlugin
instanceKlass springfox/bean/validators/plugins/schema/SizeAnnotationPlugin
instanceKlass springfox/bean/validators/plugins/schema/NotBlankAnnotationPlugin
instanceKlass springfox/bean/validators/plugins/schema/PatternAnnotationPlugin
instanceKlass springfox/bean/validators/plugins/parameter/ExpandedParameterMinMaxAnnotationPlugin
instanceKlass springfox/bean/validators/plugins/schema/IsNullAnnotationPlugin
instanceKlass springfox/bean/validators/plugins/parameter/NotBlankAnnotationPlugin
instanceKlass springfox/bean/validators/plugins/schema/DecimalMinMaxAnnotationPlugin
instanceKlass springfox/documentation/spring/web/json/JacksonModuleRegistrar
instanceKlass springfox/documentation/spring/web/WebMvcObjectMapperConfigurer
instanceKlass springfox/documentation/spring/web/json/JsonSerializer
instanceKlass springfox/documentation/spring/web/readers/operation/HandlerMethodResolver
instanceKlass springfox/documentation/spring/web/DescriptionResolver
instanceKlass springfox/documentation/spring/web/DocumentationCache
instanceKlass springfox/documentation/spi/service/contexts/Defaults
instanceKlass springfox/documentation/PathProvider
instanceKlass com/fasterxml/classmate/TypeResolver
instanceKlass org/springframework/boot/autoconfigure/websocket/servlet/WebSocketMessagingAutoConfiguration
instanceKlass springfox/boot/starter/autoconfigure/SpringfoxConfigurationProperties$SwaggerUiConfigurationProperties
instanceKlass springfox/boot/starter/autoconfigure/SpringfoxConfigurationProperties$OpenApiConfigurationProperties
instanceKlass springfox/boot/starter/autoconfigure/SpringfoxConfigurationProperties$SwaggerConfigurationProperties
instanceKlass org/springframework/lang/NonNull
instanceKlass org/springframework/boot/autoconfigure/task/TaskSchedulingProperties$Shutdown
instanceKlass org/springframework/boot/autoconfigure/task/TaskSchedulingProperties$Pool
instanceKlass org/springframework/boot/autoconfigure/jdbc/JdbcProperties$Template
instanceKlass org/springframework/boot/autoconfigure/info/ProjectInfoProperties$Build
instanceKlass org/springframework/boot/autoconfigure/info/ProjectInfoProperties$Git
instanceKlass org/springframework/boot/autoconfigure/data/web/SpringDataWebProperties$Pageable
instanceKlass org/springframework/boot/autoconfigure/data/web/SpringDataWebProperties$Sort
instanceKlass com/google/gson/FieldNamingStrategy
instanceKlass org/springframework/data/keyvalue/core/KeyValueCallback
instanceKlass org/springframework/data/keyvalue/core/IdentifierGenerator
instanceKlass org/springframework/data/redis/core/RedisKeyValueAdapter$RedisUpdateObject
instanceKlass org/springframework/data/redis/core/TimeToLive
instanceKlass org/springframework/data/redis/listener/RedisMessageListenerContainer
instanceKlass org/springframework/data/util/CloseableIterator
instanceKlass org/springframework/data/redis/core/RedisCallback
instanceKlass org/springframework/data/keyvalue/core/QueryEngine
instanceKlass org/springframework/data/redis/core/PartialUpdate$PropertyUpdate
instanceKlass org/springframework/data/mapping/Association
instanceKlass org/springframework/data/redis/core/PartialUpdate
instanceKlass org/springframework/data/redis/core/convert/Bucket
instanceKlass org/springframework/data/mapping/PersistentPropertyAccessor
instanceKlass org/springframework/data/redis/core/convert/RedisData
instanceKlass org/springframework/data/mapping/model/ParameterValueProvider
instanceKlass org/springframework/data/mapping/model/PropertyValueProvider
instanceKlass org/springframework/data/redis/core/convert/IndexResolver
instanceKlass org/springframework/data/redis/core/convert/RedisTypeMapper
instanceKlass org/springframework/data/convert/TypeMapper
instanceKlass org/springframework/data/mapping/model/Property
instanceKlass org/springframework/data/redis/core/mapping/RedisPersistentEntity
instanceKlass org/springframework/data/mapping/model/AbstractPersistentProperty
instanceKlass org/springframework/data/redis/core/TimeToLiveAccessor
instanceKlass org/springframework/data/keyvalue/core/mapping/KeySpaceResolver
instanceKlass org/springframework/data/keyvalue/core/mapping/KeyValuePersistentEntity
instanceKlass org/springframework/data/mapping/model/MutablePersistentEntity
instanceKlass org/springframework/data/mapping/PersistentProperty
instanceKlass org/springframework/data/mapping/model/SimpleTypeHolder
instanceKlass org/springframework/util/ReflectionUtils$FieldCallback
instanceKlass org/springframework/data/util/TypeInformation
instanceKlass org/springframework/data/mapping/PersistentEntity
instanceKlass org/springframework/data/spel/EvaluationContextProvider
instanceKlass org/springframework/data/mapping/model/PersistentPropertyAccessorFactory
instanceKlass org/springframework/boot/autoconfigure/data/redis/RedisProperties$Jedis
instanceKlass org/springframework/boot/autoconfigure/data/redis/RedisProperties$Cluster
instanceKlass org/springframework/boot/autoconfigure/data/redis/RedisProperties$Lettuce
instanceKlass org/springframework/boot/autoconfigure/jdbc/DataSourceProperties$Xa
instanceKlass com/alibaba/druid/spring/boot/autoconfigure/properties/DruidStatProperties$StatViewServlet
instanceKlass com/alibaba/druid/spring/boot/autoconfigure/properties/DruidStatProperties$WebStatFilter
instanceKlass org/springframework/boot/autoconfigure/web/WebProperties$Resources
instanceKlass org/springframework/boot/autoconfigure/task/TaskExecutionProperties$Shutdown
instanceKlass org/springframework/boot/autoconfigure/task/TaskExecutionProperties$Pool
instanceKlass org/springframework/boot/context/properties/DeprecatedConfigurationProperty
instanceKlass org/springframework/boot/autoconfigure/web/servlet/WebMvcProperties$Contentnegotiation
instanceKlass org/springframework/validation/MessageCodeFormatter
instanceKlass org/springframework/boot/autoconfigure/web/servlet/WebMvcProperties$Servlet
instanceKlass org/springframework/boot/autoconfigure/web/servlet/WebMvcProperties$View
instanceKlass org/springframework/boot/autoconfigure/web/servlet/WebMvcProperties$Pathmatch
instanceKlass org/springframework/boot/autoconfigure/web/servlet/WebMvcProperties$Async
instanceKlass org/springframework/boot/autoconfigure/web/servlet/WebMvcProperties$Format
instanceKlass org/springframework/boot/autoconfigure/web/ServerProperties$Servlet
instanceKlass org/springframework/boot/autoconfigure/web/ServerProperties$Netty
instanceKlass org/springframework/boot/autoconfigure/web/ServerProperties$Undertow
instanceKlass org/springframework/boot/autoconfigure/web/ServerProperties$Jetty
instanceKlass org/springframework/boot/autoconfigure/web/ServerProperties$Tomcat
instanceKlass org/springframework/boot/autoconfigure/web/ServerProperties$Reactive
instanceKlass org/springframework/boot/web/server/Http2
instanceKlass org/springframework/boot/web/server/Compression
instanceKlass org/springframework/boot/web/server/Ssl
instanceKlass org/springframework/boot/autoconfigure/web/ErrorProperties
instanceKlass org/springframework/context/annotation/ConfigurationClassPostProcessor$$Lambda$343
instanceKlass springfox/boot/starter/autoconfigure/SwaggerUiWebMvcConfiguration
instanceKlass springfox/boot/starter/autoconfigure/SwaggerUiWebFluxConfiguration
instanceKlass springfox/documentation/swagger2/configuration/Swagger2DocumentationConfiguration
instanceKlass springfox/bean/validators/configuration/BeanValidatorPluginsConfiguration
instanceKlass springfox/documentation/spring/data/rest/configuration/SpringDataRestConfiguration
instanceKlass springfox/documentation/oas/configuration/OpenApiDocumentationConfiguration
instanceKlass springfox/boot/starter/autoconfigure/SpringfoxConfigurationProperties
instanceKlass springfox/documentation/swagger2/configuration/Swagger2WebFluxConfiguration
instanceKlass springfox/documentation/swagger2/configuration/Swagger2WebMvcConfiguration
instanceKlass springfox/documentation/swagger2/web/WebMvcSwaggerTransformationFilter
instanceKlass springfox/documentation/swagger2/web/SwaggerTransformationFilter
instanceKlass springfox/documentation/oas/configuration/OpenApiWebFluxConfiguration
instanceKlass springfox/documentation/oas/configuration/OpenApiWebMvcConfiguration
instanceKlass springfox/documentation/oas/configuration/OpenApiMappingConfiguration
instanceKlass springfox/documentation/swagger/configuration/SwaggerCommonConfiguration
instanceKlass springfox/documentation/spring/web/SpringfoxWebFluxConfiguration
instanceKlass springfox/documentation/spring/web/SpringfoxWebMvcConfiguration
instanceKlass springfox/documentation/spring/web/SpringfoxWebConfiguration
instanceKlass javax/servlet/http/HttpServletRequest
instanceKlass springfox/documentation/oas/web/WebMvcOpenApiTransformationFilter
instanceKlass springfox/documentation/oas/web/OpenApiTransformationFilter
instanceKlass springfox/documentation/spi/service/contexts/DocumentationContext
instanceKlass springfox/documentation/spi/service/ModelNamesRegistryFactoryPlugin
instanceKlass springfox/documentation/spi/service/ApiListingScannerPlugin
instanceKlass springfox/documentation/spi/service/DefaultsProviderPlugin
instanceKlass springfox/documentation/schema/configuration/ModelsConfiguration
instanceKlass springfox/documentation/spi/schema/contexts/ModelContext
instanceKlass org/springframework/plugin/core/PluginRegistrySupport
instanceKlass org/springframework/plugin/core/PluginRegistry
instanceKlass org/springframework/plugin/metadata/SimplePluginMetadata
instanceKlass org/springframework/plugin/metadata/PluginMetadata
instanceKlass org/springframework/plugin/core/support/AbstractTypeAwareSupport
instanceKlass springfox/documentation/spi/schema/SyntheticModelProviderPlugin
instanceKlass org/springframework/web/multipart/commons/CommonsFileUploadSupport
instanceKlass org/springframework/boot/autoconfigure/web/servlet/MultipartAutoConfiguration
instanceKlass org/springframework/boot/autoconfigure/web/servlet/HttpEncodingAutoConfiguration$LocaleCharsetMappingsCustomizer
instanceKlass org/springframework/boot/web/servlet/filter/OrderedFilter
instanceKlass org/springframework/boot/autoconfigure/web/servlet/MultipartProperties
instanceKlass org/springframework/boot/autoconfigure/web/servlet/HttpEncodingAutoConfiguration
instanceKlass org/springframework/boot/autoconfigure/web/embedded/EmbeddedWebServerFactoryCustomizerAutoConfiguration
instanceKlass org/springframework/boot/autoconfigure/web/embedded/TomcatWebServerFactoryCustomizer
instanceKlass org/springframework/boot/autoconfigure/web/embedded/EmbeddedWebServerFactoryCustomizerAutoConfiguration$TomcatWebServerFactoryCustomizerConfiguration
instanceKlass org/springframework/boot/web/client/RestTemplateBuilder
instanceKlass org/springframework/boot/autoconfigure/web/client/RestTemplateAutoConfiguration
instanceKlass org/springframework/boot/autoconfigure/web/client/RestTemplateBuilderConfigurer
instanceKlass org/springframework/transaction/reactive/TransactionalOperator
instanceKlass org/springframework/transaction/ReactiveTransactionManager
instanceKlass org/springframework/boot/autoconfigure/transaction/TransactionAutoConfiguration
instanceKlass org/springframework/transaction/support/DefaultTransactionDefinition
instanceKlass org/springframework/transaction/TransactionDefinition
instanceKlass org/springframework/boot/autoconfigure/transaction/TransactionProperties
instanceKlass org/springframework/boot/autoconfigure/transaction/PlatformTransactionManagerCustomizer
instanceKlass org/springframework/boot/autoconfigure/data/neo4j/Neo4jDataAutoConfiguration
instanceKlass org/springframework/boot/autoconfigure/orm/jpa/HibernateJpaAutoConfiguration
instanceKlass org/springframework/boot/autoconfigure/transaction/jta/JtaAutoConfiguration
instanceKlass org/springframework/boot/autoconfigure/transaction/TransactionAutoConfiguration$TransactionTemplateConfiguration
instanceKlass org/springframework/transaction/support/TransactionOperations
instanceKlass org/springframework/boot/autoconfigure/jdbc/DataSourceTransactionManagerAutoConfiguration
instanceKlass org/springframework/boot/autoconfigure/transaction/TransactionManagerCustomizers
instanceKlass org/springframework/transaction/support/AbstractPlatformTransactionManager
instanceKlass org/springframework/transaction/support/ResourceTransactionManager
instanceKlass org/springframework/boot/autoconfigure/jdbc/DataSourceTransactionManagerAutoConfiguration$JdbcTransactionManagerConfiguration
instanceKlass org/springframework/boot/LazyInitializationExcludeFilter
instanceKlass org/springframework/boot/autoconfigure/task/TaskSchedulingAutoConfiguration
instanceKlass org/springframework/boot/task/TaskSchedulerBuilder
instanceKlass org/springframework/boot/autoconfigure/task/TaskSchedulingProperties
instanceKlass org/springframework/boot/autoconfigure/sql/init/DataSourceInitializationConfiguration
instanceKlass org/springframework/boot/autoconfigure/sql/init/R2dbcInitializationConfiguration
instanceKlass org/springframework/boot/autoconfigure/sql/init/SqlInitializationProperties
instanceKlass org/springframework/boot/autoconfigure/r2dbc/R2dbcAutoConfiguration
instanceKlass org/springframework/boot/sql/init/AbstractScriptDatabaseInitializer
instanceKlass org/springframework/boot/autoconfigure/netty/NettyAutoConfiguration
instanceKlass org/springframework/boot/autoconfigure/jdbc/JdbcTemplateAutoConfiguration
instanceKlass org/springframework/jdbc/core/namedparam/NamedParameterJdbcTemplate
instanceKlass org/springframework/boot/autoconfigure/netty/NettyProperties
instanceKlass org/springframework/boot/sql/init/dependency/DatabaseInitializationDependencyConfigurer$DependsOnDatabaseInitializationPostProcessor
instanceKlass org/springframework/boot/autoconfigure/jdbc/NamedParameterJdbcTemplateConfiguration
instanceKlass org/springframework/jdbc/core/namedparam/NamedParameterJdbcOperations
instanceKlass org/springframework/boot/autoconfigure/jdbc/JdbcProperties
instanceKlass org/springframework/boot/autoconfigure/jdbc/JdbcTemplateConfiguration
instanceKlass org/springframework/boot/autoconfigure/info/ProjectInfoAutoConfiguration
instanceKlass org/springframework/boot/autoconfigure/info/ProjectInfoProperties
instanceKlass org/springframework/data/domain/Pageable
instanceKlass org/springframework/boot/autoconfigure/data/web/SpringDataWebAutoConfiguration
instanceKlass org/springframework/data/web/config/SpringDataJacksonConfiguration
instanceKlass org/springframework/data/web/config/SortHandlerMethodArgumentResolverCustomizer
instanceKlass org/springframework/data/web/SortHandlerMethodArgumentResolverSupport
instanceKlass org/springframework/data/web/SortArgumentResolver
instanceKlass org/springframework/data/web/config/ProjectingArgumentResolverRegistrar$ProjectingArgumentResolverBeanPostProcessor
instanceKlass org/springframework/data/web/config/PageableHandlerMethodArgumentResolverCustomizer
instanceKlass org/springframework/boot/autoconfigure/data/web/SpringDataWebProperties
instanceKlass org/springframework/boot/autoconfigure/data/rest/RepositoryRestMvcAutoConfiguration
instanceKlass org/springframework/boot/autoconfigure/http/HttpMessageConvertersAutoConfiguration
instanceKlass org/springframework/boot/autoconfigure/http/HttpMessageConverters
instanceKlass org/springframework/boot/autoconfigure/http/JsonbHttpMessageConvertersConfiguration
instanceKlass org/springframework/boot/autoconfigure/http/GsonHttpMessageConvertersConfiguration
instanceKlass org/springframework/boot/autoconfigure/jsonb/JsonbAutoConfiguration
instanceKlass org/springframework/boot/autoconfigure/http/JacksonHttpMessageConvertersConfiguration
instanceKlass org/springframework/boot/autoconfigure/http/JacksonHttpMessageConvertersConfiguration$MappingJackson2HttpMessageConverterConfiguration
instanceKlass org/springframework/boot/autoconfigure/http/HttpMessageConvertersAutoConfiguration$StringHttpMessageConverterConfiguration
instanceKlass org/springframework/boot/autoconfigure/gson/GsonAutoConfiguration$StandardGsonBuilderCustomizer
instanceKlass org/springframework/boot/autoconfigure/gson/GsonBuilderCustomizer
instanceKlass org/springframework/boot/autoconfigure/gson/GsonAutoConfiguration
instanceKlass org/springframework/data/redis/core/convert/ReferenceResolverImpl
instanceKlass org/springframework/data/redis/core/convert/ReferenceResolver
instanceKlass org/springframework/beans/factory/config/ConstructorArgumentValues$$Lambda$342
instanceKlass org/springframework/beans/factory/config/ConstructorArgumentValues$$Lambda$341
instanceKlass org/springframework/beans/factory/config/ConstructorArgumentValues$$Lambda$340
instanceKlass org/springframework/boot/autoconfigure/data/redis/RedisRepositoriesAutoConfiguration
instanceKlass com/google/gson/GsonBuilder
instanceKlass org/springframework/boot/autoconfigure/gson/GsonProperties
instanceKlass org/springframework/util/StopWatch$TaskInfo
instanceKlass org/springframework/data/repository/config/RepositoryConfigurationSourceSupport$$Lambda$339
instanceKlass org/springframework/data/util/Streamable$$Lambda$338
instanceKlass org/springframework/data/repository/config/RepositoryConfigurationSourceSupport$$Lambda$337
instanceKlass org/springframework/data/repository/config/RepositoryConfigurationSourceSupport$$Lambda$336
instanceKlass org/springframework/data/repository/NoRepositoryBean
instanceKlass org/springframework/data/repository/RepositoryDefinition
instanceKlass org/springframework/data/repository/Repository
instanceKlass org/springframework/data/repository/config/AnnotationRepositoryConfigurationSource$$Lambda$335
instanceKlass org/springframework/data/util/LazyStreamable
instanceKlass org/springframework/data/util/Streamable
instanceKlass org/springframework/data/repository/config/AnnotationRepositoryConfigurationSource$$Lambda$334
instanceKlass org/springframework/data/repository/config/RepositoryConfigurationDelegate$$Lambda$333
instanceKlass org/springframework/util/StopWatch
instanceKlass org/springframework/data/util/Lazy$$Lambda$332
instanceKlass java/lang/invoke/LambdaForm$DMH
instanceKlass org/springframework/data/util/Lazy
instanceKlass org/springframework/data/repository/config/CustomRepositoryImplementationDetector$$Lambda$331
instanceKlass org/springframework/data/repository/config/ImplementationLookupConfiguration
instanceKlass org/springframework/data/repository/config/RepositoryConfigurationSourceSupport$SpringImplementationDetectionConfiguration
instanceKlass org/springframework/data/repository/config/CustomRepositoryImplementationDetector
instanceKlass org/springframework/data/repository/config/FragmentMetadata
instanceKlass org/springframework/data/repository/config/RepositoryBeanDefinitionBuilder
instanceKlass org/springframework/data/keyvalue/repository/config/KeyValueRepositoryConfigurationExtension$$Lambda$330
instanceKlass org/springframework/data/keyvalue/core/KeyValueTemplate
instanceKlass org/springframework/data/keyvalue/core/KeyValueOperations
instanceKlass org/springframework/data/keyvalue/repository/config/KeyValueRepositoryConfigurationExtension$$Lambda$329
instanceKlass org/springframework/data/redis/repository/configuration/RedisRepositoryConfigurationExtension$$Lambda$328
instanceKlass org/springframework/data/keyvalue/core/AbstractKeyValueAdapter
instanceKlass org/springframework/data/keyvalue/core/KeyValueAdapter
instanceKlass org/springframework/data/redis/repository/configuration/RedisRepositoryConfigurationExtension$$Lambda$327
instanceKlass org/springframework/data/redis/core/convert/MappingRedisConverter
instanceKlass org/springframework/data/redis/core/convert/RedisConverter
instanceKlass org/springframework/data/convert/EntityConverter
instanceKlass org/springframework/data/convert/EntityWriter
instanceKlass org/springframework/data/convert/EntityReader
instanceKlass org/springframework/data/redis/repository/configuration/RedisRepositoryConfigurationExtension$$Lambda$326
instanceKlass org/springframework/data/redis/repository/configuration/RedisRepositoryConfigurationExtension$$Lambda$325
instanceKlass org/springframework/data/convert/CustomConversions
instanceKlass org/springframework/data/redis/repository/configuration/RedisRepositoryConfigurationExtension$$Lambda$324
instanceKlass org/springframework/beans/factory/config/ConstructorArgumentValues$ValueHolder
instanceKlass org/springframework/beans/factory/config/ConstructorArgumentValues
instanceKlass org/springframework/data/redis/core/convert/MappingConfiguration
instanceKlass org/springframework/data/repository/config/RepositoryConfigurationSource$$Lambda$323
instanceKlass org/springframework/data/mapping/context/AbstractMappingContext
instanceKlass org/springframework/data/mapping/context/MappingContext
instanceKlass org/springframework/data/redis/repository/configuration/RedisRepositoryConfigurationExtension$$Lambda$322
instanceKlass org/springframework/data/repository/config/AnnotationRepositoryConfigurationSource$$Lambda$321
instanceKlass org/springframework/data/repository/config/RepositoryConfiguration
instanceKlass org/springframework/data/repository/config/RepositoryConfigurationExtensionSupport
instanceKlass org/springframework/data/repository/core/support/RepositoryFactorySupport
instanceKlass org/springframework/data/repository/config/AnnotationRepositoryConfigurationSource$$Lambda$320
instanceKlass org/springframework/data/repository/query/parser/AbstractQueryCreator
instanceKlass org/springframework/data/keyvalue/repository/query/KeyValuePartTreeQuery
instanceKlass org/springframework/data/repository/query/RepositoryQuery
instanceKlass org/springframework/data/repository/config/RepositoryBeanDefinitionRegistrarSupport
instanceKlass org/springframework/data/repository/config/RepositoryBeanNameGenerator
instanceKlass org/springframework/data/config/ConfigurationUtils
instanceKlass org/springframework/data/repository/config/ImplementationDetectionConfiguration
instanceKlass org/springframework/data/keyvalue/repository/config/QueryCreatorType
instanceKlass org/springframework/data/repository/config/DefaultRepositoryBaseClass
instanceKlass org/springframework/data/redis/core/index/IndexConfiguration
instanceKlass org/springframework/data/redis/core/index/ConfigurableIndexDefinitionProvider
instanceKlass org/springframework/data/redis/core/index/IndexDefinitionRegistry
instanceKlass org/springframework/data/redis/core/index/IndexDefinitionProvider
instanceKlass org/springframework/data/redis/core/convert/KeyspaceConfiguration
instanceKlass org/springframework/boot/autoconfigure/data/redis/RedisRepositoriesRegistrar$EnableRedisRepositoriesConfiguration
instanceKlass org/springframework/data/repository/config/RepositoryConfigurationDelegate
instanceKlass org/springframework/data/repository/core/support/RepositoryFactoryBeanSupport
instanceKlass org/springframework/data/repository/core/support/RepositoryFactoryInformation
instanceKlass org/springframework/boot/autoconfigure/data/redis/RedisReactiveAutoConfiguration
instanceKlass org/springframework/boot/autoconfigure/dao/PersistenceExceptionTranslationAutoConfiguration
instanceKlass org/springframework/context/support/DefaultLifecycleProcessor
instanceKlass org/springframework/boot/autoconfigure/context/LifecycleAutoConfiguration
instanceKlass org/springframework/boot/autoconfigure/context/ConfigurationPropertiesAutoConfiguration
instanceKlass org/springframework/boot/autoconfigure/context/LifecycleProperties
instanceKlass org/springframework/boot/autoconfigure/data/redis/RedisAutoConfiguration
instanceKlass org/springframework/data/redis/connection/RedisClusterConfiguration
instanceKlass org/springframework/data/redis/connection/RedisConfiguration$ClusterConfiguration
instanceKlass org/springframework/data/redis/connection/RedisStandaloneConfiguration
instanceKlass org/springframework/data/redis/connection/RedisConfiguration$WithHostAndPort
instanceKlass org/springframework/data/redis/connection/RedisSentinelConfiguration
instanceKlass org/springframework/data/redis/connection/RedisConfiguration$SentinelConfiguration
instanceKlass org/springframework/data/redis/connection/RedisConfiguration$WithPassword
instanceKlass org/springframework/data/redis/connection/RedisConfiguration$WithAuthentication
instanceKlass org/springframework/data/redis/connection/RedisConfiguration$WithDatabaseIndex
instanceKlass org/springframework/data/redis/connection/RedisConfiguration
instanceKlass org/springframework/boot/autoconfigure/data/redis/RedisProperties$Sentinel
instanceKlass org/springframework/boot/autoconfigure/data/redis/RedisConnectionConfiguration$ConnectionInfo
instanceKlass org/springframework/boot/autoconfigure/data/redis/RedisProperties
instanceKlass org/springframework/boot/autoconfigure/data/redis/LettuceClientConfigurationBuilderCustomizer
instanceKlass org/springframework/boot/autoconfigure/data/redis/ClientResourcesBuilderCustomizer
instanceKlass io/lettuce/core/resource/DefaultClientResources$Builder
instanceKlass io/lettuce/core/ClientOptions
instanceKlass io/lettuce/core/resource/DefaultClientResources
instanceKlass org/springframework/data/redis/connection/lettuce/LettuceClientConfiguration
instanceKlass org/springframework/boot/autoconfigure/data/redis/RedisProperties$Pool
instanceKlass org/springframework/data/redis/connection/lettuce/LettuceClientConfiguration$LettuceClientConfigurationBuilder
instanceKlass org/springframework/data/redis/connection/lettuce/LettuceConnectionFactory
instanceKlass io/lettuce/core/resource/ClientResources$Builder
instanceKlass io/lettuce/core/ClientOptions$Builder
instanceKlass org/springframework/boot/autoconfigure/data/redis/RedisConnectionConfiguration
instanceKlass org/springframework/boot/autoconfigure/jackson/JacksonAutoConfiguration
instanceKlass io/lettuce/core/resource/ClientResources
instanceKlass org/springframework/boot/autoconfigure/jackson/JacksonAutoConfiguration$JacksonObjectMapperConfiguration
instanceKlass org/springframework/boot/autoconfigure/jackson/JacksonAutoConfiguration$ParameterNamesModuleConfiguration
instanceKlass org/springframework/boot/autoconfigure/jackson/JacksonAutoConfiguration$JacksonObjectMapperBuilderConfiguration
instanceKlass org/springframework/boot/autoconfigure/jackson/JacksonAutoConfiguration$Jackson2ObjectMapperBuilderCustomizerConfiguration$StandardJackson2ObjectMapperBuilderCustomizer
instanceKlass org/springframework/boot/autoconfigure/jackson/Jackson2ObjectMapperBuilderCustomizer
instanceKlass org/springframework/boot/autoconfigure/jackson/JacksonAutoConfiguration$Jackson2ObjectMapperBuilderCustomizerConfiguration
instanceKlass org/springframework/boot/availability/ApplicationAvailabilityBean
instanceKlass org/springframework/boot/availability/ApplicationAvailability
instanceKlass org/springframework/boot/autoconfigure/availability/ApplicationAvailabilityAutoConfiguration
instanceKlass org/springframework/boot/autoconfigure/aop/AopAutoConfiguration
instanceKlass org/springframework/boot/autoconfigure/aop/AopAutoConfiguration$AspectJAutoProxyingConfiguration
instanceKlass org/springframework/boot/autoconfigure/aop/AopAutoConfiguration$AspectJAutoProxyingConfiguration$CglibAutoProxyConfiguration
instanceKlass org/apache/ibatis/session/Configuration
instanceKlass org/apache/ibatis/plugin/Interceptor
instanceKlass com/github/pagehelper/autoconfigure/PageHelperAutoConfiguration
instanceKlass org/springframework/boot/autoconfigure/jackson/JacksonProperties
instanceKlass com/github/pagehelper/autoconfigure/PageHelperProperties
instanceKlass org/mybatis/spring/boot/autoconfigure/MybatisAutoConfiguration$MapperScannerRegistrarNotFoundConfiguration
instanceKlass org/mybatis/spring/boot/autoconfigure/MybatisProperties
instanceKlass org/mybatis/spring/boot/autoconfigure/MybatisAutoConfiguration$AutoConfiguredMapperScannerRegistrar$$Lambda$319
instanceKlass org/mybatis/spring/SqlSessionTemplate
instanceKlass org/apache/ibatis/session/SqlSession
instanceKlass org/mybatis/spring/boot/autoconfigure/MybatisAutoConfiguration
instanceKlass org/mybatis/spring/mapper/MapperScannerConfigurer
instanceKlass org/springframework/dao/support/DaoSupport
instanceKlass org/mybatis/spring/boot/autoconfigure/MybatisLanguageDriverAutoConfiguration
instanceKlass org/springframework/boot/jdbc/metadata/DataSourcePoolMetadataProvider
instanceKlass org/springframework/boot/jdbc/metadata/DataSourcePoolMetadata
instanceKlass org/springframework/boot/autoconfigure/jdbc/metadata/DataSourcePoolMetadataProvidersConfiguration$HikariPoolDataSourceMetadataProviderConfiguration
instanceKlass org/springframework/boot/autoconfigure/condition/OnBeanCondition$SingleCandidateSpec$$Lambda$318
instanceKlass org/springframework/boot/autoconfigure/jdbc/metadata/DataSourcePoolMetadataProvidersConfiguration
instanceKlass org/springframework/boot/autoconfigure/sql/init/SqlInitializationAutoConfiguration
instanceKlass javax/sql/XADataSource
instanceKlass com/alibaba/druid/spring/boot/autoconfigure/DruidDataSourceAutoConfigure
instanceKlass com/alibaba/druid/spring/boot/autoconfigure/stat/DruidFilterConfiguration
instanceKlass com/alibaba/druid/spring/boot/autoconfigure/stat/DruidWebStatFilterConfiguration
instanceKlass com/alibaba/druid/spring/boot/autoconfigure/stat/DruidStatViewServletConfiguration
instanceKlass com/alibaba/druid/spring/boot/autoconfigure/stat/DruidSpringAopConfiguration
instanceKlass org/springframework/boot/autoconfigure/jdbc/DataSourceProperties
instanceKlass com/alibaba/druid/spring/boot/autoconfigure/properties/DruidStatProperties
instanceKlass org/springframework/boot/autoconfigure/jdbc/DataSourceAutoConfiguration
instanceKlass org/springframework/boot/autoconfigure/condition/OnBeanCondition$$Lambda$317
instanceKlass org/springframework/boot/autoconfigure/web/servlet/error/ErrorMvcAutoConfiguration$ErrorPageCustomizer
instanceKlass org/springframework/boot/web/server/ErrorPageRegistrar
instanceKlass org/springframework/boot/autoconfigure/web/servlet/error/AbstractErrorController
instanceKlass org/springframework/boot/autoconfigure/web/servlet/error/ErrorMvcAutoConfiguration$PreserveErrorControllerTargetClassPostProcessor
instanceKlass org/springframework/boot/web/servlet/error/DefaultErrorAttributes
instanceKlass org/springframework/boot/web/servlet/error/ErrorController
instanceKlass org/springframework/boot/autoconfigure/web/servlet/error/ErrorMvcAutoConfiguration
instanceKlass org/springframework/boot/autoconfigure/web/servlet/error/DefaultErrorViewResolver
instanceKlass org/springframework/boot/web/servlet/error/ErrorAttributes
instanceKlass org/springframework/boot/autoconfigure/web/servlet/WebMvcAutoConfiguration
instanceKlass org/springframework/boot/autoconfigure/web/servlet/error/ErrorViewResolver
instanceKlass org/springframework/boot/autoconfigure/web/servlet/error/ErrorMvcAutoConfiguration$DefaultErrorViewResolverConfiguration
instanceKlass java/util/ArrayList$1
instanceKlass org/springframework/boot/autoconfigure/web/WebProperties
instanceKlass org/springframework/web/servlet/View
instanceKlass org/springframework/boot/autoconfigure/web/servlet/error/ErrorMvcAutoConfiguration$WhitelabelErrorViewConfiguration
instanceKlass org/springframework/boot/autoconfigure/task/TaskExecutionAutoConfiguration
instanceKlass org/springframework/boot/autoconfigure/web/servlet/DispatcherServletAutoConfiguration
instanceKlass org/springframework/boot/autoconfigure/web/servlet/DispatcherServletPath
instanceKlass org/springframework/boot/task/TaskExecutorBuilder
instanceKlass org/springframework/boot/autoconfigure/task/TaskExecutionProperties
instanceKlass org/springframework/aop/scope/ScopedProxyUtils
instanceKlass org/springframework/boot/autoconfigure/web/servlet/DispatcherServletAutoConfiguration$DispatcherServletRegistrationConfiguration
instanceKlass org/springframework/boot/autoconfigure/web/servlet/DispatcherServletAutoConfiguration$DispatcherServletConfiguration
instanceKlass org/springframework/boot/autoconfigure/web/servlet/WebMvcProperties
instanceKlass org/springframework/boot/autoconfigure/web/servlet/ServletWebServerFactoryAutoConfiguration$BeanPostProcessorsRegistrar$$Lambda$316
instanceKlass org/springframework/boot/web/server/ErrorPageRegistrarBeanPostProcessor
instanceKlass org/springframework/boot/autoconfigure/web/servlet/TomcatServletWebServerFactoryCustomizer
instanceKlass org/springframework/boot/autoconfigure/web/servlet/ServletWebServerFactoryCustomizer
instanceKlass org/springframework/boot/web/server/AbstractConfigurableWebServerFactory
instanceKlass org/springframework/boot/web/servlet/server/ConfigurableServletWebServerFactory
instanceKlass org/springframework/boot/web/servlet/WebListenerRegistry
instanceKlass org/springframework/boot/web/embedded/tomcat/ConfigurableTomcatWebServerFactory
instanceKlass org/springframework/boot/web/server/ConfigurableWebServerFactory
instanceKlass org/springframework/boot/web/server/ErrorPageRegistry
instanceKlass org/springframework/boot/autoconfigure/web/servlet/ServletWebServerFactoryAutoConfiguration$BeanPostProcessorsRegistrar$$Lambda$315
instanceKlass org/springframework/boot/web/server/WebServerFactoryCustomizerBeanPostProcessor
instanceKlass org/springframework/boot/context/properties/ConstructorBinding
instanceKlass org/springframework/boot/context/properties/ConfigurationPropertiesBindConstructorProvider
instanceKlass org/springframework/boot/context/properties/ConfigurationPropertiesBeanRegistrar$$Lambda$314
instanceKlass org/springframework/boot/context/properties/EnableConfigurationPropertiesRegistrar$$Lambda$313
instanceKlass org/springframework/boot/context/properties/EnableConfigurationPropertiesRegistrar$$Lambda$312
instanceKlass org/springframework/boot/context/properties/EnableConfigurationPropertiesRegistrar$$Lambda$311
instanceKlass org/springframework/boot/context/properties/ConfigurationPropertiesBeanRegistrar
instanceKlass org/springframework/boot/context/properties/EnableConfigurationPropertiesRegistrar$$Lambda$310
instanceKlass org/springframework/boot/validation/beanvalidation/MethodValidationExcludeFilter
instanceKlass org/springframework/boot/context/properties/BoundConfigurationProperties$$Lambda$309
instanceKlass org/springframework/boot/context/properties/BoundConfigurationProperties
instanceKlass org/springframework/boot/context/properties/ConfigurationPropertiesBinder$$Lambda$308
instanceKlass org/springframework/boot/context/properties/ConfigurationPropertiesBinder$Factory
instanceKlass org/springframework/boot/context/properties/ConfigurationPropertiesBinder
instanceKlass org/springframework/boot/context/properties/ConfigurationPropertiesBindingPostProcessor
instanceKlass org/springframework/boot/autoconfigure/web/servlet/ServletWebServerFactoryConfiguration$EmbeddedUndertow
instanceKlass org/springframework/boot/autoconfigure/web/servlet/ServletWebServerFactoryConfiguration$EmbeddedJetty
instanceKlass org/springframework/boot/autoconfigure/web/servlet/ServletWebServerFactoryConfiguration$EmbeddedTomcat
instanceKlass org/springframework/boot/autoconfigure/web/ServerProperties
instanceKlass org/springframework/boot/autoconfigure/websocket/servlet/WebSocketServletAutoConfiguration
instanceKlass org/springframework/boot/autoconfigure/websocket/servlet/TomcatWebSocketServletWebServerCustomizer
instanceKlass org/springframework/boot/web/server/WebServerFactoryCustomizer
instanceKlass org/springframework/boot/autoconfigure/websocket/servlet/WebSocketServletAutoConfiguration$TomcatWebSocketConfiguration
instanceKlass org/springframework/boot/web/servlet/server/ServletWebServerFactory
instanceKlass org/springframework/boot/web/server/WebServerFactory
instanceKlass org/springframework/boot/autoconfigure/web/servlet/ServletWebServerFactoryAutoConfiguration
instanceKlass org/springframework/boot/autoconfigure/context/PropertyPlaceholderAutoConfiguration
instanceKlass org/springframework/boot/autoconfigure/AutoConfigurationPackages$BasePackagesBeanDefinition$$Lambda$307
instanceKlass org/springframework/transaction/event/TransactionalEventListenerFactory
instanceKlass org/springframework/aop/support/AbstractPointcutAdvisor
instanceKlass org/springframework/aop/PointcutAdvisor
instanceKlass org/springframework/aop/Advisor
instanceKlass org/springframework/transaction/interceptor/TransactionAspectSupport
instanceKlass org/aopalliance/intercept/MethodInterceptor
instanceKlass org/aopalliance/intercept/Interceptor
instanceKlass org/aopalliance/aop/Advice
instanceKlass org/springframework/transaction/interceptor/TransactionAttributeSource
instanceKlass javax/annotation/Nonnull
instanceKlass org/springframework/lang/Nullable
instanceKlass org/springframework/web/servlet/handler/AbstractHandlerExceptionResolver
instanceKlass org/springframework/web/bind/support/ConfigurableWebBindingInitializer
instanceKlass org/springframework/web/util/pattern/PathPatternParser
instanceKlass org/springframework/web/util/UrlPathHelper
instanceKlass org/springframework/web/servlet/config/annotation/ViewResolverRegistry
instanceKlass org/springframework/web/servlet/config/annotation/DefaultServletHandlerConfigurer
instanceKlass org/springframework/web/servlet/config/annotation/ContentNegotiationConfigurer
instanceKlass org/springframework/validation/MessageCodesResolver
instanceKlass org/springframework/web/servlet/config/annotation/ViewControllerRegistry
instanceKlass org/springframework/web/servlet/config/annotation/CorsRegistry
instanceKlass org/springframework/web/servlet/mvc/SimpleControllerHandlerAdapter
instanceKlass org/springframework/web/servlet/config/annotation/AsyncSupportConfigurer
instanceKlass org/springframework/web/method/support/CompositeUriComponentsContributor
instanceKlass org/springframework/web/method/support/UriComponentsContributor
instanceKlass org/springframework/web/servlet/function/support/HandlerFunctionAdapter
instanceKlass org/springframework/web/servlet/handler/HandlerMappingIntrospector
instanceKlass org/springframework/web/cors/CorsConfigurationSource
instanceKlass org/springframework/web/servlet/config/annotation/PathMatchConfigurer
instanceKlass org/springframework/web/servlet/mvc/HttpRequestHandlerAdapter
instanceKlass org/springframework/web/servlet/HandlerAdapter
instanceKlass org/springframework/web/servlet/resource/ResourceUrlProvider
instanceKlass org/springframework/web/accept/ContentNegotiationManager
instanceKlass org/springframework/web/accept/MediaTypeFileExtensionResolver
instanceKlass org/springframework/web/accept/ContentNegotiationStrategy
instanceKlass javax/servlet/ServletContext
instanceKlass springfox/documentation/spring/web/plugins/Docket
instanceKlass springfox/documentation/spi/service/DocumentationPlugin
instanceKlass org/springframework/web/servlet/config/annotation/ResourceHandlerRegistry
instanceKlass org/springframework/web/servlet/config/annotation/InterceptorRegistry
instanceKlass org/springframework/web/servlet/HandlerExceptionResolver
instanceKlass org/springframework/web/servlet/RequestToViewNameTranslator
instanceKlass org/springframework/web/servlet/ViewResolver
instanceKlass org/springframework/validation/Validator
instanceKlass org/springframework/web/servlet/LocaleResolver
instanceKlass org/springframework/web/servlet/ThemeResolver
instanceKlass org/springframework/web/servlet/FlashMapManager
instanceKlass org/springframework/web/bind/support/WebBindingInitializer
instanceKlass org/springframework/web/servlet/handler/MatchableHandlerMapping
instanceKlass org/springframework/context/support/ApplicationObjectSupport
instanceKlass org/springframework/web/servlet/HandlerMapping
instanceKlass org/springframework/data/redis/core/RedisAccessor
instanceKlass org/springframework/data/redis/serializer/RedisSerializer
instanceKlass org/springframework/core/annotation/AnnotatedElementUtils
instanceKlass org/springframework/context/annotation/BeanAnnotationHelper
instanceKlass org/springframework/util/ReflectionUtils$$Lambda$306
instanceKlass org/springframework/beans/factory/support/AbstractAutowireCapableBeanFactory$$Lambda$305
instanceKlass org/springframework/core/io/support/PropertiesLoaderSupport
instanceKlass org/springframework/aop/config/AopConfigUtils
instanceKlass org/springframework/boot/autoconfigure/AutoConfigurationPackages$BasePackages
instanceKlass org/springframework/boot/autoconfigure/AutoConfigurationPackages
instanceKlass org/springframework/boot/autoconfigure/AutoConfigurationPackages$PackageImports
instanceKlass org/springframework/beans/factory/annotation/RequiredAnnotationBeanPostProcessor
instanceKlass org/springframework/core/type/StandardMethodMetadata
instanceKlass springfox/documentation/swagger2/web/Swagger2ControllerWebMvc
instanceKlass springfox/documentation/swagger2/mappers/SecurityMapper
instanceKlass springfox/documentation/swagger2/mappers/LicenseMapper
instanceKlass springfox/documentation/swagger2/mappers/ModelSpecificationMapper
instanceKlass springfox/documentation/swagger2/mappers/RequestParameterMapper
instanceKlass springfox/documentation/swagger2/mappers/ModelMapper
instanceKlass springfox/documentation/swagger2/mappers/ParameterMapper
instanceKlass springfox/documentation/swagger2/mappers/CompatibilityModelMapper
instanceKlass springfox/documentation/swagger2/mappers/PropertyMapper
instanceKlass springfox/documentation/swagger2/mappers/VendorExtensionsMapper
instanceKlass springfox/documentation/swagger2/mappers/ServiceModelToSwagger2Mapper
instanceKlass springfox/documentation/swagger/web/ApiResourceController
instanceKlass springfox/documentation/swagger/web/InMemorySwaggerResourcesProvider
instanceKlass springfox/documentation/swagger/web/SwaggerResourcesProvider
instanceKlass springfox/documentation/swagger/web/SwaggerApiListingReader
instanceKlass springfox/documentation/swagger/readers/parameter/OpenApiParameterBuilder
instanceKlass springfox/documentation/swagger/readers/parameter/SwaggerExpandedParameterBuilder
instanceKlass springfox/documentation/swagger/readers/parameter/ApiParamParameterBuilder
instanceKlass springfox/documentation/swagger/readers/operation/SwaggerOperationTagsReader
instanceKlass springfox/documentation/swagger/readers/operation/OperationNotesReader
instanceKlass springfox/documentation/swagger/readers/operation/OpenApiResponseReader
instanceKlass springfox/documentation/swagger/readers/operation/OperationPositionReader
instanceKlass springfox/documentation/swagger/readers/operation/OperationNicknameIntoUniqueIdReader
instanceKlass springfox/documentation/swagger/readers/operation/SwaggerResponseMessageReader
instanceKlass springfox/documentation/swagger/readers/operation/OpenApiOperationTagsReader
instanceKlass springfox/documentation/swagger/readers/operation/OperationSummaryReader
instanceKlass springfox/documentation/swagger/readers/operation/OperationHiddenReader
instanceKlass springfox/documentation/swagger/readers/operation/OperationAuthReader
instanceKlass springfox/documentation/swagger/readers/operation/OperationImplicitParametersReader
instanceKlass springfox/documentation/swagger/readers/operation/OperationHttpMethodReader
instanceKlass springfox/documentation/swagger/readers/operation/SwaggerMediaTypeReader
instanceKlass springfox/documentation/swagger/readers/operation/OpenApiOperationAuthReader
instanceKlass springfox/documentation/swagger/readers/operation/SwaggerOperationModelsProvider
instanceKlass springfox/documentation/swagger/readers/operation/SwaggerOperationResponseClassReader
instanceKlass springfox/documentation/swagger/readers/operation/VendorExtensionsReader
instanceKlass springfox/documentation/swagger/readers/operation/OperationImplicitParameterReader
instanceKlass springfox/documentation/swagger/schema/ApiModelBuilder
instanceKlass springfox/documentation/schema/DefaultTypeNameProvider
instanceKlass springfox/documentation/spi/schema/TypeNameProviderPlugin
instanceKlass springfox/documentation/swagger/schema/ApiModelPropertyPropertyBuilder
instanceKlass springfox/documentation/swagger/schema/OpenApiSchemaPropertyBuilder
instanceKlass springfox/documentation/schema/DefaultModelSpecificationProvider
instanceKlass springfox/documentation/schema/DefaultModelProvider
instanceKlass springfox/documentation/schema/JacksonEnumTypeDeterminer
instanceKlass springfox/documentation/spi/schema/EnumTypeDeterminer
instanceKlass springfox/documentation/schema/DefaultModelDependencyProvider
instanceKlass springfox/documentation/schema/CachingModelProvider
instanceKlass springfox/documentation/schema/ModelSpecificationProvider
instanceKlass springfox/documentation/schema/ModelProvider
instanceKlass springfox/documentation/schema/property/ModelSpecificationFactory
instanceKlass springfox/documentation/schema/property/FactoryMethodProvider
instanceKlass springfox/documentation/schema/property/OptimizedModelPropertiesProvider
instanceKlass springfox/documentation/schema/property/XmlPropertyPlugin
instanceKlass springfox/documentation/spi/schema/ModelPropertyBuilderPlugin
instanceKlass springfox/documentation/schema/property/field/FieldProvider
instanceKlass springfox/documentation/schema/property/bean/AccessorsProvider
instanceKlass springfox/documentation/schema/property/ObjectMapperBeanPropertyNamingStrategy
instanceKlass springfox/documentation/schema/property/BeanPropertyNamingStrategy
instanceKlass springfox/documentation/schema/property/CachingModelPropertiesProvider
instanceKlass springfox/documentation/schema/property/ModelPropertiesProvider
instanceKlass springfox/documentation/schema/plugins/JsonIgnorePropertiesModelPlugin
instanceKlass springfox/documentation/schema/plugins/SchemaPluginsManager
instanceKlass springfox/documentation/schema/plugins/XmlModelPlugin
instanceKlass springfox/documentation/schema/plugins/PropertyDiscriminatorBasedInheritancePlugin
instanceKlass springfox/documentation/spi/schema/ModelBuilderPlugin
instanceKlass springfox/documentation/schema/TypeNameExtractor
instanceKlass springfox/documentation/schema/CachingModelDependencyProvider
instanceKlass springfox/documentation/schema/ModelDependencyProvider
instanceKlass springfox/documentation/schema/JacksonJsonViewProvider
instanceKlass springfox/documentation/spi/schema/ViewProviderPlugin
instanceKlass springfox/documentation/spring/web/paths/OperationPathDecorator
instanceKlass springfox/documentation/spring/web/paths/PathSanitizer
instanceKlass springfox/documentation/spring/web/paths/PathMappingDecorator
instanceKlass springfox/documentation/spring/web/paths/QueryStringUriTemplateDecorator
instanceKlass springfox/documentation/service/PathDecorator
instanceKlass springfox/documentation/spring/web/plugins/WebMvcRequestHandlerProvider
instanceKlass springfox/documentation/spi/service/RequestHandlerProvider
instanceKlass springfox/documentation/spring/web/plugins/DocumentationPluginsManager
instanceKlass springfox/documentation/spring/web/plugins/AbstractDocumentationPluginsBootstrapper
instanceKlass springfox/documentation/spring/web/plugins/DefaultResponseTypeReader
instanceKlass springfox/documentation/spi/service/ResponseBuilderPlugin
instanceKlass springfox/documentation/spring/web/readers/parameter/ExpandedParameterBuilder
instanceKlass springfox/documentation/spi/service/ExpandedParameterBuilderPlugin
instanceKlass springfox/documentation/spring/web/readers/parameter/ParameterNameReader
instanceKlass springfox/documentation/spring/web/readers/parameter/ParameterDefaultReader
instanceKlass springfox/documentation/spring/web/readers/parameter/ParameterDataTypeReader
instanceKlass springfox/documentation/spring/web/readers/parameter/ParameterRequiredReader
instanceKlass springfox/documentation/spring/web/readers/parameter/ParameterTypeReader
instanceKlass springfox/documentation/spring/web/readers/parameter/ModelAttributeParameterExpander
instanceKlass springfox/documentation/spring/web/readers/parameter/ParameterMultiplesReader
instanceKlass springfox/documentation/spi/service/ParameterBuilderPlugin
instanceKlass springfox/documentation/spring/web/readers/operation/CachingOperationNameGenerator
instanceKlass springfox/documentation/OperationNameGenerator
instanceKlass springfox/documentation/spring/web/readers/operation/OperationResponseClassReader
instanceKlass springfox/documentation/spring/web/readers/operation/ContentParameterAggregator
instanceKlass springfox/documentation/spring/web/readers/operation/ParameterAggregator
instanceKlass springfox/documentation/spring/web/readers/operation/AbstractOperationParameterRequestConditionReader
instanceKlass springfox/documentation/spring/web/readers/operation/DefaultOperationReader
instanceKlass springfox/documentation/spring/web/readers/operation/ApiOperationReader
instanceKlass springfox/documentation/spring/web/readers/operation/OperationTagsReader
instanceKlass springfox/documentation/spring/web/readers/operation/OperationParameterReader
instanceKlass springfox/documentation/spring/web/readers/operation/ResponseMessagesReader
instanceKlass springfox/documentation/spring/web/readers/operation/OperationDeprecatedReader
instanceKlass springfox/documentation/spring/web/readers/operation/OperationModelsProvider
instanceKlass springfox/documentation/spi/service/OperationModelsProviderPlugin
instanceKlass springfox/documentation/spring/web/scanners/ApiDescriptionLookup
instanceKlass springfox/documentation/spring/web/scanners/ApiModelReader
instanceKlass springfox/documentation/spring/web/scanners/ApiListingScanner
instanceKlass springfox/documentation/spring/web/scanners/MediaTypeReader
instanceKlass springfox/documentation/spi/service/OperationBuilderPlugin
instanceKlass springfox/documentation/spring/web/scanners/CachingOperationReader
instanceKlass springfox/documentation/spring/web/readers/operation/OperationReader
instanceKlass springfox/documentation/spring/web/scanners/ApiModelSpecificationReader
instanceKlass springfox/documentation/spring/web/scanners/ApiListingReader
instanceKlass springfox/documentation/spi/service/ApiListingBuilderPlugin
instanceKlass org/springframework/plugin/core/Plugin
instanceKlass springfox/documentation/spring/web/scanners/ApiDescriptionReader
instanceKlass springfox/documentation/spring/web/scanners/ApiDocumentationScanner
instanceKlass springfox/documentation/spring/web/scanners/ApiListingReferenceScanner
instanceKlass springfox/documentation/oas/mappers/LicenseMapper
instanceKlass springfox/documentation/oas/mappers/ServiceModelToOpenApiMapper
instanceKlass springfox/documentation/oas/mappers/ExamplesMapperImpl
instanceKlass springfox/documentation/oas/mappers/ExamplesMapper
instanceKlass springfox/documentation/oas/mappers/SchemaMapper
instanceKlass springfox/documentation/oas/mappers/SecurityMapper
instanceKlass springfox/documentation/oas/mappers/SecuritySchemeMapper
instanceKlass springfox/documentation/oas/mappers/StyleEnumMapper
instanceKlass springfox/documentation/oas/mappers/VendorExtensionsMapper
instanceKlass springfox/documentation/oas/web/OpenApiControllerWebMvc
instanceKlass org/springframework/boot/autoconfigure/condition/OnBeanCondition$MatchResult
instanceKlass com/sky/utils/AliOssUtil
instanceKlass org/springframework/boot/autoconfigure/condition/OnBeanCondition$Spec$$Lambda$304
instanceKlass org/springframework/context/annotation/ConfigurationClassBeanDefinitionReader$$Lambda$303
instanceKlass org/springframework/context/annotation/ConfigurationClassBeanDefinitionReader$$Lambda$302
instanceKlass org/springframework/context/annotation/ConfigurationClassBeanDefinitionReader$TrackedConditionEvaluator
instanceKlass org/springframework/core/type/classreading/MergedAnnotationReadingVisitor$ArrayVisitor$$Lambda$301
instanceKlass com/fasterxml/jackson/annotation/JsonValue
instanceKlass com/fasterxml/jackson/annotation/JsonProperty
instanceKlass com/fasterxml/jackson/annotation/JsonInclude
instanceKlass javax/xml/bind/annotation/XmlElement
instanceKlass springfox/documentation/spring/web/plugins/SpringIntegrationPluginNotPresentInClassPathCondition
instanceKlass springfox/documentation/annotations/Cacheable
instanceKlass springfox/documentation/annotations/Incubating
instanceKlass org/springframework/plugin/core/config/PluginRegistriesBeanDefinitionRegistrar
instanceKlass org/springframework/plugin/core/config/EnablePluginRegistries
instanceKlass springfox/documentation/common/ClassPresentInClassPathCondition
instanceKlass springfox/documentation/annotations/ApiIgnore
instanceKlass org/springframework/messaging/simp/config/AbstractMessageBrokerConfiguration
instanceKlass org/springframework/jdbc/datasource/init/DatabasePopulator
instanceKlass org/springframework/boot/sql/init/dependency/DatabaseInitializationDependencyConfigurer
instanceKlass org/springframework/data/querydsl/QuerydslUtils
instanceKlass org/springframework/data/web/config/EnableSpringDataWebSupport$SpringDataWebConfigurationImportSelector$$Lambda$300
instanceKlass org/springframework/data/web/config/SpringDataJacksonModules
instanceKlass org/springframework/data/web/config/EnableSpringDataWebSupport$SpringDataWebConfigurationImportSelector$$Lambda$299
instanceKlass org/springframework/data/web/config/EnableSpringDataWebSupport$SpringDataWebConfigurationImportSelector$$Lambda$298
instanceKlass org/springframework/data/web/config/SpringDataWebConfiguration
instanceKlass org/springframework/data/web/config/EnableSpringDataWebSupport$SpringDataWebConfigurationImportSelector$$Lambda$297
instanceKlass org/springframework/data/web/config/EnableSpringDataWebSupport$SpringDataWebConfigurationImportSelector$$Lambda$296
instanceKlass org/springframework/data/web/config/EnableSpringDataWebSupport$SpringDataWebConfigurationImportSelector$$Lambda$295
instanceKlass org/springframework/data/web/config/ProjectingArgumentResolverRegistrar
instanceKlass org/springframework/data/web/config/EnableSpringDataWebSupport$SpringDataWebConfigurationImportSelector$$Lambda$294
instanceKlass org/springframework/data/web/config/EnableSpringDataWebSupport$QuerydslActivator
instanceKlass org/springframework/data/web/config/EnableSpringDataWebSupport$SpringDataWebConfigurationImportSelector
instanceKlass org/springframework/data/web/config/EnableSpringDataWebSupport
instanceKlass org/springframework/data/repository/config/RepositoryConfigurationExtension
instanceKlass org/springframework/data/repository/config/RepositoryConfigurationSourceSupport
instanceKlass org/springframework/data/repository/config/RepositoryConfigurationSource
instanceKlass org/springframework/boot/autoconfigure/data/AbstractRepositoryConfigurationSourceSupport
instanceKlass org/springframework/cache/Cache
instanceKlass org/springframework/boot/autoconfigure/cache/CacheConfigurations$$Lambda$293
instanceKlass org/springframework/boot/autoconfigure/cache/NoOpCacheConfiguration
instanceKlass org/springframework/boot/autoconfigure/cache/SimpleCacheConfiguration
instanceKlass org/springframework/boot/autoconfigure/cache/Cache2kCacheConfiguration
instanceKlass org/springframework/boot/autoconfigure/cache/CaffeineCacheConfiguration
instanceKlass org/springframework/boot/autoconfigure/cache/RedisCacheConfiguration
instanceKlass org/springframework/boot/autoconfigure/cache/CouchbaseCacheConfiguration
instanceKlass org/springframework/boot/autoconfigure/cache/JCacheCacheConfiguration
instanceKlass org/springframework/boot/autoconfigure/cache/InfinispanCacheConfiguration
instanceKlass org/springframework/boot/autoconfigure/cache/HazelcastCacheConfiguration
instanceKlass org/springframework/boot/autoconfigure/cache/EhCacheCacheConfiguration
instanceKlass org/springframework/boot/autoconfigure/cache/GenericCacheConfiguration
instanceKlass org/springframework/boot/autoconfigure/cache/CacheConfigurations
instanceKlass org/springframework/boot/autoconfigure/cache/CacheAutoConfiguration$CacheConfigurationImportSelector
instanceKlass org/springframework/data/redis/connection/AbstractRedisConnection
instanceKlass org/springframework/data/redis/connection/DefaultedRedisConnection
instanceKlass org/springframework/data/redis/connection/RedisConnection
instanceKlass org/springframework/data/redis/connection/RedisCommands
instanceKlass org/springframework/data/redis/connection/RedisHyperLogLogCommands
instanceKlass org/springframework/data/redis/connection/RedisGeoCommands
instanceKlass org/springframework/data/redis/connection/RedisScriptingCommands
instanceKlass org/springframework/data/redis/connection/RedisStreamCommands
instanceKlass org/springframework/data/redis/connection/RedisServerCommands
instanceKlass org/springframework/data/redis/connection/RedisConnectionCommands
instanceKlass org/springframework/data/redis/connection/RedisPubSubCommands
instanceKlass org/springframework/data/redis/connection/RedisTxCommands
instanceKlass org/springframework/data/redis/connection/RedisHashCommands
instanceKlass org/springframework/data/redis/connection/RedisZSetCommands
instanceKlass org/springframework/data/redis/connection/RedisSetCommands
instanceKlass org/springframework/data/redis/connection/RedisListCommands
instanceKlass org/springframework/data/redis/connection/RedisStringCommands
instanceKlass org/springframework/data/redis/connection/RedisKeyCommands
instanceKlass io/lettuce/core/AbstractRedisClient
instanceKlass org/springframework/context/annotation/AspectJAutoProxyRegistrar
instanceKlass org/springframework/context/annotation/EnableAspectJAutoProxy
instanceKlass org/aspectj/weaver/ShadowMunger
instanceKlass org/aspectj/weaver/IHasPosition
instanceKlass org/aspectj/util/PartialOrder$PartialComparable
instanceKlass org/mybatis/spring/boot/autoconfigure/MybatisAutoConfiguration$AutoConfiguredMapperScannerRegistrar
instanceKlass oracle/jdbc/OracleConnection
instanceKlass java/sql/Connection
instanceKlass org/springframework/boot/jdbc/DataSourceBuilder$MappedDataSourceProperties$$Lambda$292
instanceKlass org/springframework/boot/jdbc/DataSourceBuilder$MappedDataSourceProperties$$Lambda$291
instanceKlass org/springframework/boot/jdbc/DataSourceBuilder$MappedDataSourceProperties$$Lambda$290
instanceKlass org/springframework/boot/jdbc/DataSourceBuilder$MappedDataSourceProperties$$Lambda$289
instanceKlass org/springframework/boot/jdbc/DataSourceBuilder$HikariDataSourceProperties$$Lambda$288
instanceKlass org/springframework/boot/jdbc/DataSourceBuilder$HikariDataSourceProperties$$Lambda$287
instanceKlass org/springframework/boot/jdbc/DataSourceBuilder$HikariDataSourceProperties$$Lambda$286
instanceKlass org/springframework/boot/jdbc/DataSourceBuilder$HikariDataSourceProperties$$Lambda$285
instanceKlass org/springframework/boot/jdbc/DataSourceBuilder$HikariDataSourceProperties$$Lambda$284
instanceKlass org/springframework/boot/jdbc/DataSourceBuilder$HikariDataSourceProperties$$Lambda$283
instanceKlass org/springframework/boot/jdbc/DataSourceBuilder$HikariDataSourceProperties$$Lambda$282
instanceKlass org/springframework/boot/jdbc/DataSourceBuilder$HikariDataSourceProperties$$Lambda$281
instanceKlass org/springframework/boot/jdbc/DataSourceBuilder$MappedDataSourceProperty
instanceKlass org/springframework/boot/jdbc/DataSourceBuilder$ReflectionDataSourceProperties
instanceKlass org/springframework/boot/jdbc/DataSourceBuilder$Getter
instanceKlass org/springframework/boot/jdbc/DataSourceBuilder$Setter
instanceKlass com/zaxxer/hikari/HikariConfig
instanceKlass com/zaxxer/hikari/HikariConfigMXBean
instanceKlass org/springframework/boot/jdbc/DataSourceBuilder$MappedDataSourceProperties$$Lambda$280
instanceKlass org/springframework/boot/jdbc/DataSourceBuilder$MappedDataSourceProperties
instanceKlass org/springframework/boot/jdbc/DataSourceBuilder$DataSourceProperties
instanceKlass org/springframework/boot/jdbc/DataSourceBuilder
instanceKlass org/springframework/boot/autoconfigure/condition/AbstractNestedCondition$MemberOutcomes
instanceKlass org/springframework/boot/autoconfigure/condition/AbstractNestedCondition$MemberConditions$$Lambda$279
instanceKlass org/springframework/boot/autoconfigure/condition/AbstractNestedCondition$MemberMatchOutcomes
instanceKlass org/springframework/boot/autoconfigure/condition/AbstractNestedCondition$MemberConditions
instanceKlass com/alibaba/druid/pool/WrapperAdapter
instanceKlass com/alibaba/druid/proxy/jdbc/DataSourceProxy
instanceKlass javax/management/MBeanRegistration
instanceKlass javax/sql/ConnectionPoolDataSource
instanceKlass javax/naming/Referenceable
instanceKlass com/alibaba/druid/pool/ManagedDataSource
instanceKlass com/alibaba/druid/pool/DruidDataSourceMBean
instanceKlass com/alibaba/druid/pool/DruidAbstractDataSourceMBean
instanceKlass sun/misc/URLClassPath$JarLoader$3
instanceKlass org/springframework/boot/autoconfigure/web/WebProperties$Resources$Chain
instanceKlass org/springframework/boot/autoconfigure/web/ConditionalOnEnabledResourceChain
instanceKlass org/springframework/boot/autoconfigure/web/servlet/JspTemplateAvailabilityProvider
instanceKlass org/springframework/boot/autoconfigure/thymeleaf/ThymeleafTemplateAvailabilityProvider
instanceKlass org/springframework/boot/autoconfigure/mustache/MustacheTemplateAvailabilityProvider
instanceKlass org/springframework/boot/autoconfigure/template/PathBasedTemplateAvailabilityProvider$TemplateAvailabilityProperties
instanceKlass org/springframework/boot/autoconfigure/template/PathBasedTemplateAvailabilityProvider
instanceKlass org/springframework/boot/autoconfigure/template/TemplateAvailabilityProviders$NoTemplateAvailabilityProvider
instanceKlass org/springframework/boot/autoconfigure/template/TemplateAvailabilityProvider
instanceKlass org/springframework/boot/autoconfigure/template/TemplateAvailabilityProviders
instanceKlass org/springframework/boot/autoconfigure/condition/ConditionalOnResource
instanceKlass com/sky/utils/WeChatPayUtil
instanceKlass com/sky/properties/WeChatProperties
instanceKlass com/sky/properties/JwtProperties
instanceKlass com/sky/properties/AliOssProperties
instanceKlass com/sky/service/impl/UserServiceImp
instanceKlass com/sky/service/UserService
instanceKlass com/sky/service/impl/SetmealServiceImp
instanceKlass com/sky/service/SetmealService
instanceKlass com/sky/service/impl/EmployeeServiceImpl
instanceKlass com/sky/service/EmployeeService
instanceKlass com/sky/service/impl/DishServiceImp
instanceKlass com/sky/service/DishService
instanceKlass com/sky/service/impl/CategoryServiceImp
instanceKlass com/sky/service/CategoryService
instanceKlass com/sky/interceptor/JwtTokenUserInterceptor
instanceKlass com/sky/interceptor/JwtTokenAdminInterceptor
instanceKlass org/springframework/web/servlet/HandlerInterceptor
instanceKlass com/sky/handler/GlobalExceptionHandler
instanceKlass com/sky/controller/user/UserController
instanceKlass com/sky/controller/user/ShopController
instanceKlass com/sky/controller/admin/ShopController
instanceKlass com/sky/controller/admin/SetmealController
instanceKlass com/sky/controller/admin/EmployeeController
instanceKlass com/sky/controller/admin/DishController
instanceKlass com/sky/controller/admin/CommonController
instanceKlass com/sky/controller/admin/CategoryController
instanceKlass org/springframework/web/servlet/config/annotation/WebMvcConfigurationSupport
instanceKlass com/sky/config/RedisConfiguration
instanceKlass com/sky/config/OssConfiguration
instanceKlass com/sky/aspect/AutoFillAspect
instanceKlass org/apache/coyote/UpgradeProtocol
instanceKlass org/springframework/boot/autoconfigure/web/servlet/ServletWebServerFactoryAutoConfiguration$BeanPostProcessorsRegistrar
instanceKlass org/springframework/boot/autoconfigure/condition/OnPropertyCondition$Spec
instanceKlass org/springframework/boot/autoconfigure/condition/OnPropertyCondition$$Lambda$278
instanceKlass org/springframework/boot/autoconfigure/condition/OnPropertyCondition$$Lambda$277
instanceKlass org/springframework/boot/web/servlet/RegistrationBean
instanceKlass org/springframework/boot/web/servlet/ServletContextInitializer
instanceKlass org/springframework/boot/autoconfigure/web/servlet/ConditionalOnMissingFilterBean
instanceKlass org/apache/tomcat/websocket/server/WsSci
instanceKlass javax/servlet/ServletContainerInitializer
instanceKlass org/apache/catalina/startup/Tomcat
instanceKlass org/springframework/boot/autoconfigure/condition/OnWebApplicationCondition$1
instanceKlass org/springframework/boot/autoconfigure/condition/ConditionalOnMissingClass
instanceKlass org/springframework/core/annotation/MergedAnnotationCollectors$$Lambda$276
instanceKlass java/lang/invoke/LambdaForm$DMH
instanceKlass org/springframework/core/annotation/TypeMappedAnnotation$$Lambda$275
instanceKlass org/springframework/core/annotation/MergedAnnotationCollectors$$Lambda$274
instanceKlass org/springframework/core/annotation/MergedAnnotationCollectors$$Lambda$273
instanceKlass org/springframework/core/annotation/MergedAnnotationCollectors$$Lambda$272
instanceKlass java/util/function/Function$$Lambda$271
instanceKlass org/springframework/core/annotation/MergedAnnotationCollectors
instanceKlass org/springframework/core/type/AnnotatedTypeMetadata$$Lambda$270
instanceKlass org/springframework/core/type/AnnotatedTypeMetadata$$Lambda$269
instanceKlass org/springframework/core/annotation/MergedAnnotationPredicates$UniquePredicate
instanceKlass org/springframework/core/annotation/MergedAnnotationPredicates
instanceKlass org/springframework/core/type/AnnotatedTypeMetadata$$Lambda$268
instanceKlass org/springframework/context/annotation/ConfigurationClassParser$DeferredImportSelectorGroupingHandler$$Lambda$267
instanceKlass org/springframework/boot/autoconfigure/AutoConfigurationImportSelector$AutoConfigurationGroup$$Lambda$266
instanceKlass org/springframework/context/annotation/DeferredImportSelector$Group$Entry
instanceKlass org/springframework/boot/autoconfigure/AutoConfigurationSorter$$Lambda$265
instanceKlass org/springframework/boot/autoconfigure/AutoConfigurationSorter$AutoConfigurationClasses$$Lambda$264
instanceKlass org/springframework/boot/autoconfigure/AutoConfigureOrder
instanceKlass org/springframework/boot/autoconfigure/AutoConfigurationSorter$$Lambda$263
instanceKlass org/springframework/boot/autoconfigure/condition/ConditionalOnProperty
instanceKlass javax/annotation/PostConstruct
instanceKlass org/springframework/boot/autoconfigure/AutoConfigureAfter
instanceKlass org/springframework/boot/context/properties/EnableConfigurationPropertiesRegistrar
instanceKlass org/springframework/boot/context/properties/EnableConfigurationProperties
instanceKlass org/springframework/boot/autoconfigure/AutoConfigureBefore
instanceKlass org/springframework/boot/autoconfigure/AutoConfigurationSorter$AutoConfigurationClass
instanceKlass org/springframework/boot/autoconfigure/AutoConfigurationSorter$AutoConfigurationClasses
instanceKlass org/springframework/boot/autoconfigure/AutoConfigurationSorter
instanceKlass org/springframework/boot/autoconfigure/AutoConfigurationImportSelector$AutoConfigurationGroup$$Lambda$262
instanceKlass org/springframework/boot/autoconfigure/AutoConfigurationImportSelector$AutoConfigurationGroup$$Lambda$261
instanceKlass org/springframework/boot/autoconfigure/AutoConfigurationImportSelector$AutoConfigurationGroup$$Lambda$260
instanceKlass java/util/HashMap$HashMapSpliterator
instanceKlass java/util/stream/Collectors$$Lambda$259
instanceKlass java/util/stream/Collectors$$Lambda$258
instanceKlass java/util/stream/Collectors$$Lambda$257
instanceKlass org/springframework/boot/autoconfigure/AutoConfigurationImportSelector$AutoConfigurationGroup$$Lambda$256
instanceKlass org/springframework/boot/autoconfigure/AutoConfigurationImportSelector$AutoConfigurationGroup$$Lambda$255
instanceKlass org/springframework/boot/autoconfigure/condition/ConditionEvaluationReportAutoConfigurationImportListener
instanceKlass org/springframework/boot/autoconfigure/AutoConfigurationImportListener
instanceKlass org/springframework/mail/javamail/JavaMailSenderImpl
instanceKlass org/springframework/mail/javamail/JavaMailSender
instanceKlass org/springframework/mail/MailSender
instanceKlass org/springframework/data/redis/connection/RedisConnectionFactory
instanceKlass org/springframework/cache/interceptor/AbstractCacheInvoker
instanceKlass org/springframework/boot/autoconfigure/condition/ConditionalOnWebApplication
instanceKlass org/springframework/boot/autoconfigure/condition/ConditionEvaluationReport$ConditionAndOutcome
instanceKlass org/springframework/boot/autoconfigure/condition/ConditionEvaluationReport$ConditionAndOutcomes
instanceKlass org/springframework/oxm/Unmarshaller
instanceKlass org/springframework/oxm/Marshaller
instanceKlass org/springframework/web/socket/config/annotation/WebSocketMessageBrokerConfigurer
instanceKlass javax/websocket/server/ServerContainer
instanceKlass javax/websocket/WebSocketContainer
instanceKlass org/springframework/web/multipart/support/StandardServletMultipartResolver
instanceKlass org/springframework/web/multipart/MultipartResolver
instanceKlass javax/servlet/MultipartConfigElement
instanceKlass org/springframework/web/filter/GenericFilterBean
instanceKlass javax/servlet/Filter
instanceKlass javax/servlet/GenericServlet
instanceKlass javax/servlet/ServletConfig
instanceKlass org/springframework/web/server/session/WebSessionManager
instanceKlass reactor/core/publisher/Mono
instanceKlass org/springframework/http/ReactiveHttpInputMessage
instanceKlass org/springframework/http/codec/LoggingCodecSupport
instanceKlass org/springframework/http/codec/HttpMessageReader
instanceKlass org/springframework/http/codec/CodecConfigurer
instanceKlass org/springframework/http/server/reactive/HttpHandler
instanceKlass org/springframework/http/client/support/HttpAccessor
instanceKlass org/springframework/web/client/RestOperations
instanceKlass javax/validation/executable/ExecutableValidator
instanceKlass org/springframework/transaction/PlatformTransactionManager
instanceKlass org/springframework/web/servlet/config/annotation/WebMvcConfigurer
instanceKlass org/springframework/scheduling/TaskScheduler
instanceKlass org/springframework/util/CustomizableThreadCreator
instanceKlass org/springframework/data/web/PageableHandlerMethodArgumentResolverSupport
instanceKlass java/util/concurrent/ThreadFactory
instanceKlass org/springframework/data/web/PageableArgumentResolver
instanceKlass org/springframework/web/method/support/HandlerMethodArgumentResolver
instanceKlass org/springframework/scheduling/SchedulingTaskExecutor
instanceKlass org/springframework/core/task/AsyncListenableTaskExecutor
instanceKlass org/springframework/core/task/AsyncTaskExecutor
instanceKlass org/springframework/core/task/TaskExecutor
instanceKlass org/springframework/data/redis/repository/configuration/EnableRedisRepositories
instanceKlass org/springframework/data/redis/core/ReactiveRedisTemplate
instanceKlass org/springframework/data/redis/core/ReactiveRedisOperations
instanceKlass org/springframework/data/redis/connection/ReactiveRedisConnectionFactory
instanceKlass org/springframework/dao/support/PersistenceExceptionTranslator
instanceKlass reactor/core/publisher/Flux
instanceKlass reactor/core/CorePublisher
instanceKlass org/reactivestreams/Publisher
instanceKlass io/netty/buffer/AbstractByteBufAllocator
instanceKlass io/netty/buffer/ByteBufAllocator
instanceKlass io/netty/buffer/ByteBufAllocatorMetricProvider
instanceKlass org/springframework/data/redis/core/RedisOperations
instanceKlass io/netty/util/NettyRuntime
instanceKlass javax/naming/ldap/LdapContext
instanceKlass javax/naming/directory/DirContext
instanceKlass javax/activation/MimeType
instanceKlass javax/servlet/ServletRegistration
instanceKlass org/springframework/aop/framework/ProxyConfig
instanceKlass javax/servlet/Registration
instanceKlass org/springframework/jmx/support/MBeanRegistrationSupport
instanceKlass org/springframework/jmx/export/MBeanExportOperations
instanceKlass org/springframework/cache/CacheManager
instanceKlass org/springframework/transaction/TransactionManager
instanceKlass org/springframework/boot/autoconfigure/condition/ConditionMessage$ItemsBuilder
instanceKlass org/springframework/boot/autoconfigure/condition/ConditionMessage$Builder
instanceKlass org/springframework/boot/autoconfigure/condition/ConditionMessage
instanceKlass org/springframework/jdbc/support/JdbcAccessor
instanceKlass org/springframework/boot/autoconfigure/condition/ConditionalOnClass
instanceKlass org/mybatis/spring/SqlSessionFactoryBean
instanceKlass org/springframework/jdbc/core/JdbcOperations
instanceKlass org/apache/ibatis/session/SqlSessionFactory
instanceKlass org/apache/ibatis/scripting/LanguageDriver
instanceKlass javax/sql/DataSource
instanceKlass java/sql/Wrapper
instanceKlass javax/sql/CommonDataSource
instanceKlass org/springframework/boot/autoconfigure/condition/OnClassCondition$ThreadedOutcomesResolver$$Lambda$254
instanceKlass org/springframework/boot/autoconfigure/condition/OnClassCondition$ThreadedOutcomesResolver
instanceKlass org/springframework/boot/autoconfigure/AutoConfigurationImportSelector$$Lambda$253
instanceKlass org/springframework/boot/autoconfigure/AutoConfigurationImportSelector$$Lambda$252
instanceKlass org/springframework/boot/autoconfigure/AutoConfigurationImportSelector$$Lambda$251
instanceKlass org/springframework/boot/autoconfigure/AutoConfigurationImportSelector$AutoConfigurationGroup$$Lambda$250
instanceKlass org/springframework/context/annotation/ConfigurationClassParser$DeferredImportSelectorGroupingHandler$$Lambda$249
instanceKlass org/springframework/context/annotation/ConfigurationClassParser$DeferredImportSelectorGrouping
instanceKlass org/springframework/boot/autoconfigure/AutoConfigurationImportSelector$AutoConfigurationGroup
instanceKlass org/springframework/context/annotation/DeferredImportSelector$Group
instanceKlass org/springframework/context/annotation/ConfigurationClassParser$DeferredImportSelectorHandler$$Lambda$248
instanceKlass org/springframework/context/annotation/ConfigurationClassParser$DeferredImportSelectorGroupingHandler
instanceKlass org/springframework/beans/factory/annotation/Autowired
instanceKlass org/springframework/boot/autoconfigure/condition/ConditionalOnSingleCandidate
instanceKlass org/springframework/boot/autoconfigure/condition/ConditionalOnBean
instanceKlass org/springframework/boot/autoconfigure/condition/ConditionOutcome
instanceKlass org/springframework/boot/autoconfigure/condition/OnClassCondition$StandardOutcomesResolver
instanceKlass org/springframework/boot/autoconfigure/AutoConfigurationMetadataLoader$PropertiesAutoConfigurationMetadata
instanceKlass org/springframework/boot/autoconfigure/AutoConfigurationMetadata
instanceKlass org/springframework/boot/autoconfigure/AutoConfigurationMetadataLoader
instanceKlass org/springframework/boot/autoconfigure/AutoConfigurationImportSelector$ConfigurationClassFilter
instanceKlass org/springframework/boot/autoconfigure/condition/OnClassCondition$OutcomesResolver
instanceKlass org/springframework/boot/autoconfigure/condition/OnBeanCondition$Spec
instanceKlass org/springframework/transaction/annotation/AbstractTransactionManagementConfiguration
instanceKlass org/springframework/context/annotation/ImportAware
instanceKlass org/springframework/context/annotation/AutoProxyRegistrar
instanceKlass org/springframework/transaction/annotation/TransactionManagementConfigurationSelector$1
instanceKlass java/util/function/Predicate$$Lambda$247
instanceKlass org/springframework/boot/autoconfigure/AutoConfigurationImportSelector$$Lambda$246
instanceKlass org/springframework/boot/autoconfigure/AutoConfigurationImportSelector$AutoConfigurationEntry
instanceKlass org/springframework/context/annotation/ConfigurationMethod
instanceKlass org/springframework/core/annotation/MergedAnnotationsCollection$AnnotationsSpliterator
instanceKlass com/fasterxml/jackson/annotation/JacksonAnnotation
instanceKlass io/swagger/annotations/ApiModel
instanceKlass org/springframework/boot/context/properties/ConfigurationProperties
instanceKlass org/springframework/stereotype/Service
instanceKlass org/apache/ibatis/annotations/SelectKey$List
instanceKlass org/apache/ibatis/annotations/SelectKey
instanceKlass org/apache/ibatis/annotations/Update$List
instanceKlass org/apache/ibatis/annotations/Update
instanceKlass org/apache/ibatis/annotations/Delete$List
instanceKlass org/apache/ibatis/annotations/Delete
instanceKlass org/apache/ibatis/annotations/Select$List
instanceKlass org/apache/ibatis/annotations/Select
instanceKlass org/springframework/core/type/classreading/MergedAnnotationReadingVisitor$$Lambda$245
instanceKlass com/sky/annotation/AutoFill
instanceKlass org/apache/ibatis/annotations/Insert$List
instanceKlass org/apache/ibatis/annotations/Insert
instanceKlass org/apache/ibatis/annotations/Mapper
instanceKlass org/springframework/web/bind/annotation/ExceptionHandler
instanceKlass org/springframework/web/bind/annotation/ControllerAdvice
instanceKlass org/springframework/web/bind/annotation/RestControllerAdvice
instanceKlass org/springframework/web/bind/annotation/DeleteMapping
instanceKlass org/springframework/web/bind/annotation/PutMapping
instanceKlass org/springframework/web/bind/annotation/PostMapping
instanceKlass io/swagger/annotations/ExtensionProperty
instanceKlass io/swagger/annotations/ResponseHeader
instanceKlass io/swagger/annotations/Extension
instanceKlass io/swagger/annotations/ApiOperation
instanceKlass org/springframework/web/bind/annotation/GetMapping
instanceKlass io/swagger/annotations/AuthorizationScope
instanceKlass io/swagger/annotations/Authorization
instanceKlass io/swagger/annotations/Api
instanceKlass org/springframework/web/bind/annotation/Mapping
instanceKlass org/springframework/core/type/classreading/MergedAnnotationReadingVisitor$$Lambda$244
instanceKlass org/springframework/web/bind/annotation/RequestMapping
instanceKlass sun/misc/ProxyGenerator$1
instanceKlass org/springframework/web/bind/annotation/ResponseBody
instanceKlass org/springframework/stereotype/Controller
instanceKlass org/springframework/web/bind/annotation/RestController
instanceKlass org/springframework/boot/autoconfigure/AutoConfigurationExcludeFilter$$Lambda$243
instanceKlass org/springframework/boot/context/annotation/ImportCandidates
instanceKlass org/springframework/boot/autoconfigure/AutoConfiguration
instanceKlass org/springframework/boot/autoconfigure/condition/SpringBootCondition
instanceKlass org/springframework/boot/autoconfigure/AutoConfigurationImportFilter
instanceKlass org/springframework/context/annotation/ConfigurationCondition
instanceKlass org/springframework/boot/autoconfigure/condition/ConditionalOnMissingBean
instanceKlass java/lang/Deprecated
instanceKlass org/springframework/context/annotation/Bean
instanceKlass org/aspectj/lang/annotation/Before
instanceKlass org/aspectj/lang/annotation/Pointcut
instanceKlass org/springframework/core/type/classreading/SimpleMethodMetadataReadingVisitor$$Lambda$242
instanceKlass org/springframework/core/type/classreading/SimpleMethodMetadataReadingVisitor$Source
instanceKlass org/aspectj/lang/annotation/Aspect
instanceKlass org/springframework/core/type/AnnotationMetadata$$Lambda$241
instanceKlass org/springframework/core/type/classreading/SimpleAnnotationMetadata
instanceKlass org/springframework/core/annotation/MergedAnnotationsCollection
instanceKlass org/springframework/core/type/classreading/SimpleAnnotationMetadataReadingVisitor$$Lambda$240
instanceKlass org/springframework/core/type/classreading/SimpleMethodMetadata
instanceKlass org/springframework/core/type/MethodMetadata
instanceKlass org/springframework/core/annotation/TypeMappedAnnotation$$Lambda$239
instanceKlass org/springframework/asm/Type
instanceKlass org/springframework/asm/AnnotationVisitor
instanceKlass org/springframework/core/type/classreading/SimpleAnnotationMetadataReadingVisitor$$Lambda$238
instanceKlass org/springframework/core/type/classreading/SimpleAnnotationMetadataReadingVisitor$Source
instanceKlass org/springframework/asm/Context
instanceKlass org/springframework/asm/Attribute
instanceKlass java/nio/DirectByteBuffer$Deallocator
instanceKlass sun/nio/ch/Util$BufferCache
instanceKlass sun/nio/ch/Util
instanceKlass sun/nio/ch/IOStatus
instanceKlass sun/nio/ch/NativeThread
instanceKlass java/nio/channels/spi/AbstractInterruptibleChannel$1
instanceKlass sun/nio/ch/Interruptible
instanceKlass org/springframework/asm/ClassReader
instanceKlass java/nio/channels/Channels
instanceKlass sun/nio/ch/FileDispatcherImpl$1
instanceKlass sun/nio/ch/NativeDispatcher
instanceKlass sun/nio/ch/NativeThreadSet
instanceKlass sun/nio/ch/IOUtil$1
instanceKlass sun/nio/ch/IOUtil
instanceKlass java/nio/channels/spi/AbstractInterruptibleChannel
instanceKlass java/nio/channels/InterruptibleChannel
instanceKlass java/nio/channels/ScatteringByteChannel
instanceKlass java/nio/channels/GatheringByteChannel
instanceKlass java/nio/channels/SeekableByteChannel
instanceKlass java/nio/channels/ByteChannel
instanceKlass sun/nio/fs/NativeBuffer$Deallocator
instanceKlass sun/nio/fs/NativeBuffer
instanceKlass sun/nio/fs/NativeBuffers
instanceKlass sun/nio/fs/WindowsNativeDispatcher$BackupResult
instanceKlass sun/nio/fs/WindowsNativeDispatcher$CompletionStatus
instanceKlass sun/nio/fs/WindowsNativeDispatcher$AclInformation
instanceKlass sun/nio/fs/WindowsNativeDispatcher$Account
instanceKlass sun/nio/fs/WindowsNativeDispatcher$DiskFreeSpace
instanceKlass sun/nio/fs/WindowsNativeDispatcher$VolumeInformation
instanceKlass sun/nio/fs/WindowsNativeDispatcher$FirstStream
instanceKlass sun/nio/fs/WindowsNativeDispatcher$FirstFile
instanceKlass sun/nio/fs/WindowsNativeDispatcher$1
instanceKlass sun/nio/fs/WindowsNativeDispatcher
instanceKlass sun/nio/fs/WindowsChannelFactory$Flags
instanceKlass sun/nio/fs/WindowsChannelFactory$1
instanceKlass sun/nio/fs/WindowsChannelFactory
instanceKlass sun/nio/fs/WindowsSecurityDescriptor
instanceKlass java/nio/file/attribute/FileAttribute
instanceKlass java/nio/file/Files
instanceKlass java/nio/file/OpenOption
instanceKlass org/springframework/asm/MethodVisitor
instanceKlass org/springframework/core/type/classreading/SimpleMetadataReader
instanceKlass sun/nio/fs/AbstractPath
instanceKlass sun/nio/fs/Util
instanceKlass sun/nio/fs/WindowsPathParser$Result
instanceKlass sun/nio/fs/WindowsPathParser
instanceKlass java/nio/file/FileSystem
instanceKlass java/nio/file/spi/FileSystemProvider
instanceKlass sun/nio/fs/DefaultFileSystemProvider
instanceKlass java/nio/file/FileSystems$DefaultFileSystemHolder$1
instanceKlass java/nio/file/FileSystems$DefaultFileSystemHolder
instanceKlass java/nio/file/FileSystems
instanceKlass org/springframework/util/AntPathMatcher$AntPathStringMatcher
instanceKlass org/springframework/core/io/support/PathMatchingResourcePatternResolver$$Lambda$237
instanceKlass org/springframework/core/env/AbstractPropertyResolver$$Lambda$236
instanceKlass org/springframework/context/annotation/ParserStrategyUtils
instanceKlass org/springframework/context/annotation/TypeFilterUtils$1
instanceKlass org/springframework/context/annotation/TypeFilterUtils
instanceKlass org/springframework/context/annotation/PropertySource
instanceKlass org/springframework/context/annotation/PropertySources
instanceKlass org/springframework/core/annotation/AnnotationUtils
instanceKlass org/springframework/boot/autoconfigure/BackgroundPreinitializer$CharsetInitializer
instanceKlass org/springframework/boot/autoconfigure/BackgroundPreinitializer$JacksonInitializer
instanceKlass org/springframework/context/annotation/ConfigurationClass
instanceKlass org/springframework/http/converter/json/Jackson2ObjectMapperBuilder$$Lambda$235
instanceKlass org/springframework/http/converter/json/Jackson2ObjectMapperBuilder$$Lambda$234
instanceKlass org/springframework/context/annotation/ComponentScanAnnotationParser
instanceKlass org/springframework/http/converter/json/Jackson2ObjectMapperBuilder$$Lambda$233
instanceKlass org/springframework/context/annotation/ConfigurationClassParser$SourceClass
instanceKlass java/lang/invoke/LambdaForm$DMH
instanceKlass com/fasterxml/jackson/databind/deser/ValueInstantiators$Base
instanceKlass org/springframework/context/annotation/ConfigurationClassParser$DeferredImportSelectorHandler
instanceKlass org/springframework/context/annotation/ConfigurationClassParser$$Lambda$232
instanceKlass org/springframework/context/annotation/ConfigurationClassParser$DeferredImportSelectorHolder
instanceKlass org/springframework/context/annotation/ConfigurationClassParser$$Lambda$231
instanceKlass org/springframework/core/io/support/DefaultPropertySourceFactory
instanceKlass com/fasterxml/jackson/databind/util/ArrayBuilders
instanceKlass org/springframework/beans/factory/parsing/Problem
instanceKlass org/springframework/context/annotation/ImportRegistry
instanceKlass org/springframework/core/io/support/PropertySourceFactory
instanceKlass com/fasterxml/jackson/databind/ObjectMapper$1
instanceKlass org/springframework/context/annotation/ConfigurationClassParser
instanceKlass com/fasterxml/jackson/datatype/jdk8/PackageVersion
instanceKlass org/springframework/context/annotation/ConfigurationClassPostProcessor$$Lambda$230
instanceKlass org/springframework/beans/BeanMetadataAttribute
instanceKlass com/fasterxml/jackson/databind/module/SimpleKeyDeserializers
instanceKlass org/springframework/aop/framework/AopInfrastructureBean
instanceKlass org/springframework/context/annotation/ImportResource
instanceKlass com/fasterxml/jackson/datatype/jsr310/ser/ZonedDateTimeSerializer$$Lambda$229
instanceKlass com/fasterxml/jackson/datatype/jsr310/ser/ZonedDateTimeSerializer$$Lambda$228
instanceKlass java/lang/invoke/LambdaForm$DMH
instanceKlass org/springframework/core/Conventions
instanceKlass com/fasterxml/jackson/datatype/jsr310/ser/ZonedDateTimeSerializer$$Lambda$227
instanceKlass org/springframework/context/annotation/ConfigurationClassUtils
instanceKlass com/fasterxml/jackson/datatype/jsr310/ser/OffsetDateTimeSerializer$$Lambda$226
instanceKlass com/fasterxml/jackson/datatype/jsr310/ser/OffsetDateTimeSerializer$$Lambda$225
instanceKlass com/fasterxml/jackson/datatype/jsr310/ser/OffsetDateTimeSerializer$$Lambda$224
instanceKlass java/lang/invoke/LambdaForm$DMH
instanceKlass org/springframework/context/support/PostProcessorRegistrationDelegate$$Lambda$223
instanceKlass org/springframework/beans/AbstractNestablePropertyAccessor$PropertyTokenHolder
instanceKlass com/fasterxml/jackson/datatype/jsr310/ser/InstantSerializer$$Lambda$222
instanceKlass com/fasterxml/jackson/datatype/jsr310/ser/InstantSerializer$$Lambda$221
instanceKlass org/springframework/beans/factory/config/TypedStringValue
instanceKlass com/fasterxml/jackson/datatype/jsr310/ser/InstantSerializer$$Lambda$220
instanceKlass java/util/function/ToLongFunction
instanceKlass java/lang/invoke/LambdaForm$DMH
instanceKlass org/springframework/context/annotation/ConfigurationClassBeanDefinitionReader
instanceKlass com/fasterxml/jackson/databind/ser/Serializers$Base
instanceKlass org/springframework/core/convert/Property
instanceKlass com/fasterxml/jackson/databind/type/ClassKey
instanceKlass com/fasterxml/jackson/databind/deser/Deserializers$Base
instanceKlass com/fasterxml/jackson/datatype/jsr310/deser/InstantDeserializer$$Lambda$219
instanceKlass com/fasterxml/jackson/datatype/jsr310/deser/InstantDeserializer$$Lambda$218
instanceKlass com/fasterxml/jackson/datatype/jsr310/deser/InstantDeserializer$$Lambda$217
instanceKlass com/fasterxml/jackson/datatype/jsr310/deser/InstantDeserializer$$Lambda$216
instanceKlass com/fasterxml/jackson/datatype/jsr310/deser/InstantDeserializer$$Lambda$215
instanceKlass com/fasterxml/jackson/datatype/jsr310/deser/InstantDeserializer$$Lambda$214
instanceKlass com/fasterxml/jackson/datatype/jsr310/deser/InstantDeserializer$$Lambda$213
instanceKlass com/fasterxml/jackson/datatype/jsr310/deser/InstantDeserializer$$Lambda$212
instanceKlass com/fasterxml/jackson/datatype/jsr310/deser/InstantDeserializer$$Lambda$211
instanceKlass com/fasterxml/jackson/datatype/jsr310/deser/InstantDeserializer$$Lambda$210
instanceKlass com/fasterxml/jackson/datatype/jsr310/deser/InstantDeserializer$FromDecimalArguments
instanceKlass com/fasterxml/jackson/datatype/jsr310/deser/InstantDeserializer$$Lambda$209
instanceKlass com/fasterxml/jackson/datatype/jsr310/deser/InstantDeserializer$FromIntegerArguments
instanceKlass com/fasterxml/jackson/datatype/jsr310/deser/InstantDeserializer$$Lambda$208
instanceKlass org/springframework/core/BridgeMethodResolver
instanceKlass com/fasterxml/jackson/core/Version
instanceKlass java/beans/SimpleBeanInfo
instanceKlass com/fasterxml/jackson/core/util/VersionUtil
instanceKlass java/util/TreeMap$PrivateEntryIterator
instanceKlass com/fasterxml/jackson/datatype/jsr310/PackageVersion
instanceKlass com/sun/beans/WildcardTypeImpl
instanceKlass com/sun/beans/TypeResolver
instanceKlass java/beans/MethodRef
instanceKlass com/sun/beans/util/Cache$CacheEntry
instanceKlass com/sun/beans/util/Cache
instanceKlass com/sun/beans/finder/AbstractFinder
instanceKlass com/sun/beans/finder/ClassFinder
instanceKlass org/springframework/beans/ExtendedBeanInfo
instanceKlass java/beans/BeanInfo
instanceKlass org/springframework/beans/ExtendedBeanInfoFactory
instanceKlass org/springframework/beans/BeanInfoFactory
instanceKlass org/springframework/beans/CachedIntrospectionResults
instanceKlass org/springframework/beans/PropertyAccessorUtils
instanceKlass org/springframework/beans/factory/support/DefaultSingletonBeanRegistry$$Lambda$207
instanceKlass org/springframework/beans/factory/support/DefaultSingletonBeanRegistry$$Lambda$206
instanceKlass org/springframework/beans/factory/support/DisposableBeanAdapter
instanceKlass org/springframework/beans/factory/InitializingBean
instanceKlass org/springframework/context/expression/StandardBeanExpressionResolver$$Lambda$205
instanceKlass org/springframework/expression/spel/support/StandardTypeConverter
instanceKlass org/springframework/expression/spel/support/StandardTypeLocator
instanceKlass org/springframework/context/expression/BeanFactoryResolver
instanceKlass org/springframework/context/expression/EnvironmentAccessor
instanceKlass org/springframework/context/expression/MapAccessor
instanceKlass org/springframework/expression/spel/CompilablePropertyAccessor
instanceKlass org/springframework/asm/Opcodes
instanceKlass org/springframework/context/expression/BeanFactoryAccessor
instanceKlass org/springframework/expression/spel/support/ReflectivePropertyAccessor
instanceKlass com/fasterxml/jackson/databind/type/TypeModifier
instanceKlass org/springframework/context/expression/BeanExpressionContextAccessor
instanceKlass org/springframework/expression/TypedValue
instanceKlass com/fasterxml/jackson/databind/ser/BeanSerializerModifier
instanceKlass org/springframework/expression/spel/support/StandardOperatorOverloader
instanceKlass com/fasterxml/jackson/databind/ser/Serializers
instanceKlass com/fasterxml/jackson/databind/cfg/SerializerFactoryConfig
instanceKlass org/springframework/expression/spel/support/StandardTypeComparator
instanceKlass org/springframework/expression/OperatorOverloader
instanceKlass org/springframework/expression/TypeComparator
instanceKlass org/springframework/expression/spel/support/StandardEvaluationContext
instanceKlass org/springframework/expression/common/LiteralExpression
instanceKlass com/fasterxml/jackson/databind/ser/std/StdJdkSerializers
instanceKlass org/springframework/beans/factory/config/AutowiredPropertyMarker
instanceKlass org/springframework/beans/factory/support/BeanDefinitionValueResolver
instanceKlass org/springframework/beans/factory/support/AbstractAutowireCapableBeanFactory$$Lambda$204
instanceKlass org/springframework/beans/AbstractNestablePropertyAccessor$PropertyHandler
instanceKlass com/fasterxml/jackson/databind/ser/std/NumberSerializers
instanceKlass org/springframework/beans/factory/parsing/PassThroughSourceExtractor
instanceKlass org/springframework/beans/factory/support/AbstractBeanFactory$$Lambda$203
instanceKlass org/springframework/beans/factory/support/AbstractBeanFactory$$Lambda$202
instanceKlass org/springframework/beans/factory/support/NullBean
instanceKlass org/springframework/beans/factory/BeanFactoryUtils$$Lambda$201
instanceKlass org/springframework/beans/factory/support/AbstractBeanFactory$BeanPostProcessorCache
instanceKlass org/springframework/core/annotation/AnnotationAttributes$$Lambda$200
instanceKlass org/springframework/core/annotation/TypeMappedAnnotation$$Lambda$199
instanceKlass org/springframework/beans/factory/config/RuntimeBeanReference
instanceKlass org/springframework/beans/factory/config/BeanReference
instanceKlass org/springframework/beans/MutablePropertyValues
instanceKlass org/springframework/beans/factory/support/BeanDefinitionBuilder
instanceKlass org/springframework/boot/autoconfigure/SharedMetadataReaderFactoryContextInitializer$CachingMetadataReaderFactoryPostProcessor$$Lambda$198
instanceKlass org/springframework/boot/autoconfigure/SharedMetadataReaderFactoryContextInitializer$SharedMetadataReaderFactoryBean
instanceKlass org/springframework/beans/factory/FactoryBean
instanceKlass org/springframework/context/support/PostProcessorRegistrationDelegate
instanceKlass org/springframework/boot/web/servlet/context/ServletWebServerApplicationContext$ExistingWebApplicationScopes$$Lambda$197
instanceKlass org/springframework/web/context/support/WebApplicationContextUtils$WebRequestObjectFactory
instanceKlass org/springframework/web/context/request/WebRequest
instanceKlass org/springframework/web/context/request/RequestAttributes
instanceKlass org/springframework/web/context/support/WebApplicationContextUtils$SessionObjectFactory
instanceKlass javax/servlet/http/HttpSession
instanceKlass org/springframework/web/context/support/WebApplicationContextUtils$ResponseObjectFactory
instanceKlass com/fasterxml/jackson/databind/deser/DeserializerCache
instanceKlass javax/servlet/ServletResponse
instanceKlass org/springframework/web/context/support/WebApplicationContextUtils$RequestObjectFactory
instanceKlass javax/servlet/ServletRequest
instanceKlass org/springframework/web/context/request/AbstractRequestAttributesScope
instanceKlass com/fasterxml/jackson/databind/KeyDeserializer
instanceKlass org/springframework/boot/web/servlet/context/ServletWebServerApplicationContext$ExistingWebApplicationScopes
instanceKlass com/fasterxml/jackson/databind/deser/std/StdKeyDeserializers
instanceKlass org/springframework/web/context/ServletContextAware
instanceKlass com/fasterxml/jackson/databind/deser/KeyDeserializers
instanceKlass org/springframework/web/context/support/ServletContextAwareProcessor
instanceKlass com/fasterxml/jackson/databind/deser/ValueInstantiators
instanceKlass com/fasterxml/jackson/databind/AbstractTypeResolver
instanceKlass com/fasterxml/jackson/databind/deser/BeanDeserializerModifier
instanceKlass org/springframework/context/support/ApplicationListenerDetector
instanceKlass com/fasterxml/jackson/databind/cfg/DeserializerFactoryConfig
instanceKlass org/springframework/context/MessageSourceAware
instanceKlass org/springframework/context/ApplicationEventPublisherAware
instanceKlass com/fasterxml/jackson/databind/PropertyName
instanceKlass org/springframework/beans/factory/config/BeanExpressionContext
instanceKlass com/fasterxml/jackson/databind/deser/Deserializers
instanceKlass org/springframework/beans/factory/config/EmbeddedValueResolver
instanceKlass org/springframework/util/StringValueResolver
instanceKlass org/springframework/context/support/ApplicationContextAwareProcessor
instanceKlass org/springframework/beans/support/ResourceEditorRegistrar
instanceKlass org/springframework/expression/spel/SpelParserConfiguration
instanceKlass org/springframework/expression/Expression
instanceKlass org/springframework/expression/common/TemplateAwareExpressionParser
instanceKlass org/springframework/context/expression/StandardBeanExpressionResolver$1
instanceKlass org/springframework/expression/EvaluationContext
instanceKlass org/springframework/expression/TypeConverter
instanceKlass org/springframework/expression/TypeLocator
instanceKlass org/springframework/expression/BeanResolver
instanceKlass com/fasterxml/jackson/annotation/ObjectIdGenerator
instanceKlass org/springframework/expression/PropertyAccessor
instanceKlass org/springframework/expression/ExpressionParser
instanceKlass org/springframework/expression/ParserContext
instanceKlass org/springframework/context/expression/StandardBeanExpressionResolver
instanceKlass org/springframework/web/context/request/RequestContextHolder
instanceKlass org/springframework/web/context/support/WebApplicationContextUtils
instanceKlass org/springframework/boot/context/logging/LoggingApplicationListener$Lifecycle
instanceKlass org/springframework/context/SmartLifecycle
instanceKlass org/springframework/context/Phased
instanceKlass org/springframework/beans/factory/BeanFactoryUtils
instanceKlass com/fasterxml/jackson/databind/deser/ResolvableDeserializer
instanceKlass org/springframework/boot/logging/DeferredLog$1
instanceKlass org/springframework/boot/SpringApplicationRunListeners$$Lambda$196
instanceKlass org/springframework/beans/factory/support/BeanDefinitionReaderUtils
instanceKlass org/springframework/context/annotation/Description
instanceKlass org/springframework/context/annotation/Role
instanceKlass org/springframework/context/annotation/DependsOn
instanceKlass org/springframework/context/annotation/Primary
instanceKlass org/springframework/context/annotation/Lazy
instanceKlass org/springframework/core/type/AnnotationMetadata$$Lambda$195
instanceKlass org/springframework/core/type/AnnotationMetadata$$Lambda$194
instanceKlass org/springframework/core/type/AnnotationMetadata$$Lambda$193
instanceKlass org/springframework/context/annotation/AnnotationBeanNameGenerator$$Lambda$192
instanceKlass org/springframework/core/annotation/AbstractMergedAnnotation$$Lambda$191
instanceKlass org/springframework/core/annotation/TypeMappedAnnotation$$Lambda$190
instanceKlass com/fasterxml/jackson/databind/deser/ValueInstantiator$Gettable
instanceKlass org/springframework/core/type/AnnotationMetadata$$Lambda$189
instanceKlass org/springframework/core/type/AnnotationMetadata$$Lambda$188
instanceKlass org/springframework/core/type/AnnotationMetadata$$Lambda$187
instanceKlass org/springframework/core/annotation/TypeMappedAnnotations$Aggregate
instanceKlass org/springframework/core/annotation/TypeMappedAnnotations$AggregatesCollector
instanceKlass com/fasterxml/jackson/databind/deser/ContextualDeserializer
instanceKlass org/springframework/core/annotation/TypeMappedAnnotations$AggregatesSpliterator
instanceKlass org/springframework/core/annotation/AnnotationTypeMappings$$Lambda$186
instanceKlass com/fasterxml/jackson/databind/JsonDeserializer
instanceKlass com/fasterxml/jackson/databind/deser/NullValueProvider
instanceKlass org/springframework/context/annotation/ScopeMetadata
instanceKlass org/springframework/context/annotation/AdviceModeImportSelector
instanceKlass org/springframework/boot/autoconfigure/AutoConfigurationPackages$Registrar
instanceKlass org/springframework/boot/context/annotation/DeterminableImports
instanceKlass org/springframework/context/annotation/ImportBeanDefinitionRegistrar
instanceKlass com/fasterxml/jackson/databind/ser/SerializerCache
instanceKlass com/fasterxml/jackson/databind/ser/ResolvableSerializer
instanceKlass com/fasterxml/jackson/databind/ser/ContextualSerializer
instanceKlass org/springframework/context/annotation/ComponentScans
instanceKlass com/fasterxml/jackson/databind/jsonschema/SchemaAware
instanceKlass org/springframework/boot/autoconfigure/AutoConfigurationImportSelector
instanceKlass org/springframework/context/annotation/DeferredImportSelector
instanceKlass org/springframework/context/annotation/ImportSelector
instanceKlass com/fasterxml/jackson/databind/JsonSerializer
instanceKlass com/fasterxml/jackson/databind/jsonFormatVisitors/JsonFormatVisitable
instanceKlass org/springframework/core/annotation/AnnotationTypeMapping$$Lambda$185
instanceKlass org/springframework/boot/autoconfigure/AutoConfigurationExcludeFilter
instanceKlass org/springframework/boot/context/TypeExcludeFilter
instanceKlass com/fasterxml/jackson/databind/node/JsonNodeFactory
instanceKlass com/fasterxml/jackson/databind/node/JsonNodeCreator
instanceKlass java/lang/annotation/Repeatable
instanceKlass org/springframework/boot/autoconfigure/AutoConfigurationPackage
instanceKlass sun/reflect/ClassDefiner$1
instanceKlass com/fasterxml/jackson/databind/cfg/ContextAttributes
instanceKlass sun/reflect/ClassDefiner
instanceKlass sun/reflect/MethodAccessorGenerator$1
instanceKlass sun/reflect/Label$PatchInfo
instanceKlass sun/reflect/Label
instanceKlass sun/reflect/UTF8
instanceKlass sun/reflect/ClassFileAssembler
instanceKlass com/fasterxml/jackson/core/util/Separators
instanceKlass sun/reflect/ByteVectorImpl
instanceKlass sun/reflect/ByteVector
instanceKlass sun/reflect/ByteVectorFactory
instanceKlass sun/reflect/AccessorGenerator
instanceKlass sun/reflect/ClassFileConstants
instanceKlass com/fasterxml/jackson/core/util/DefaultPrettyPrinter$NopIndenter
instanceKlass com/fasterxml/jackson/databind/cfg/ConfigFeature
instanceKlass org/springframework/context/annotation/Configuration
instanceKlass org/springframework/context/annotation/ComponentScan$Filter
instanceKlass org/springframework/core/annotation/AnnotationTypeMapping$$Lambda$184
instanceKlass com/fasterxml/jackson/databind/cfg/ConfigOverride
instanceKlass com/fasterxml/jackson/annotation/JsonFormat$Features
instanceKlass com/fasterxml/jackson/annotation/JsonFormat$Value
instanceKlass org/springframework/core/annotation/TypeMappedAnnotations$IsPresent
instanceKlass org/springframework/context/annotation/Conditional
instanceKlass org/springframework/context/annotation/Import
instanceKlass com/fasterxml/jackson/databind/cfg/CoercionConfig
instanceKlass org/springframework/transaction/annotation/EnableTransactionManagement
instanceKlass com/fasterxml/jackson/databind/cfg/CoercionConfigs
instanceKlass org/springframework/context/annotation/ComponentScan
instanceKlass org/springframework/boot/autoconfigure/EnableAutoConfiguration
instanceKlass org/springframework/boot/SpringBootConfiguration
instanceKlass com/fasterxml/jackson/databind/introspect/VisibilityChecker$Std
instanceKlass org/springframework/boot/autoconfigure/SpringBootApplication
instanceKlass com/fasterxml/jackson/annotation/JsonSetter$Value
instanceKlass org/springframework/core/type/StandardClassMetadata
instanceKlass com/fasterxml/jackson/annotation/JsonInclude$Value
instanceKlass com/fasterxml/jackson/annotation/JacksonAnnotationValue
instanceKlass com/fasterxml/jackson/databind/cfg/ConfigOverrides
instanceKlass org/springframework/core/type/AnnotationMetadata
instanceKlass org/springframework/core/type/ClassMetadata
instanceKlass com/fasterxml/jackson/databind/introspect/AnnotatedClass$Creators
instanceKlass com/fasterxml/jackson/databind/introspect/AnnotationCollector$NoAnnotations
instanceKlass com/fasterxml/jackson/databind/util/Annotations
instanceKlass com/fasterxml/jackson/databind/introspect/AnnotationCollector
instanceKlass com/fasterxml/jackson/databind/introspect/AnnotatedClassResolver
instanceKlass org/springframework/util/xml/XmlValidationModeDetector
instanceKlass org/springframework/util/xml/SimpleSaxErrorHandler
instanceKlass org/springframework/beans/factory/xml/DefaultDocumentLoader
instanceKlass org/springframework/beans/factory/parsing/NullSourceExtractor
instanceKlass org/springframework/beans/factory/parsing/EmptyReaderEventListener
instanceKlass org/springframework/beans/factory/parsing/FailFastProblemReporter
instanceKlass org/springframework/beans/factory/xml/DefaultBeanDefinitionDocumentReader
instanceKlass org/springframework/beans/factory/xml/BeanDefinitionDocumentReader
instanceKlass com/fasterxml/jackson/databind/cfg/MapperConfig
instanceKlass org/springframework/beans/factory/support/DefaultBeanNameGenerator
instanceKlass com/fasterxml/jackson/databind/BeanDescription
instanceKlass org/springframework/core/Constants
instanceKlass com/fasterxml/jackson/databind/introspect/SimpleMixInResolver
instanceKlass com/fasterxml/jackson/databind/introspect/ClassIntrospector$MixInResolver
instanceKlass com/fasterxml/jackson/databind/util/RootNameLookup
instanceKlass org/springframework/beans/factory/xml/NamespaceHandlerResolver
instanceKlass com/fasterxml/jackson/core/sym/ByteQuadsCanonicalizer$TableInfo
instanceKlass org/xml/sax/ErrorHandler
instanceKlass org/springframework/beans/factory/xml/DocumentLoader
instanceKlass com/fasterxml/jackson/core/sym/ByteQuadsCanonicalizer
instanceKlass org/springframework/beans/factory/parsing/SourceExtractor
instanceKlass org/springframework/beans/factory/parsing/ReaderEventListener
instanceKlass org/springframework/beans/factory/parsing/ProblemReporter
instanceKlass com/fasterxml/jackson/core/sym/CharsToNameCanonicalizer$Bucket
instanceKlass com/fasterxml/jackson/core/sym/CharsToNameCanonicalizer$TableInfo
instanceKlass com/fasterxml/jackson/core/sym/CharsToNameCanonicalizer
instanceKlass org/springframework/beans/factory/support/AbstractBeanDefinitionReader
instanceKlass org/springframework/beans/factory/support/BeanDefinitionReader
instanceKlass com/fasterxml/jackson/core/io/CharTypes
instanceKlass com/fasterxml/jackson/core/io/JsonStringEncoder
instanceKlass org/springframework/boot/SpringApplication$PropertySourceOrderingBeanFactoryPostProcessor
instanceKlass com/fasterxml/jackson/core/io/SerializedString
instanceKlass org/springframework/boot/SpringApplication$$Lambda$183
instanceKlass org/springframework/boot/StartupInfoLogger$$Lambda$182
instanceKlass com/fasterxml/jackson/core/util/DefaultPrettyPrinter
instanceKlass com/fasterxml/jackson/core/util/Instantiatable
instanceKlass ch/qos/logback/core/pattern/SpacePadder
instanceKlass java/text/DontCareFieldPosition$1
instanceKlass java/text/Format$FieldDelegate
instanceKlass ch/qos/logback/classic/util/LogbackMDCAdapter
instanceKlass com/fasterxml/jackson/core/util/JacksonFeature
instanceKlass org/slf4j/impl/StaticMDCBinder
instanceKlass org/slf4j/spi/MDCAdapter
instanceKlass org/slf4j/MDC
instanceKlass ch/qos/logback/classic/spi/EventArgUtil
instanceKlass ch/qos/logback/classic/spi/IThrowableProxy
instanceKlass ch/qos/logback/classic/spi/LoggingEvent
instanceKlass org/springframework/boot/StartupInfoLogger$$Lambda$181
instanceKlass org/springframework/boot/StartupInfoLogger$$Lambda$180
instanceKlass org/springframework/boot/system/ApplicationHome
instanceKlass org/springframework/boot/StartupInfoLogger$$Lambda$179
instanceKlass org/springframework/boot/StartupInfoLogger$$Lambda$178
instanceKlass org/springframework/boot/StartupInfoLogger$$Lambda$177
instanceKlass org/springframework/boot/StartupInfoLogger$$Lambda$176
instanceKlass java/util/concurrent/Callable
instanceKlass org/springframework/boot/StartupInfoLogger$$Lambda$175
instanceKlass com/fasterxml/jackson/core/async/ByteArrayFeeder
instanceKlass com/fasterxml/jackson/core/async/NonBlockingInputFeeder
instanceKlass org/springframework/boot/StartupInfoLogger
instanceKlass org/springframework/boot/SpringApplicationRunListeners$$Lambda$174
instanceKlass org/springframework/boot/autoconfigure/condition/ConditionEvaluationReport$AncestorsMatchedCondition
instanceKlass org/springframework/context/annotation/Condition
instanceKlass org/springframework/boot/autoconfigure/condition/ConditionEvaluationReport
instanceKlass org/springframework/boot/autoconfigure/logging/ConditionEvaluationReportLoggingListener$ConditionEvaluationReportListener
instanceKlass com/fasterxml/jackson/core/TSFBuilder
instanceKlass com/fasterxml/jackson/core/SerializableString
instanceKlass org/springframework/boot/rsocket/context/RSocketPortInfoApplicationContextInitializer$Listener
instanceKlass org/springframework/boot/context/ConfigurationWarningsApplicationContextInitializer$ComponentScanPackageCheck
instanceKlass org/springframework/boot/context/ConfigurationWarningsApplicationContextInitializer$Check
instanceKlass org/springframework/boot/context/ConfigurationWarningsApplicationContextInitializer$ConfigurationWarningsPostProcessor
instanceKlass com/fasterxml/jackson/databind/introspect/AccessorNamingStrategy
instanceKlass org/springframework/beans/factory/support/DefaultListableBeanFactory$$Lambda$173
instanceKlass org/springframework/beans/factory/support/DefaultListableBeanFactory$$Lambda$172
instanceKlass com/fasterxml/jackson/core/Base64Variant
instanceKlass org/springframework/boot/context/ContextIdApplicationContextInitializer$ContextId
instanceKlass com/fasterxml/jackson/core/Base64Variants
instanceKlass org/springframework/boot/autoconfigure/SharedMetadataReaderFactoryContextInitializer$CachingMetadataReaderFactoryPostProcessor
instanceKlass org/springframework/context/index/CandidateComponentsIndexLoader$$Lambda$171
instanceKlass org/springframework/context/index/CandidateComponentsIndex
instanceKlass org/springframework/context/index/CandidateComponentsIndexLoader
instanceKlass com/fasterxml/jackson/databind/type/TypeBindings
instanceKlass org/springframework/core/io/DefaultResourceLoader$$Lambda$170
instanceKlass com/fasterxml/jackson/databind/type/TypeParser
instanceKlass org/springframework/core/type/classreading/MetadataReader
instanceKlass org/springframework/core/type/classreading/SimpleMetadataReaderFactory
instanceKlass org/springframework/core/io/support/ResourcePatternUtils
instanceKlass javax/annotation/ManagedBean
instanceKlass com/fasterxml/jackson/databind/type/TypeFactory
instanceKlass java/lang/Package$1
instanceKlass com/fasterxml/jackson/databind/cfg/BaseSettings
instanceKlass com/fasterxml/jackson/databind/util/LRUMap
instanceKlass com/fasterxml/jackson/databind/util/LookupCache
instanceKlass org/springframework/stereotype/Indexed
instanceKlass java/beans/ConstructorProperties
instanceKlass java/beans/Transient
instanceKlass com/fasterxml/jackson/databind/util/ClassUtil$Ctor
instanceKlass org/springframework/stereotype/Component
instanceKlass org/springframework/core/type/filter/AbstractTypeHierarchyTraversingFilter
instanceKlass org/springframework/core/type/filter/TypeFilter
instanceKlass com/fasterxml/jackson/databind/util/ClassUtil
instanceKlass org/springframework/beans/factory/support/BeanDefinitionDefaults
instanceKlass com/fasterxml/jackson/databind/ext/Java7Support
instanceKlass com/fasterxml/jackson/annotation/JsonMerge
instanceKlass com/fasterxml/jackson/databind/annotation/JsonDeserialize
instanceKlass com/fasterxml/jackson/annotation/JsonManagedReference
instanceKlass org/springframework/core/type/classreading/MetadataReaderFactory
instanceKlass com/fasterxml/jackson/annotation/JsonBackReference
instanceKlass com/fasterxml/jackson/annotation/JsonUnwrapped
instanceKlass org/springframework/context/annotation/ClassPathScanningCandidateComponentProvider
instanceKlass com/fasterxml/jackson/annotation/JsonRawValue
instanceKlass com/fasterxml/jackson/annotation/JsonTypeInfo
instanceKlass com/fasterxml/jackson/annotation/JsonFormat
instanceKlass com/fasterxml/jackson/annotation/JsonView
instanceKlass org/springframework/context/event/DefaultEventListenerFactory
instanceKlass org/springframework/context/event/EventListenerFactory
instanceKlass com/fasterxml/jackson/databind/annotation/JsonSerialize
instanceKlass org/springframework/context/event/EventListenerMethodProcessor
instanceKlass org/springframework/beans/factory/SmartInitializingSingleton
instanceKlass org/springframework/beans/factory/annotation/InitDestroyAnnotationBeanPostProcessor
instanceKlass org/springframework/beans/factory/config/DestructionAwareBeanPostProcessor
instanceKlass com/fasterxml/jackson/databind/introspect/ConcreteBeanPropertyBase
instanceKlass org/springframework/beans/factory/annotation/AutowiredAnnotationBeanPostProcessor
instanceKlass com/fasterxml/jackson/databind/BeanProperty
instanceKlass org/springframework/beans/factory/support/MergedBeanDefinitionPostProcessor
instanceKlass org/springframework/beans/factory/config/SmartInstantiationAwareBeanPostProcessor
instanceKlass org/springframework/beans/factory/config/InstantiationAwareBeanPostProcessor
instanceKlass org/springframework/beans/factory/config/BeanDefinitionHolder
instanceKlass com/fasterxml/jackson/databind/introspect/BeanPropertyDefinition
instanceKlass com/fasterxml/jackson/databind/util/Named
instanceKlass org/springframework/beans/factory/support/DefaultListableBeanFactory$$Lambda$169
instanceKlass org/springframework/beans/factory/support/DefaultListableBeanFactory$$Lambda$168
instanceKlass org/springframework/beans/factory/support/MethodOverrides
instanceKlass org/springframework/context/annotation/ConfigurationClassPostProcessor
instanceKlass org/springframework/context/EnvironmentAware
instanceKlass org/springframework/context/ApplicationStartupAware
instanceKlass org/springframework/context/ResourceLoaderAware
instanceKlass com/fasterxml/jackson/databind/introspect/TypeResolutionContext
instanceKlass org/springframework/beans/factory/support/BeanDefinitionRegistryPostProcessor
instanceKlass com/fasterxml/jackson/databind/introspect/Annotated
instanceKlass org/springframework/beans/factory/annotation/Qualifier
instanceKlass org/springframework/beans/factory/annotation/Value
instanceKlass com/fasterxml/jackson/databind/jsontype/TypeResolverBuilder
instanceKlass org/springframework/aop/TargetSource
instanceKlass javax/annotation/Resource
instanceKlass org/springframework/context/annotation/AnnotationConfigUtils
instanceKlass org/springframework/context/annotation/ConditionEvaluator$ConditionContextImpl
instanceKlass org/springframework/context/annotation/ConditionContext
instanceKlass org/springframework/context/annotation/ConditionEvaluator
instanceKlass com/fasterxml/jackson/core/type/ResolvedType
instanceKlass org/springframework/context/annotation/Scope
instanceKlass org/springframework/context/annotation/AnnotationScopeMetadataResolver
instanceKlass org/springframework/context/annotation/AnnotationBeanNameGenerator
instanceKlass org/springframework/beans/factory/annotation/AnnotatedBeanDefinition
instanceKlass com/fasterxml/jackson/core/JsonParser
instanceKlass org/springframework/core/type/AnnotatedTypeMetadata
instanceKlass org/springframework/context/annotation/ScopeMetadataResolver
instanceKlass org/springframework/context/annotation/AnnotatedBeanDefinitionReader
instanceKlass com/fasterxml/jackson/databind/Module$SetupContext
instanceKlass org/springframework/beans/factory/support/SimpleAutowireCandidateResolver
instanceKlass org/springframework/beans/factory/support/SimpleInstantiationStrategy
instanceKlass com/fasterxml/jackson/databind/JsonSerializable$Base
instanceKlass com/fasterxml/jackson/databind/JsonSerializable
instanceKlass org/springframework/beans/factory/BeanNameAware
instanceKlass com/fasterxml/jackson/core/TreeNode
instanceKlass com/fasterxml/jackson/databind/introspect/VisibilityChecker
instanceKlass org/springframework/core/OrderComparator$OrderSourceProvider
instanceKlass com/fasterxml/jackson/databind/introspect/ClassIntrospector
instanceKlass com/fasterxml/jackson/databind/jsontype/PolymorphicTypeValidator
instanceKlass org/springframework/beans/factory/ObjectProvider
instanceKlass org/springframework/beans/factory/ObjectFactory
instanceKlass com/fasterxml/jackson/databind/introspect/AccessorNamingStrategy$Provider
instanceKlass org/springframework/beans/factory/support/AutowireCandidateResolver
instanceKlass com/fasterxml/jackson/databind/AnnotationIntrospector
instanceKlass org/springframework/core/AttributeAccessorSupport
instanceKlass com/fasterxml/jackson/databind/ser/SerializerFactory
instanceKlass org/springframework/beans/factory/InjectionPoint
instanceKlass org/springframework/beans/PropertyValues
instanceKlass org/springframework/beans/BeanWrapper
instanceKlass org/springframework/beans/ConfigurablePropertyAccessor
instanceKlass org/springframework/beans/PropertyAccessor
instanceKlass org/springframework/util/ReflectionUtils$MethodCallback
instanceKlass org/springframework/beans/factory/support/InstantiationStrategy
instanceKlass org/springframework/beans/factory/DisposableBean
instanceKlass com/fasterxml/jackson/databind/deser/DeserializerFactory
instanceKlass com/fasterxml/jackson/databind/DatabindContext
instanceKlass com/fasterxml/jackson/databind/jsontype/SubtypeResolver
instanceKlass org/springframework/core/SimpleAliasRegistry
instanceKlass com/fasterxml/jackson/core/TokenStreamFactory
instanceKlass com/fasterxml/jackson/databind/cfg/HandlerInstantiator
instanceKlass com/fasterxml/jackson/databind/Module
instanceKlass org/springframework/http/converter/json/Jackson2ObjectMapperBuilder
instanceKlass com/fasterxml/jackson/core/PrettyPrinter
instanceKlass org/springframework/beans/factory/config/Scope
instanceKlass com/fasterxml/jackson/core/util/DefaultPrettyPrinter$Indenter
instanceKlass org/springframework/http/converter/GenericHttpMessageConverter
instanceKlass org/springframework/beans/factory/config/BeanDefinition
instanceKlass org/springframework/beans/BeanMetadataElement
instanceKlass org/springframework/core/AttributeAccessor
instanceKlass org/springframework/beans/factory/config/ConfigurableListableBeanFactory
instanceKlass org/springframework/beans/factory/config/ConfigurableBeanFactory
instanceKlass org/springframework/beans/factory/config/SingletonBeanRegistry
instanceKlass org/springframework/context/LifecycleProcessor
instanceKlass org/springframework/http/converter/xml/Jaxb2RootElementHttpMessageConverter$$Lambda$167
instanceKlass org/springframework/core/SmartClassLoader
instanceKlass org/springframework/beans/factory/config/BeanPostProcessor
instanceKlass org/springframework/beans/PropertyEditorRegistrar
instanceKlass org/springframework/beans/factory/config/BeanExpressionResolver
instanceKlass org/springframework/beans/factory/config/AutowireCapableBeanFactory
instanceKlass com/sun/org/apache/xalan/internal/utils/XMLSecurityManager
instanceKlass com/sun/org/apache/xalan/internal/utils/SecuritySupport$9
instanceKlass com/sun/org/apache/xalan/internal/utils/SecuritySupport$4
instanceKlass com/sun/org/apache/xalan/internal/utils/SecuritySupport
instanceKlass com/sun/org/apache/xalan/internal/utils/FeaturePropertyBase
instanceKlass javax/xml/transform/ErrorListener
instanceKlass com/sun/org/apache/xalan/internal/xsltc/compiler/SourceLoader
instanceKlass javax/xml/transform/SecuritySupport$1
instanceKlass javax/xml/transform/FactoryFinder$1
instanceKlass javax/xml/transform/SecuritySupport$5
instanceKlass javax/xml/transform/SecuritySupport$2
instanceKlass javax/xml/transform/SecuritySupport
instanceKlass javax/xml/transform/FactoryFinder
instanceKlass javax/xml/transform/TransformerFactory
instanceKlass javax/xml/transform/stream/StreamSource
instanceKlass javax/xml/transform/stax/StAXSource
instanceKlass javax/xml/transform/sax/SAXSource
instanceKlass javax/xml/transform/dom/DOMSource
instanceKlass org/springframework/http/converter/xml/SourceHttpMessageConverter$$Lambda$166
instanceKlass javax/xml/stream/XMLResolver
instanceKlass org/springframework/ui/context/ThemeSource
instanceKlass java/lang/invoke/LambdaForm$DMH
instanceKlass org/springframework/http/converter/xml/SourceHttpMessageConverter$$Lambda$165
instanceKlass org/xml/sax/EntityResolver
instanceKlass java/lang/invoke/LambdaForm$DMH
instanceKlass org/springframework/boot/web/context/ConfigurableWebServerApplicationContext
instanceKlass sun/invoke/util/VerifyAccess$1
instanceKlass org/w3c/dom/Node
instanceKlass org/springframework/boot/web/context/WebServerApplicationContext
instanceKlass javax/xml/transform/Source
instanceKlass javax/xml/transform/Result
instanceKlass org/springframework/context/annotation/AnnotationConfigRegistry
instanceKlass org/springframework/boot/web/servlet/context/AnnotationConfigServletWebServerApplicationContext$Factory
instanceKlass org/springframework/boot/web/reactive/context/AnnotationConfigReactiveWebServerApplicationContext$Factory
instanceKlass org/springframework/boot/SpringApplicationBannerPrinter$PrintedBanner
instanceKlass org/apache/commons/logging/impl/NoOpLog
instanceKlass java/io/Console$2
instanceKlass sun/misc/JavaIOAccess
instanceKlass java/io/Console$1
instanceKlass java/io/Console
instanceKlass org/springframework/core/log/CompositeLog
instanceKlass org/springframework/boot/SpringBootVersion
instanceKlass org/springframework/core/log/LogDelegateFactory
instanceKlass org/springframework/http/HttpLogging
instanceKlass org/springframework/http/converter/AbstractHttpMessageConverter
instanceKlass org/springframework/core/io/ContextResource
instanceKlass org/springframework/boot/SpringApplicationBannerPrinter$Banners
instanceKlass com/google/gson/Gson
instanceKlass org/springframework/boot/SpringBootBanner
instanceKlass org/springframework/boot/SpringApplicationBannerPrinter
instanceKlass org/springframework/boot/EnvironmentConverter
instanceKlass com/fasterxml/jackson/core/JsonGenerator
instanceKlass com/fasterxml/jackson/core/TreeCodec
instanceKlass com/fasterxml/jackson/core/Versioned
instanceKlass org/springframework/boot/context/properties/bind/JavaBeanBinder$BeanProperty$$Lambda$164
instanceKlass javax/xml/bind/Binder
instanceKlass org/springframework/util/MimeType$SpecificityComparator
instanceKlass org/springframework/boot/context/properties/bind/JavaBeanBinder$Bean$$Lambda$163
instanceKlass org/springframework/boot/context/properties/bind/JavaBeanBinder$BeanSupplier
instanceKlass org/springframework/http/MediaType$$Lambda$162
instanceKlass org/springframework/boot/context/properties/bind/JavaBeanBinder$Bean$$Lambda$161
instanceKlass org/springframework/util/MimeType$$Lambda$160
instanceKlass org/springframework/boot/context/properties/bind/JavaBeanBinder$Bean$$Lambda$159
instanceKlass com/sun/beans/WeakCache
instanceKlass java/beans/Introspector
instanceKlass org/springframework/util/LinkedCaseInsensitiveMap
instanceKlass org/springframework/boot/context/properties/bind/JavaBeanBinder$Bean$$Lambda$158
instanceKlass org/springframework/boot/context/properties/bind/JavaBeanBinder$Bean$$Lambda$157
instanceKlass org/springframework/boot/context/properties/bind/JavaBeanBinder$BeanProperty
instanceKlass org/springframework/boot/context/properties/bind/JavaBeanBinder$Bean$$Lambda$156
instanceKlass org/springframework/boot/context/properties/bind/JavaBeanBinder$Bean$$Lambda$155
instanceKlass org/springframework/util/MimeType
instanceKlass org/springframework/boot/SpringBootExceptionHandler
instanceKlass org/springframework/beans/factory/support/BeanNameGenerator
instanceKlass org/springframework/boot/BeanDefinitionLoader
instanceKlass org/springframework/beans/factory/support/BeanDefinitionRegistry
instanceKlass org/springframework/core/AliasRegistry
instanceKlass org/springframework/http/HttpOutputMessage
instanceKlass org/springframework/http/HttpMessage
instanceKlass org/springframework/boot/ApplicationRunner
instanceKlass org/springframework/boot/CommandLineRunner
instanceKlass org/springframework/boot/Banner
instanceKlass org/springframework/http/converter/FormHttpMessageConverter
instanceKlass org/springframework/boot/ExitCodeGenerator
instanceKlass org/springframework/http/converter/HttpMessageConverter
instanceKlass org/springframework/boot/context/properties/bind/JavaBeanBinder$Bean$$Lambda$154
instanceKlass org/springframework/boot/context/properties/bind/JavaBeanBinder$Bean$$Lambda$153
instanceKlass java/lang/invoke/LambdaForm$BMH
instanceKlass java/lang/invoke/LambdaForm$BMH
instanceKlass java/lang/invoke/LambdaForm$MH
instanceKlass org/springframework/boot/autoconfigure/BackgroundPreinitializer$MessageConverterInitializer
instanceKlass java/lang/invoke/LambdaForm$MH
instanceKlass java/lang/invoke/LambdaForm$BMH
instanceKlass java/lang/invoke/LambdaForm$BMH
instanceKlass java/lang/invoke/LambdaForm$BMH
instanceKlass java/lang/invoke/LambdaForm$BMH
instanceKlass javax/validation/spi/ValidationProvider
instanceKlass java/lang/invoke/LambdaForm$BMH
instanceKlass javax/validation/Validation$GetValidationProviderListAction
instanceKlass sun/invoke/util/ValueConversions$WrapperCache
instanceKlass javax/validation/Validation$DefaultValidationProviderResolver
instanceKlass java/lang/invoke/LambdaForm$MH
instanceKlass java/lang/invoke/LambdaForm$DMH
instanceKlass java/lang/invoke/LambdaForm$DMH
instanceKlass javax/validation/ValidationProviderResolver
instanceKlass java/lang/invoke/MethodHandleImpl$BindCaller$T
instanceKlass java/lang/invoke/LambdaForm$BMH
instanceKlass java/lang/invoke/LambdaForm$MH
instanceKlass java/lang/invoke/LambdaForm$DMH
instanceKlass java/lang/invoke/LambdaForm$DMH
instanceKlass java/lang/invoke/LambdaForm$MH
instanceKlass java/lang/invoke/LambdaForm$DMH
instanceKlass javax/validation/Validation$GenericBootstrapImpl
instanceKlass javax/validation/spi/BootstrapState
instanceKlass java/lang/invoke/LambdaForm$DMH
instanceKlass java/lang/invoke/MethodHandleImpl$ArrayAccessor
instanceKlass javax/validation/bootstrap/GenericBootstrap
instanceKlass java/lang/invoke/LambdaForm$BMH
instanceKlass javax/validation/bootstrap/ProviderSpecificBootstrap
instanceKlass javax/validation/Validation
instanceKlass org/springframework/boot/autoconfigure/BackgroundPreinitializer$ValidationInitializer
instanceKlass java/lang/invoke/MethodHandleImpl$BindCaller$T
instanceKlass java/lang/invoke/MethodHandleImpl$BindCaller$2
instanceKlass java/lang/invoke/MethodHandleImpl$BindCaller
instanceKlass org/springframework/boot/autoconfigure/BackgroundPreinitializer$ConversionServiceInitializer
instanceKlass org/springframework/boot/context/properties/bind/Bindable$$Lambda$152
instanceKlass org/springframework/boot/context/properties/bind/Bindable$$Lambda$151
instanceKlass org/springframework/boot/autoconfigure/BackgroundPreinitializer$1
instanceKlass org/springframework/boot/logging/logback/LogbackLoggingSystem$$Lambda$150
instanceKlass org/springframework/boot/context/logging/LoggingApplicationListener$$Lambda$149
instanceKlass org/springframework/boot/context/logging/LoggingApplicationListener$$Lambda$148
instanceKlass java/util/RegularEnumSet$EnumSetIterator
instanceKlass java/util/stream/Sink$ChainedInt
instanceKlass org/springframework/boot/convert/LenientObjectToEnumConverterFactory$LenientToEnumConverter$$Lambda$147
instanceKlass org/springframework/boot/convert/LenientObjectToEnumConverterFactory$LenientToEnumConverter$$Lambda$146
instanceKlass java/util/function/IntUnaryOperator
instanceKlass org/springframework/boot/convert/LenientObjectToEnumConverterFactory$LenientToEnumConverter$$Lambda$145
instanceKlass org/springframework/boot/context/properties/bind/MapBinder$EntryBinder$$Lambda$144
instanceKlass org/springframework/boot/convert/LenientObjectToEnumConverterFactory$LenientToEnumConverter
instanceKlass org/springframework/boot/convert/LenientObjectToEnumConverterFactory$$Lambda$143
instanceKlass org/springframework/boot/context/properties/bind/PropertySourcesPlaceholdersResolver$$Lambda$142
instanceKlass java/lang/invoke/LambdaForm$DMH
instanceKlass org/springframework/boot/context/logging/LoggingApplicationListener$$Lambda$141
instanceKlass org/springframework/boot/context/logging/LoggingApplicationListener$$Lambda$140
instanceKlass java/lang/invoke/LambdaForm$DMH
instanceKlass ch/qos/logback/classic/pattern/TargetLengthBasedClassNameAbbreviator
instanceKlass ch/qos/logback/core/pattern/ConverterUtil
instanceKlass ch/qos/logback/classic/pattern/Abbreviator
instanceKlass ch/qos/logback/core/pattern/FormatInfo
instanceKlass ch/qos/logback/core/pattern/util/AsIsEscapeUtil
instanceKlass ch/qos/logback/core/pattern/parser/OptionTokenizer
instanceKlass ch/qos/logback/core/pattern/parser/TokenStream$1
instanceKlass ch/qos/logback/core/pattern/util/RestrictedEscapeUtil
instanceKlass ch/qos/logback/core/pattern/parser/TokenStream
instanceKlass ch/qos/logback/core/pattern/util/RegularEscapeUtil
instanceKlass ch/qos/logback/classic/pattern/EnsureExceptionHandling
instanceKlass ch/qos/logback/core/pattern/parser/Token
instanceKlass ch/qos/logback/core/pattern/parser/Node
instanceKlass ch/qos/logback/core/pattern/util/IEscapeUtil
instanceKlass ch/qos/logback/core/pattern/PostCompileProcessor
instanceKlass ch/qos/logback/classic/jul/JULHelper
instanceKlass java/util/Vector$Itr
instanceKlass ch/qos/logback/core/subst/NodeToStringTransformer$1
instanceKlass ch/qos/logback/core/CoreConstants
instanceKlass ch/qos/logback/core/subst/Node
instanceKlass ch/qos/logback/core/subst/Parser$1
instanceKlass ch/qos/logback/core/subst/Parser
instanceKlass ch/qos/logback/core/subst/Token
instanceKlass ch/qos/logback/core/subst/Tokenizer$1
instanceKlass ch/qos/logback/core/subst/Tokenizer
instanceKlass ch/qos/logback/core/subst/NodeToStringTransformer
instanceKlass ch/qos/logback/core/rolling/RollingPolicy
instanceKlass org/springframework/boot/logging/logback/DefaultLogbackConfiguration
instanceKlass org/springframework/boot/logging/logback/LogbackLoggingSystem$$Lambda$139
instanceKlass java/lang/invoke/LambdaForm$DMH
instanceKlass ch/qos/logback/core/LifeCycleManager
instanceKlass org/springframework/boot/logging/LoggingInitializationContext
instanceKlass org/springframework/boot/logging/LoggerGroup
instanceKlass org/springframework/boot/logging/LoggerGroups$$Lambda$138
instanceKlass org/springframework/boot/logging/LoggerGroups
instanceKlass org/springframework/boot/logging/LogFile
instanceKlass java/util/ArrayList$SubList$1
instanceKlass java/net/InetAddress$CacheEntry
instanceKlass java/util/LinkedList$ListItr
instanceKlass sun/net/InetAddressCachePolicy$2
instanceKlass sun/net/InetAddressCachePolicy$1
instanceKlass sun/net/InetAddressCachePolicy
instanceKlass java/net/Inet4AddressImpl
instanceKlass java/net/Inet6Address$Inet6AddressHolder
instanceKlass java/net/InetAddress$2
instanceKlass sun/net/spi/nameservice/NameService
instanceKlass java/net/Inet6AddressImpl
instanceKlass java/net/InetAddressImpl
instanceKlass java/net/InetAddressImplFactory
instanceKlass java/net/InetAddress$Cache
instanceKlass java/net/InetAddress$InetAddressHolder
instanceKlass java/net/InetAddress$1
instanceKlass sun/management/RuntimeImpl
instanceKlass java/lang/management/RuntimeMXBean
instanceKlass java/lang/management/PlatformManagedObject
instanceKlass sun/management/VMManagementImpl
instanceKlass sun/management/VMManagement
instanceKlass sun/management/ManagementFactoryHelper$4
instanceKlass sun/management/ManagementFactoryHelper
instanceKlass java/lang/management/ManagementFactory
instanceKlass org/springframework/boot/system/ApplicationPid
instanceKlass org/springframework/boot/logging/LoggingSystemProperties$$Lambda$137
instanceKlass java/lang/invoke/LambdaForm$DMH
instanceKlass org/springframework/boot/ansi/AnsiElement
instanceKlass org/springframework/boot/context/config/AnsiOutputApplicationListener$$Lambda$136
instanceKlass java/lang/invoke/LambdaForm$DMH
instanceKlass org/springframework/boot/ansi/AnsiOutput
instanceKlass org/springframework/boot/context/config/InvalidConfigDataPropertyException$$Lambda$135
instanceKlass org/springframework/boot/context/config/InvalidConfigDataPropertyException$$Lambda$134
instanceKlass java/lang/invoke/LambdaForm$BMH
instanceKlass org/springframework/boot/context/config/ConfigDataEnvironmentContributor$$Lambda$133
instanceKlass org/springframework/boot/context/config/ConfigDataLocationResolvers$$Lambda$132
instanceKlass org/springframework/boot/context/config/Profiles$$Lambda$131
instanceKlass org/springframework/boot/context/config/Profiles$$Lambda$130
instanceKlass java/lang/invoke/LambdaForm$DMH
instanceKlass java/util/stream/ForEachOps$ForEachOp
instanceKlass java/util/stream/ForEachOps
instanceKlass org/springframework/boot/convert/DelimitedStringToCollectionConverter$$Lambda$129
instanceKlass org/springframework/boot/convert/DelimitedStringToCollectionConverter$$Lambda$128
instanceKlass org/springframework/boot/convert/DelimitedStringToCollectionConverter$$Lambda$127
instanceKlass org/springframework/boot/convert/Delimiter
instanceKlass org/springframework/core/convert/support/ConversionUtils
instanceKlass org/springframework/util/AntPathMatcher$PathSeparatorPatternCache
instanceKlass org/springframework/util/AntPathMatcher
instanceKlass org/springframework/util/PathMatcher
instanceKlass org/springframework/core/io/support/PathMatchingResourcePatternResolver
instanceKlass org/xml/sax/InputSource
instanceKlass java/util/concurrent/ConcurrentLinkedDeque$AbstractItr
instanceKlass org/springframework/core/convert/support/GenericConversionService$ConverterCacheKey
instanceKlass org/springframework/boot/context/config/ConfigDataEnvironmentContributorPlaceholdersResolver$$Lambda$126
instanceKlass org/springframework/util/PropertyPlaceholderHelper$PlaceholderResolver
instanceKlass org/springframework/boot/context/properties/source/ConfigurationProperty
instanceKlass org/springframework/boot/origin/PropertySourceOrigin
instanceKlass org/springframework/boot/context/config/Profiles$Type$$Lambda$125
instanceKlass org/springframework/boot/context/config/Profiles$Type$$Lambda$124
instanceKlass java/lang/invoke/LambdaForm$DMH
instanceKlass org/springframework/boot/context/config/Profiles$$Lambda$123
instanceKlass org/springframework/boot/context/properties/bind/MapBinder$EntryBinder
instanceKlass org/springframework/boot/context/properties/bind/MapBinder$$Lambda$122
instanceKlass org/springframework/boot/context/config/ConfigDataEnvironment$$Lambda$121
instanceKlass java/lang/invoke/LambdaForm$DMH
instanceKlass org/springframework/boot/context/properties/bind/CollectionBinder$$Lambda$120
instanceKlass org/springframework/boot/context/config/Profiles
instanceKlass org/springframework/boot/context/config/ConfigDataEnvironment$$Lambda$119
instanceKlass java/util/stream/MatchOps$$Lambda$118
instanceKlass org/springframework/boot/cloud/CloudPlatform$6$$Lambda$117
instanceKlass org/springframework/boot/context/config/ConfigDataEnvironmentContributors$$Lambda$116
instanceKlass org/springframework/boot/context/config/ConfigDataEnvironmentContributors$$Lambda$115
instanceKlass java/util/Spliterators$IteratorSpliterator
instanceKlass java/util/function/Predicate$$Lambda$114
instanceKlass java/lang/invoke/LambdaForm$MH
instanceKlass java/lang/invoke/LambdaForm$DMH
instanceKlass java/lang/invoke/LambdaForm$DMH
instanceKlass org/springframework/boot/context/config/ConfigDataEnvironmentContributors$$Lambda$113
instanceKlass java/lang/invoke/LambdaForm$DMH
instanceKlass org/springframework/boot/context/config/ConfigDataEnvironmentContributors$InactiveSourceChecker
instanceKlass java/lang/invoke/LambdaForm$MH
instanceKlass java/lang/invoke/LambdaForm$DMH
instanceKlass java/lang/invoke/LambdaForm$DMH
instanceKlass org/springframework/boot/context/config/ConfigDataEnvironmentContributors$$Lambda$112
instanceKlass java/lang/invoke/LambdaForm$DMH
instanceKlass org/springframework/boot/context/properties/bind/DefaultValue
instanceKlass org/springframework/boot/context/properties/bind/DataObjectPropertyName
instanceKlass org/springframework/boot/context/properties/bind/ValueObjectBinder$ConstructorParameter
instanceKlass org/springframework/core/SerializableTypeWrapper$MethodInvokeTypeProvider
instanceKlass java/lang/reflect/Proxy$1
instanceKlass java/lang/reflect/Proxy$KeyX
instanceKlass org/springframework/core/SerializableTypeWrapper$TypeProxyInvocationHandler
instanceKlass sun/reflect/generics/tree/MethodTypeSignature
instanceKlass sun/reflect/generics/tree/VoidDescriptor
instanceKlass org/springframework/core/SerializableTypeWrapper$MethodParameterTypeProvider
instanceKlass java/lang/invoke/LambdaForm$MH
instanceKlass java/lang/invoke/LambdaForm$DMH
instanceKlass org/springframework/core/MethodParameter$$Lambda$111
instanceKlass java/lang/invoke/LambdaForm$DMH
instanceKlass org/springframework/core/MethodParameter
instanceKlass org/springframework/boot/context/properties/bind/Name
instanceKlass org/springframework/boot/context/properties/bind/ValueObjectBinder$DefaultValueObject$$Lambda$110
instanceKlass org/springframework/boot/context/config/ConfigDataProperties$Activate
instanceKlass org/springframework/boot/context/properties/bind/AbstractBindHandler
instanceKlass org/springframework/boot/context/config/ConfigDataProperties$LegacyProfilesBindHandler
instanceKlass org/springframework/boot/context/config/ConfigDataEnvironmentContributorPlaceholdersResolver
instanceKlass org/springframework/beans/factory/config/YamlProcessor$$Lambda$109
instanceKlass java/lang/invoke/LambdaForm$DMH
instanceKlass java/util/Map$Entry$$Lambda$108
instanceKlass org/springframework/core/SortedProperties$$Lambda$107
instanceKlass org/springframework/core/CollectionFactory
instanceKlass org/springframework/beans/factory/config/YamlProcessor$$Lambda$106
instanceKlass org/springframework/boot/origin/OriginTrackedValue
instanceKlass org/springframework/boot/origin/TextResourceOrigin
instanceKlass org/springframework/boot/origin/TextResourceOrigin$Location
instanceKlass java/util/TreeMap$NavigableSubMap$SubMapIterator
instanceKlass java/util/Collections$ReverseComparator
instanceKlass org/springframework/boot/env/OriginTrackedYamlLoader$OriginTrackingConstructor$$Lambda$105
instanceKlass org/yaml/snakeyaml/parser/ParserImpl$ParseDocumentStart
instanceKlass org/yaml/snakeyaml/nodes/NodeTuple
instanceKlass org/yaml/snakeyaml/events/ImplicitTuple
instanceKlass org/yaml/snakeyaml/parser/ParserImpl$ParseBlockMappingValue
instanceKlass org/yaml/snakeyaml/parser/ParserImpl$ParseBlockMappingKey
instanceKlass org/yaml/snakeyaml/resolver/Resolver$1
instanceKlass org/yaml/snakeyaml/parser/ParserImpl$ParseBlockMappingFirstKey
instanceKlass org/yaml/snakeyaml/parser/ParserImpl$ParseBlockNode
instanceKlass org/yaml/snakeyaml/parser/ParserImpl$ParseDocumentEnd
instanceKlass org/yaml/snakeyaml/scanner/SimpleKey
instanceKlass org/yaml/snakeyaml/scanner/Constant
instanceKlass org/yaml/snakeyaml/parser/ParserImpl$ParseImplicitDocumentStart
instanceKlass org/yaml/snakeyaml/Yaml$YamlIterable
instanceKlass org/yaml/snakeyaml/Yaml$1
instanceKlass org/yaml/snakeyaml/comments/CommentEventsCollector
instanceKlass org/yaml/snakeyaml/parser/ParserImpl$ParseStreamStart
instanceKlass org/yaml/snakeyaml/parser/VersionTagsTuple
instanceKlass org/yaml/snakeyaml/error/Mark
instanceKlass org/yaml/snakeyaml/util/ArrayStack
instanceKlass org/yaml/snakeyaml/tokens/Token
instanceKlass org/yaml/snakeyaml/scanner/ScannerImpl
instanceKlass org/yaml/snakeyaml/reader/StreamReader
instanceKlass org/yaml/snakeyaml/events/Event
instanceKlass org/yaml/snakeyaml/scanner/Scanner
instanceKlass org/yaml/snakeyaml/parser/Production
instanceKlass org/yaml/snakeyaml/parser/ParserImpl
instanceKlass org/yaml/snakeyaml/composer/Composer
instanceKlass sun/net/DefaultProgressMeteringPolicy
instanceKlass sun/net/ProgressMeteringPolicy
instanceKlass sun/net/ProgressMonitor
instanceKlass org/yaml/snakeyaml/util/PlatformFeatureDetector
instanceKlass java/beans/FeatureDescriptor
instanceKlass org/yaml/snakeyaml/introspector/Property
instanceKlass org/yaml/snakeyaml/introspector/PropertyUtils
instanceKlass org/yaml/snakeyaml/emitter/Emitable
instanceKlass org/yaml/snakeyaml/parser/Parser
instanceKlass org/yaml/snakeyaml/resolver/ResolverTuple
instanceKlass org/yaml/snakeyaml/representer/Representer$RepresentJavaBean
instanceKlass org/yaml/snakeyaml/representer/SafeRepresenter$RepresentEnum
instanceKlass org/yaml/snakeyaml/representer/SafeRepresenter$RepresentDate
instanceKlass org/yaml/snakeyaml/representer/SafeRepresenter$RepresentArray
instanceKlass org/yaml/snakeyaml/representer/SafeRepresenter$RepresentIterator
instanceKlass org/yaml/snakeyaml/representer/SafeRepresenter$RepresentSet
instanceKlass org/yaml/snakeyaml/representer/SafeRepresenter$RepresentMap
instanceKlass org/yaml/snakeyaml/representer/SafeRepresenter$RepresentList
instanceKlass org/yaml/snakeyaml/representer/SafeRepresenter$RepresentNumber
instanceKlass org/yaml/snakeyaml/representer/SafeRepresenter$RepresentPrimitiveArray
instanceKlass org/yaml/snakeyaml/representer/SafeRepresenter$RepresentByteArray
instanceKlass org/yaml/snakeyaml/representer/SafeRepresenter$RepresentUuid
instanceKlass org/yaml/snakeyaml/representer/SafeRepresenter$RepresentBoolean
instanceKlass org/yaml/snakeyaml/representer/SafeRepresenter$RepresentString
instanceKlass org/yaml/snakeyaml/representer/SafeRepresenter$RepresentNull
instanceKlass org/yaml/snakeyaml/serializer/NumberAnchorGenerator
instanceKlass org/yaml/snakeyaml/serializer/AnchorGenerator
instanceKlass org/yaml/snakeyaml/DumperOptions
instanceKlass org/yaml/snakeyaml/representer/Represent
instanceKlass org/yaml/snakeyaml/representer/BaseRepresenter
instanceKlass org/yaml/snakeyaml/constructor/SafeConstructor$ConstructYamlMap
instanceKlass org/yaml/snakeyaml/constructor/SafeConstructor$ConstructYamlSeq
instanceKlass org/yaml/snakeyaml/constructor/SafeConstructor$ConstructYamlSet
instanceKlass java/util/NavigableSet
instanceKlass java/util/SortedSet
instanceKlass org/yaml/snakeyaml/external/com/google/gdata/util/common/base/UnicodeEscaper
instanceKlass org/yaml/snakeyaml/external/com/google/gdata/util/common/base/Escaper
instanceKlass org/yaml/snakeyaml/util/UriEncoder
instanceKlass org/yaml/snakeyaml/nodes/Tag
instanceKlass org/yaml/snakeyaml/TypeDescription
instanceKlass org/yaml/snakeyaml/constructor/AbstractConstruct
instanceKlass org/yaml/snakeyaml/constructor/Construct
instanceKlass org/yaml/snakeyaml/nodes/Node
instanceKlass org/yaml/snakeyaml/LoaderOptions
instanceKlass org/springframework/boot/env/OriginTrackedYamlLoader$$Lambda$104
instanceKlass org/springframework/beans/factory/config/YamlProcessor$MatchCallback
instanceKlass java/lang/invoke/LambdaForm$DMH
instanceKlass org/yaml/snakeyaml/resolver/Resolver
instanceKlass org/yaml/snakeyaml/constructor/BaseConstructor
instanceKlass org/springframework/beans/factory/config/YamlProcessor
instanceKlass org/yaml/snakeyaml/Yaml
instanceKlass java/util/Formattable
instanceKlass java/util/Formatter$Conversion
instanceKlass java/util/Formatter$Flags
instanceKlass java/util/Formatter$FormatSpecifier
instanceKlass java/util/Formatter$FixedString
instanceKlass java/util/Formatter$FormatString
instanceKlass java/util/Formatter
instanceKlass org/springframework/boot/origin/OriginTrackedResource
instanceKlass org/springframework/boot/context/config/ConfigDataEnvironmentContributor$$Lambda$103
instanceKlass org/springframework/boot/context/config/ConfigDataEnvironmentContributors$$Lambda$102
instanceKlass org/springframework/boot/context/config/ConfigDataEnvironmentContributors$$Lambda$101
instanceKlass org/springframework/boot/context/config/ConfigData
instanceKlass org/springframework/boot/context/config/ConfigDataLoaders$$Lambda$100
instanceKlass org/springframework/boot/context/config/ConfigDataLoaders$$Lambda$99
instanceKlass org/springframework/boot/context/config/ConfigDataResolutionResult
instanceKlass java/util/stream/Collectors$$Lambda$98
instanceKlass java/util/stream/Collectors$$Lambda$97
instanceKlass org/springframework/boot/context/config/StandardConfigDataLocationResolver$$Lambda$96
instanceKlass org/springframework/boot/context/config/StandardConfigDataLocationResolver$$Lambda$95
instanceKlass org/springframework/boot/context/config/StandardConfigDataLocationResolver$$Lambda$94
instanceKlass java/lang/invoke/LambdaForm$DMH
instanceKlass org/springframework/boot/context/config/LocationResourceLoader$$Lambda$93
instanceKlass org/springframework/boot/context/config/LocationResourceLoader$$Lambda$92
instanceKlass org/springframework/boot/context/config/LocationResourceLoader$$Lambda$91
instanceKlass org/springframework/boot/context/config/LocationResourceLoader$$Lambda$90
instanceKlass java/nio/channels/WritableByteChannel
instanceKlass org/springframework/core/io/WritableResource
instanceKlass org/springframework/boot/context/config/LocationResourceLoader$$Lambda$89
instanceKlass java/util/ArrayDeque$DeqIterator
instanceKlass org/springframework/boot/context/config/StandardConfigDataReference
instanceKlass java/util/regex/Matcher
instanceKlass java/util/regex/MatchResult
instanceKlass org/springframework/boot/context/config/ConfigDataLocationResolvers$$Lambda$88
instanceKlass org/springframework/boot/context/config/ConfigDataEnvironmentContributors$ContributorDataLoaderContext
instanceKlass org/springframework/boot/context/config/ConfigDataEnvironmentContributors$ContributorConfigDataLocationResolverContext
instanceKlass org/springframework/boot/context/config/ConfigDataEnvironmentContributor$ContributorIterator
instanceKlass org/springframework/boot/DefaultBootstrapContext$$Lambda$87
instanceKlass org/springframework/boot/BootstrapRegistry$InstanceSupplier$1
instanceKlass org/springframework/boot/BootstrapRegistry$InstanceSupplier$$Lambda$86
instanceKlass org/springframework/boot/BootstrapRegistry$InstanceSupplier
instanceKlass java/lang/invoke/LambdaForm$MH
instanceKlass org/springframework/boot/context/config/ConfigDataEnvironment$$Lambda$85
instanceKlass org/springframework/boot/context/config/ConfigDataActivationContext
instanceKlass org/springframework/boot/context/config/ConfigDataImporter
instanceKlass org/springframework/boot/context/config/ConfigDataEnvironmentContributors$$Lambda$84
instanceKlass org/springframework/boot/context/config/ConfigDataLocationResolverContext
instanceKlass org/springframework/boot/context/config/ConfigDataLoaderContext
instanceKlass org/springframework/boot/context/config/ConfigDataEnvironmentContributors
instanceKlass org/springframework/boot/context/config/ConfigDataProperties
instanceKlass org/springframework/boot/context/config/ConfigDataEnvironmentContributor
instanceKlass org/springframework/core/log/LogMessage
instanceKlass org/springframework/boot/context/config/ConfigData$Options
instanceKlass org/springframework/boot/context/config/ConfigData$AlwaysPropertySourceOptions
instanceKlass org/springframework/boot/context/config/ConfigData$PropertySourceOptions
instanceKlass org/springframework/boot/context/config/StandardConfigDataLoader
instanceKlass org/springframework/boot/context/config/ConfigDataResource
instanceKlass org/springframework/boot/context/config/ConfigTreeConfigDataLoader
instanceKlass org/springframework/boot/context/config/ConfigDataLoaders$$Lambda$83
instanceKlass org/springframework/boot/context/config/ConfigDataLoaders$$Lambda$82
instanceKlass org/springframework/boot/context/config/ConfigDataLoader
instanceKlass org/springframework/boot/context/config/ConfigDataLoaders
instanceKlass org/springframework/boot/context/config/ConfigDataEnvironmentUpdateListener$1
instanceKlass org/springframework/boot/context/config/StandardConfigDataLocationResolver$$Lambda$81
instanceKlass java/lang/invoke/LambdaForm$MH
instanceKlass java/lang/invoke/LambdaForm$DMH
instanceKlass java/lang/invoke/LambdaForm$DMH
instanceKlass org/springframework/boot/context/properties/bind/Binder$$Lambda$80
instanceKlass java/lang/invoke/LambdaForm$DMH
instanceKlass java/util/stream/StreamSpliterators$WrappingSpliterator$$Lambda$79
instanceKlass java/util/function/BooleanSupplier
instanceKlass java/util/stream/StreamSpliterators$WrappingSpliterator$$Lambda$78
instanceKlass java/lang/invoke/LambdaForm$DMH
instanceKlass java/util/stream/AbstractSpinedBuffer
instanceKlass java/util/Spliterators$1Adapter
instanceKlass java/util/stream/StreamSpliterators$AbstractWrappingSpliterator
instanceKlass java/util/stream/AbstractPipeline$$Lambda$77
instanceKlass org/springframework/boot/context/properties/source/SpringIterableConfigurationPropertySource$$Lambda$76
instanceKlass org/springframework/boot/context/properties/source/FilteredConfigurationPropertiesSource
instanceKlass org/springframework/boot/context/properties/bind/IndexedElementsBinder$$Lambda$75
instanceKlass org/springframework/boot/context/properties/bind/ArrayBinder$$Lambda$74
instanceKlass org/springframework/boot/context/properties/bind/AggregateBinder$AggregateSupplier
instanceKlass org/springframework/boot/context/properties/bind/Binder$$Lambda$73
instanceKlass org/springframework/boot/context/properties/bind/Binder$$Lambda$72
instanceKlass org/springframework/boot/context/properties/bind/AggregateElementBinder
instanceKlass org/springframework/boot/env/YamlPropertySourceLoader
instanceKlass org/springframework/boot/env/PropertiesPropertySourceLoader
instanceKlass org/springframework/boot/env/PropertySourceLoader
instanceKlass org/springframework/boot/context/config/StandardConfigDataLocationResolver
instanceKlass org/springframework/boot/context/config/LocationResourceLoader$$Lambda$71
instanceKlass java/util/Comparator$$Lambda$70
instanceKlass org/springframework/boot/context/config/LocationResourceLoader$$Lambda$69
instanceKlass org/springframework/boot/context/config/LocationResourceLoader
instanceKlass org/springframework/boot/context/config/ConfigTreeConfigDataLocationResolver
instanceKlass org/springframework/boot/context/config/ConfigDataLocationResolvers$$Lambda$68
instanceKlass org/springframework/boot/context/config/ConfigDataLocationResolvers$$Lambda$67
instanceKlass java/lang/invoke/LambdaForm$DMH
instanceKlass org/springframework/boot/context/config/ConfigDataLocationResolver
instanceKlass org/springframework/boot/context/config/ConfigDataLocationResolvers
instanceKlass org/springframework/boot/context/properties/bind/JavaBeanBinder$Bean
instanceKlass org/springframework/boot/context/properties/bind/ValueObjectBinder$ValueObject
instanceKlass java/lang/invoke/LambdaForm$MH
instanceKlass org/springframework/boot/context/properties/bind/Binder$$Lambda$66
instanceKlass java/lang/invoke/LambdaForm$MH
instanceKlass org/springframework/boot/context/properties/bind/Binder$$Lambda$65
instanceKlass org/springframework/boot/context/properties/bind/DataObjectPropertyBinder
instanceKlass org/springframework/boot/context/properties/bind/BindResult
instanceKlass org/springframework/boot/context/properties/bind/Binder$Context
instanceKlass org/springframework/boot/context/config/UseLegacyConfigProcessingException$UseLegacyProcessingBindHandler
instanceKlass org/springframework/boot/context/properties/bind/JavaBeanBinder
instanceKlass org/springframework/boot/context/properties/bind/ValueObjectBinder
instanceKlass org/springframework/boot/context/properties/bind/DataObjectBinder
instanceKlass org/springframework/boot/context/properties/bind/DefaultBindConstructorProvider
instanceKlass org/springframework/boot/context/properties/bind/BindConstructorProvider
instanceKlass org/springframework/boot/context/properties/bind/BindHandler$1
instanceKlass org/springframework/boot/context/properties/bind/BindHandler
instanceKlass org/springframework/beans/TypeConverterDelegate
instanceKlass org/springframework/beans/PropertyEditorRegistrySupport
instanceKlass org/springframework/beans/PropertyEditorRegistry
instanceKlass org/springframework/beans/TypeConverter
instanceKlass java/beans/PropertyEditorSupport
instanceKlass java/beans/PropertyEditor
instanceKlass org/springframework/boot/context/properties/bind/BindConverter$TypeConverterConverter
instanceKlass org/springframework/boot/context/properties/bind/BindConverter
instanceKlass org/springframework/util/PropertyPlaceholderHelper
instanceKlass org/springframework/boot/context/properties/bind/PropertySourcesPlaceholdersResolver
instanceKlass org/springframework/boot/context/properties/bind/AggregateBinder
instanceKlass org/springframework/boot/context/properties/bind/BindContext
instanceKlass org/springframework/boot/context/properties/bind/Binder
instanceKlass org/springframework/boot/context/config/ConfigDataLocation
instanceKlass org/springframework/boot/context/properties/bind/PlaceholdersResolver
instanceKlass org/springframework/boot/origin/OriginProvider
instanceKlass org/springframework/boot/context/config/ConfigDataEnvironment
instanceKlass org/springframework/boot/context/properties/source/ConfigurationPropertyName$$Lambda$64
instanceKlass org/springframework/boot/context/properties/source/ConfigurationPropertyName$ElementCharPredicate
instanceKlass java/lang/invoke/LambdaForm$DMH
instanceKlass org/springframework/boot/env/SpringApplicationJsonEnvironmentPostProcessor$$Lambda$63
instanceKlass java/lang/invoke/LambdaForm$DMH
instanceKlass java/util/stream/Sink$OfInt
instanceKlass java/util/function/IntConsumer
instanceKlass java/util/Spliterators$IntIteratorSpliterator
instanceKlass java/lang/CharSequence$1CharIterator
instanceKlass java/util/PrimitiveIterator$OfInt
instanceKlass java/util/PrimitiveIterator
instanceKlass java/util/stream/MatchOps$$Lambda$62
instanceKlass java/util/stream/MatchOps$BooleanTerminalSink
instanceKlass java/util/stream/MatchOps$MatchOp
instanceKlass java/util/stream/MatchOps
instanceKlass org/springframework/boot/context/properties/source/SystemEnvironmentPropertyMapper$$Lambda$61
instanceKlass java/util/function/IntPredicate
instanceKlass java/lang/invoke/LambdaForm$DMH
instanceKlass java/util/stream/IntStream
instanceKlass java/lang/CharSequence$$Lambda$60
instanceKlass org/springframework/boot/context/properties/source/SystemEnvironmentPropertyMapper$$Lambda$59
instanceKlass java/util/function/BiPredicate$$Lambda$58
instanceKlass java/lang/invoke/LambdaForm$DMH
instanceKlass org/springframework/boot/context/properties/source/SystemEnvironmentPropertyMapper$$Lambda$57
instanceKlass java/lang/invoke/LambdaForm$DMH
instanceKlass org/springframework/boot/context/properties/source/SpringIterableConfigurationPropertySource$Mappings$$Lambda$56
instanceKlass org/springframework/boot/context/properties/source/SpringIterableConfigurationPropertySource$$Lambda$55
instanceKlass org/springframework/boot/context/properties/source/SpringIterableConfigurationPropertySource$$Lambda$54
instanceKlass java/util/function/UnaryOperator
instanceKlass org/springframework/boot/context/properties/source/SpringIterableConfigurationPropertySource$$Lambda$53
instanceKlass org/springframework/boot/context/properties/source/SpringIterableConfigurationPropertySource$Mappings
instanceKlass org/springframework/boot/context/properties/source/DefaultPropertyMapper$LastMapping
instanceKlass java/time/Clock
instanceKlass org/springframework/boot/context/properties/source/SoftReferenceConfigurationPropertyCache
instanceKlass org/springframework/boot/context/properties/source/ConfigurationPropertyCaching
instanceKlass org/springframework/boot/context/properties/source/SystemEnvironmentPropertyMapper
instanceKlass org/springframework/boot/context/properties/source/PropertyMapper$$Lambda$52
instanceKlass java/util/function/BiPredicate
instanceKlass java/lang/invoke/LambdaForm$DMH
instanceKlass org/springframework/boot/context/properties/source/DefaultPropertyMapper
instanceKlass org/springframework/boot/context/properties/source/PropertyMapper
instanceKlass org/springframework/boot/context/properties/source/CachingConfigurationPropertySource
instanceKlass org/springframework/boot/context/properties/source/IterableConfigurationPropertySource
instanceKlass org/springframework/boot/context/properties/source/SpringConfigurationPropertySource
instanceKlass org/springframework/boot/context/properties/source/SpringConfigurationPropertySources$$Lambda$51
instanceKlass org/springframework/boot/context/properties/source/SpringConfigurationPropertySources$SourcesIterator
instanceKlass java/util/stream/FindOps$$Lambda$50
instanceKlass java/util/stream/FindOps$FindSink
instanceKlass java/util/stream/FindOps$$Lambda$49
instanceKlass java/util/stream/FindOps$FindOp
instanceKlass java/util/stream/FindOps
instanceKlass org/springframework/boot/env/SpringApplicationJsonEnvironmentPostProcessor$$Lambda$48
instanceKlass java/util/function/Predicate
instanceKlass org/springframework/boot/env/SpringApplicationJsonEnvironmentPostProcessor$$Lambda$47
instanceKlass org/springframework/boot/env/SpringApplicationJsonEnvironmentPostProcessor$JsonPropertyValue
instanceKlass java/util/Spliterators$ArraySpliterator
instanceKlass java/util/Spliterator$OfDouble
instanceKlass java/util/Spliterator$OfLong
instanceKlass java/util/Spliterator$OfInt
instanceKlass java/util/Spliterator$OfPrimitive
instanceKlass java/util/Spliterators$EmptySpliterator
instanceKlass java/util/Spliterators
instanceKlass org/springframework/boot/origin/Origin
instanceKlass org/springframework/boot/logging/DeferredLog$Line
instanceKlass java/util/Random
instanceKlass org/springframework/boot/autoconfigure/integration/IntegrationPropertiesEnvironmentPostProcessor
instanceKlass org/springframework/boot/reactor/DebugAgentEnvironmentPostProcessor
instanceKlass org/springframework/boot/env/SystemEnvironmentPropertySourceEnvironmentPostProcessor
instanceKlass org/springframework/boot/env/SpringApplicationJsonEnvironmentPostProcessor
instanceKlass org/springframework/boot/env/RandomValuePropertySourceEnvironmentPostProcessor
instanceKlass org/springframework/boot/context/config/ConfigDataEnvironmentUpdateListener
instanceKlass org/springframework/boot/context/config/ConfigDataEnvironmentPostProcessor
instanceKlass org/springframework/boot/logging/DeferredLog
instanceKlass org/springframework/boot/logging/DeferredLogs$$Lambda$46
instanceKlass java/util/Collections$UnmodifiableMap$UnmodifiableEntrySet$UnmodifiableEntry
instanceKlass java/util/Collections$UnmodifiableMap$UnmodifiableEntrySet$1
instanceKlass org/springframework/boot/cloud/CloudFoundryVcapEnvironmentPostProcessor
instanceKlass org/springframework/boot/util/Instantiator$TypeSupplier$1
instanceKlass org/springframework/boot/util/Instantiator$$Lambda$45
instanceKlass org/springframework/boot/util/Instantiator$$Lambda$44
instanceKlass org/springframework/boot/util/Instantiator$TypeSupplier
instanceKlass org/springframework/boot/env/ReflectionEnvironmentPostProcessorsFactory$$Lambda$43
instanceKlass java/lang/invoke/LambdaForm$DMH
instanceKlass org/springframework/boot/util/Instantiator$1$$Lambda$42
instanceKlass org/springframework/boot/util/Instantiator$1
instanceKlass org/springframework/boot/env/ReflectionEnvironmentPostProcessorsFactory$$Lambda$41
instanceKlass org/springframework/boot/util/Instantiator$AvailableParameters
instanceKlass org/springframework/boot/util/Instantiator$$Lambda$40
instanceKlass org/springframework/boot/util/Instantiator$FailureHandler
instanceKlass java/lang/invoke/LambdaForm$DMH
instanceKlass java/util/Collections$ReverseComparator2
instanceKlass java/util/Comparator$$Lambda$39
instanceKlass java/lang/invoke/LambdaForm$DMH
instanceKlass org/springframework/boot/util/Instantiator$$Lambda$38
instanceKlass java/util/function/ToIntFunction
instanceKlass java/lang/invoke/LambdaForm$DMH
instanceKlass org/springframework/boot/util/Instantiator
instanceKlass org/springframework/boot/env/EnvironmentPostProcessor
instanceKlass org/springframework/boot/env/ReflectionEnvironmentPostProcessorsFactory
instanceKlass org/springframework/boot/SpringApplicationRunListeners$$Lambda$37
instanceKlass java/lang/invoke/LambdaForm$DMH
instanceKlass org/springframework/boot/context/properties/source/ConfigurationPropertySource
instanceKlass org/springframework/boot/context/properties/source/SpringConfigurationPropertySources
instanceKlass java/util/concurrent/CopyOnWriteArrayList$COWIterator
instanceKlass org/springframework/boot/convert/CharSequenceToObjectConverter
instanceKlass org/springframework/boot/convert/LenientObjectToEnumConverterFactory
instanceKlass sun/reflect/generics/tree/ByteSignature
instanceKlass org/springframework/boot/convert/InputStreamSourceToByteArrayConverter
instanceKlass org/springframework/core/io/DefaultResourceLoader
instanceKlass org/springframework/boot/convert/StringToFileConverter
instanceKlass org/springframework/boot/convert/NumberToDataSizeConverter
instanceKlass org/springframework/util/unit/DataSize
instanceKlass org/springframework/boot/convert/StringToDataSizeConverter
instanceKlass org/springframework/boot/convert/NumberToPeriodConverter
instanceKlass org/springframework/boot/convert/PeriodToStringConverter
instanceKlass org/springframework/boot/convert/StringToPeriodConverter
instanceKlass org/springframework/boot/convert/DurationToNumberConverter
instanceKlass org/springframework/boot/convert/NumberToDurationConverter
instanceKlass org/springframework/boot/convert/DurationToStringConverter
instanceKlass org/springframework/boot/convert/StringToDurationConverter
instanceKlass org/springframework/boot/convert/DelimitedStringToCollectionConverter
instanceKlass org/springframework/boot/convert/DelimitedStringToArrayConverter
instanceKlass org/springframework/boot/convert/CollectionToDelimitedStringConverter
instanceKlass org/springframework/boot/convert/ArrayToDelimitedStringConverter
instanceKlass org/springframework/boot/convert/IsoOffsetFormatter
instanceKlass java/net/InetAddress
instanceKlass org/springframework/boot/convert/InetAddressFormatter
instanceKlass org/springframework/format/support/FormattingConversionService$$Lambda$36
instanceKlass sun/reflect/generics/tree/ArrayTypeSignature
instanceKlass sun/reflect/generics/tree/CharSignature
instanceKlass org/springframework/boot/convert/CharArrayFormatter
instanceKlass org/springframework/format/annotation/DateTimeFormat
instanceKlass org/springframework/format/datetime/standard/MonthDayFormatter
instanceKlass java/time/MonthDay
instanceKlass org/springframework/format/datetime/standard/YearMonthFormatter
instanceKlass java/time/YearMonth
instanceKlass org/springframework/format/datetime/standard/MonthFormatter
instanceKlass org/springframework/format/datetime/standard/YearFormatter
instanceKlass java/time/Year
instanceKlass org/springframework/format/datetime/standard/DurationFormatter
instanceKlass org/springframework/format/datetime/standard/PeriodFormatter
instanceKlass org/springframework/format/datetime/standard/InstantFormatter
instanceKlass java/time/OffsetTime
instanceKlass org/springframework/format/support/FormattingConversionService$ParserConverter
instanceKlass org/springframework/format/support/FormattingConversionService$PrinterConverter
instanceKlass org/springframework/format/datetime/standard/TemporalAccessorParser
instanceKlass org/springframework/format/datetime/standard/TemporalAccessorPrinter
instanceKlass java/time/format/DateTimeFormatterBuilder$LocalizedPrinterParser
instanceKlass java/time/format/DateTimeFormatter$$Lambda$35
instanceKlass java/time/format/DateTimeFormatter$$Lambda$34
instanceKlass java/time/Period
instanceKlass java/time/chrono/ChronoPeriod
instanceKlass java/time/format/DateTimeFormatterBuilder$TextPrinterParser
instanceKlass java/time/format/DateTimeTextProvider$1
instanceKlass java/time/format/DateTimeTextProvider
instanceKlass java/util/AbstractMap$SimpleImmutableEntry
instanceKlass java/time/format/DateTimeTextProvider$LocaleStore
instanceKlass java/time/format/DateTimeFormatterBuilder$InstantPrinterParser
instanceKlass java/time/format/DateTimeFormatterBuilder$StringLiteralPrinterParser
instanceKlass java/time/format/DateTimeFormatterBuilder$ZoneIdPrinterParser
instanceKlass java/time/format/DateTimeFormatterBuilder$FractionPrinterParser
instanceKlass java/time/format/DateTimeFormatterBuilder$OffsetIdPrinterParser
instanceKlass java/time/format/DecimalStyle
instanceKlass java/time/format/DateTimeFormatterBuilder$CompositePrinterParser
instanceKlass java/time/chrono/AbstractChronology$$Lambda$33
instanceKlass java/time/chrono/AbstractChronology$$Lambda$32
instanceKlass java/time/chrono/AbstractChronology$$Lambda$31
instanceKlass java/lang/invoke/LambdaForm$BMH
instanceKlass java/lang/invoke/LambdaForm$MH
instanceKlass java/lang/invoke/LambdaForm$BMH
instanceKlass java/lang/invoke/LambdaForm$BMH
instanceKlass java/time/chrono/AbstractChronology
instanceKlass java/time/chrono/Chronology
instanceKlass java/time/format/DateTimeFormatterBuilder$CharLiteralPrinterParser
instanceKlass java/time/format/DateTimeFormatterBuilder$NumberPrinterParser
instanceKlass java/time/format/DateTimeFormatterBuilder$DateTimePrinterParser
instanceKlass java/time/format/DateTimeFormatterBuilder$2
instanceKlass java/time/temporal/IsoFields
instanceKlass java/time/temporal/ValueRange
instanceKlass java/util/regex/Pattern$TreeInfo
instanceKlass java/util/regex/ASCII
instanceKlass java/util/regex/Pattern$Node
instanceKlass java/util/regex/Pattern
instanceKlass java/time/Duration
instanceKlass java/time/temporal/TemporalAmount
instanceKlass java/time/temporal/TemporalUnit
instanceKlass java/time/temporal/TemporalField
instanceKlass java/time/format/DateTimeFormatterBuilder$$Lambda$30
instanceKlass java/time/temporal/TemporalQuery
instanceKlass java/time/format/DateTimeFormatterBuilder
instanceKlass java/time/format/DateTimeFormatter
instanceKlass org/springframework/format/datetime/standard/DateTimeFormatterRegistrar$1
instanceKlass org/springframework/format/datetime/standard/DateTimeConverters$InstantToLongConverter
instanceKlass org/springframework/format/datetime/standard/DateTimeConverters$LongToInstantConverter
instanceKlass org/springframework/format/datetime/standard/DateTimeConverters$CalendarToInstantConverter
instanceKlass org/springframework/format/datetime/standard/DateTimeConverters$CalendarToLocalDateTimeConverter
instanceKlass org/springframework/format/datetime/standard/DateTimeConverters$CalendarToLocalTimeConverter
instanceKlass org/springframework/format/datetime/standard/DateTimeConverters$CalendarToLocalDateConverter
instanceKlass org/springframework/format/datetime/standard/DateTimeConverters$CalendarToOffsetDateTimeConverter
instanceKlass org/springframework/format/datetime/standard/DateTimeConverters$CalendarToZonedDateTimeConverter
instanceKlass org/springframework/format/datetime/standard/DateTimeConverters$OffsetDateTimeToInstantConverter
instanceKlass org/springframework/format/datetime/standard/DateTimeConverters$OffsetDateTimeToZonedDateTimeConverter
instanceKlass org/springframework/format/datetime/standard/DateTimeConverters$OffsetDateTimeToLocalDateTimeConverter
instanceKlass org/springframework/format/datetime/standard/DateTimeConverters$OffsetDateTimeToLocalTimeConverter
instanceKlass org/springframework/format/datetime/standard/DateTimeConverters$OffsetDateTimeToLocalDateConverter
instanceKlass java/time/Instant
instanceKlass org/springframework/format/datetime/standard/DateTimeConverters$ZonedDateTimeToInstantConverter
instanceKlass java/time/OffsetDateTime
instanceKlass org/springframework/format/datetime/standard/DateTimeConverters$ZonedDateTimeToOffsetDateTimeConverter
instanceKlass org/springframework/format/datetime/standard/DateTimeConverters$ZonedDateTimeToLocalDateTimeConverter
instanceKlass org/springframework/format/datetime/standard/DateTimeConverters$ZonedDateTimeToLocalTimeConverter
instanceKlass org/springframework/format/datetime/standard/DateTimeConverters$ZonedDateTimeToLocalDateConverter
instanceKlass java/time/LocalTime
instanceKlass org/springframework/format/datetime/standard/DateTimeConverters$LocalDateTimeToLocalTimeConverter
instanceKlass java/time/LocalDate
instanceKlass java/time/chrono/ChronoLocalDate
instanceKlass java/time/LocalDateTime
instanceKlass java/time/chrono/ChronoLocalDateTime
instanceKlass java/time/temporal/TemporalAdjuster
instanceKlass org/springframework/format/datetime/standard/DateTimeConverters$LocalDateTimeToLocalDateConverter
instanceKlass org/springframework/format/datetime/DateFormatterRegistrar$LongToCalendarConverter
instanceKlass org/springframework/format/datetime/DateFormatterRegistrar$LongToDateConverter
instanceKlass org/springframework/format/datetime/DateFormatterRegistrar$CalendarToLongConverter
instanceKlass org/springframework/format/datetime/DateFormatterRegistrar$CalendarToDateConverter
instanceKlass org/springframework/format/datetime/DateFormatterRegistrar$DateToCalendarConverter
instanceKlass org/springframework/format/datetime/DateFormatterRegistrar$DateToLongConverter
instanceKlass org/springframework/format/datetime/DateFormatterRegistrar
instanceKlass org/springframework/format/datetime/standard/DateTimeConverters
instanceKlass org/springframework/format/datetime/standard/DateTimeFormatterFactory
instanceKlass org/springframework/format/datetime/standard/DateTimeFormatterRegistrar
instanceKlass org/springframework/format/FormatterRegistrar
instanceKlass org/springframework/format/support/FormattingConversionService$AnnotationParserConverter
instanceKlass org/springframework/format/support/FormattingConversionService$AnnotationPrinterConverter
instanceKlass org/springframework/util/NumberUtils
instanceKlass org/springframework/core/GenericTypeResolver$$Lambda$29
instanceKlass org/springframework/format/annotation/NumberFormat
instanceKlass org/springframework/core/GenericTypeResolver
instanceKlass org/springframework/context/support/EmbeddedValueResolutionSupport
instanceKlass org/springframework/format/AnnotationFormatterFactory
instanceKlass org/springframework/core/convert/support/ObjectToOptionalConverter
instanceKlass org/springframework/core/convert/support/FallbackObjectToStringConverter
instanceKlass org/springframework/core/convert/support/IdToEntityConverter
instanceKlass org/springframework/core/convert/support/ObjectToObjectConverter
instanceKlass java/time/ZonedDateTime
instanceKlass java/time/chrono/ChronoZonedDateTime
instanceKlass java/time/temporal/Temporal
instanceKlass java/time/temporal/TemporalAccessor
instanceKlass org/springframework/core/convert/support/ZonedDateTimeToCalendarConverter
instanceKlass java/time/ZoneId
instanceKlass org/springframework/core/convert/support/ZoneIdToTimeZoneConverter
instanceKlass org/springframework/core/convert/support/StringToTimeZoneConverter
instanceKlass org/springframework/core/convert/support/ByteBufferConverter
instanceKlass org/springframework/core/convert/TypeDescriptor$AnnotatedElementAdapter
instanceKlass org/springframework/core/convert/TypeDescriptor
instanceKlass org/springframework/core/convert/support/StreamConverter
instanceKlass org/springframework/core/convert/support/ObjectToCollectionConverter
instanceKlass org/springframework/core/convert/support/CollectionToObjectConverter
instanceKlass org/springframework/core/convert/support/StringToCollectionConverter
instanceKlass org/springframework/core/convert/support/ObjectToArrayConverter
instanceKlass org/springframework/core/convert/support/ArrayToObjectConverter
instanceKlass org/springframework/core/convert/support/StringToArrayConverter
instanceKlass org/springframework/core/convert/support/CollectionToStringConverter
instanceKlass org/springframework/core/convert/support/ArrayToStringConverter
instanceKlass org/springframework/core/convert/support/MapToMapConverter
instanceKlass org/springframework/core/convert/support/CollectionToCollectionConverter
instanceKlass org/springframework/core/convert/support/ArrayToArrayConverter
instanceKlass org/springframework/core/convert/support/CollectionToArrayConverter
instanceKlass org/springframework/core/convert/support/ArrayToCollectionConverter
instanceKlass java/util/UUID
instanceKlass org/springframework/core/convert/support/StringToUUIDConverter
instanceKlass org/springframework/core/convert/support/PropertiesToStringConverter
instanceKlass org/springframework/core/convert/support/StringToPropertiesConverter
instanceKlass org/springframework/core/convert/support/StringToCurrencyConverter
instanceKlass org/springframework/core/convert/support/StringToCharsetConverter
instanceKlass org/springframework/core/convert/support/StringToLocaleConverter
instanceKlass org/springframework/core/convert/support/IntegerToEnumConverterFactory
instanceKlass sun/reflect/generics/tree/Wildcard
instanceKlass sun/reflect/generics/tree/BottomSignature
instanceKlass org/springframework/core/convert/support/AbstractConditionalEnumConverter
instanceKlass org/springframework/core/convert/support/StringToEnumConverterFactory
instanceKlass org/springframework/core/convert/support/StringToBooleanConverter
instanceKlass org/springframework/core/convert/support/CharacterToNumberFactory
instanceKlass org/springframework/core/convert/support/NumberToCharacterConverter
instanceKlass org/springframework/core/convert/support/StringToCharacterConverter
instanceKlass org/springframework/core/convert/support/GenericConversionService$ConverterAdapter
instanceKlass org/springframework/core/convert/support/ObjectToStringConverter
instanceKlass org/springframework/core/convert/support/StringToNumberConverterFactory
instanceKlass java/util/concurrent/ConcurrentLinkedDeque$Node
instanceKlass org/springframework/core/convert/support/GenericConversionService$Converters$$Lambda$28
instanceKlass org/springframework/core/convert/support/GenericConversionService$ConvertersForPair
instanceKlass org/springframework/core/convert/converter/GenericConverter$ConvertiblePair
instanceKlass org/springframework/core/convert/support/GenericConversionService$ConverterFactoryAdapter
instanceKlass org/springframework/core/convert/converter/ConditionalGenericConverter
instanceKlass org/springframework/core/convert/support/NumberToNumberConverterFactory
instanceKlass org/springframework/core/convert/converter/ConditionalConverter
instanceKlass org/springframework/core/convert/support/GenericConversionService$Converters
instanceKlass org/springframework/core/convert/support/GenericConversionService$NoOpConverter
instanceKlass org/springframework/format/Formatter
instanceKlass org/springframework/core/convert/converter/ConverterFactory
instanceKlass org/springframework/core/convert/converter/Converter
instanceKlass org/springframework/format/Parser
instanceKlass org/springframework/format/Printer
instanceKlass org/springframework/core/convert/converter/GenericConverter
instanceKlass org/springframework/core/convert/support/GenericConversionService
instanceKlass org/springframework/context/EmbeddedValueResolverAware
instanceKlass org/springframework/format/FormatterRegistry
instanceKlass javax/naming/spi/NamingManager
instanceKlass com/sun/naming/internal/VersionHelper12$4
instanceKlass com/sun/naming/internal/VersionHelper12$InputStreamEnumeration$1
instanceKlass com/sun/naming/internal/VersionHelper12$InputStreamEnumeration
instanceKlass javax/naming/NamingEnumeration
instanceKlass com/sun/naming/internal/VersionHelper12$5
instanceKlass com/sun/naming/internal/VersionHelper12$6
instanceKlass com/sun/naming/internal/VersionHelper12$2
instanceKlass com/sun/naming/internal/VersionHelper
instanceKlass com/sun/naming/internal/ResourceManager
instanceKlass org/springframework/jndi/JndiAccessor
instanceKlass org/springframework/core/env/AbstractPropertyResolver
instanceKlass org/springframework/boot/origin/OriginLookup
instanceKlass org/springframework/boot/context/properties/source/ConfigurationPropertySources
instanceKlass java/util/Collections$1
instanceKlass org/springframework/core/env/MutablePropertySources
instanceKlass javax/naming/InitialContext
instanceKlass javax/naming/Context
instanceKlass org/springframework/core/env/PropertySources
instanceKlass org/springframework/core/env/AbstractEnvironment
instanceKlass org/springframework/web/context/ConfigurableWebEnvironment
instanceKlass org/springframework/boot/SpringApplication$1
instanceKlass org/springframework/core/env/CommandLineArgs
instanceKlass org/springframework/core/env/SimpleCommandLineArgsParser
instanceKlass org/springframework/boot/DefaultApplicationArguments
instanceKlass sun/util/logging/LoggingSupport$2
instanceKlass java/util/logging/Formatter
instanceKlass java/util/logging/ErrorManager
instanceKlass java/util/logging/LogManager$5
instanceKlass java/util/logging/LoggingProxyImpl
instanceKlass sun/util/logging/LoggingProxy
instanceKlass sun/util/logging/LoggingSupport$1
instanceKlass sun/util/logging/LoggingSupport
instanceKlass sun/util/logging/PlatformLogger$LoggerProxy
instanceKlass sun/util/logging/PlatformLogger$1
instanceKlass sun/util/logging/PlatformLogger
instanceKlass java/util/logging/LogManager$LoggerContext$1
instanceKlass java/util/logging/Logger$LoggerBundle
instanceKlass java/util/logging/Logger
instanceKlass java/util/logging/LogManager$3
instanceKlass java/util/logging/LogManager$2
instanceKlass java/lang/Shutdown$Lock
instanceKlass java/lang/Shutdown
instanceKlass java/lang/ApplicationShutdownHooks$1
instanceKlass java/lang/ApplicationShutdownHooks
instanceKlass java/util/logging/LogManager$LogNode
instanceKlass java/util/logging/LogManager$LoggerContext
instanceKlass java/util/logging/LogManager$1
instanceKlass java/util/logging/Level$KnownLevel
instanceKlass java/util/logging/Level
instanceKlass java/util/logging/Handler
instanceKlass org/springframework/boot/logging/logback/LogbackLoggingSystem$$Lambda$27
instanceKlass org/springframework/boot/logging/AbstractLoggingSystem$LogLevels
instanceKlass org/springframework/boot/logging/LoggerConfigurationComparator
instanceKlass org/springframework/boot/logging/logback/LogbackConfigurator
instanceKlass ch/qos/logback/classic/spi/LoggerContextListener
instanceKlass org/springframework/boot/logging/LoggingSystemProperties
instanceKlass java/util/logging/LogManager
instanceKlass org/springframework/boot/logging/java/JavaLoggingSystem$Factory
instanceKlass org/springframework/boot/logging/log4j2/Log4J2LoggingSystem$Factory
instanceKlass org/springframework/boot/logging/logback/LogbackLoggingSystem$Factory
instanceKlass org/springframework/boot/logging/LoggingSystemFactory$$Lambda$26
instanceKlass org/springframework/boot/logging/DelegatingLoggingSystemFactory
instanceKlass org/springframework/boot/logging/LoggingSystemFactory
instanceKlass org/springframework/boot/logging/LoggingSystem
instanceKlass org/springframework/aop/SpringProxy
instanceKlass org/springframework/aop/support/AopUtils
instanceKlass org/springframework/core/ResolvableType$WildcardBounds
instanceKlass org/springframework/context/event/GenericApplicationListenerAdapter
instanceKlass org/springframework/context/event/AbstractApplicationEventMulticaster$CachedListenerRetriever
instanceKlass org/springframework/context/event/AbstractApplicationEventMulticaster$ListenerCacheKey
instanceKlass org/springframework/core/ResolvableTypeProvider
instanceKlass org/springframework/boot/SpringApplicationRunListeners$$Lambda$25
instanceKlass org/springframework/boot/SpringApplicationRunListeners$$Lambda$24
instanceKlass org/springframework/aop/framework/Advised
instanceKlass org/springframework/aop/TargetClassAware
instanceKlass java/lang/reflect/AnnotatedType
instanceKlass org/springframework/aop/framework/AopProxyUtils
instanceKlass org/springframework/util/ErrorHandler
instanceKlass org/springframework/boot/availability/AvailabilityState
instanceKlass org/springframework/boot/context/event/EventPublishingRunListener
instanceKlass org/springframework/boot/SpringApplicationRunListener
instanceKlass org/springframework/boot/SpringApplicationRunListeners
instanceKlass org/springframework/boot/SpringApplication$$Lambda$23
instanceKlass org/springframework/context/event/AbstractApplicationEventMulticaster$DefaultListenerRetriever
instanceKlass org/springframework/context/event/AbstractApplicationEventMulticaster
instanceKlass org/springframework/beans/factory/BeanFactoryAware
instanceKlass org/springframework/beans/factory/BeanClassLoaderAware
instanceKlass org/springframework/context/event/ApplicationEventMulticaster
instanceKlass org/springframework/boot/DefaultBootstrapContext
instanceKlass org/springframework/core/annotation/TypeMappedAnnotation$$Lambda$22
instanceKlass org/springframework/core/annotation/ValueExtractor
instanceKlass org/springframework/core/annotation/AnnotationTypeMappings$$Lambda$21
instanceKlass java/lang/invoke/LambdaForm$DMH
instanceKlass org/springframework/core/annotation/AliasFor
instanceKlass org/springframework/core/annotation/AnnotationTypeMapping$MirrorSets
instanceKlass org/springframework/core/annotation/AnnotationTypeMapping$MirrorSets$MirrorSet
instanceKlass org/springframework/core/annotation/AnnotationTypeMapping
instanceKlass org/springframework/core/annotation/AnnotationTypeMappings$Cache$$Lambda$20
instanceKlass org/springframework/core/annotation/AnnotationTypeMappings$$Lambda$19
instanceKlass org/springframework/core/annotation/AnnotationTypeMappings$Cache
instanceKlass org/springframework/core/annotation/AnnotationTypeMappings
instanceKlass org/springframework/core/annotation/RepeatableContainers$StandardRepeatableContainers$$Lambda$18
instanceKlass org/springframework/core/annotation/AttributeMethods$$Lambda$17
instanceKlass org/springframework/core/annotation/AttributeMethods$$Lambda$16
instanceKlass java/lang/invoke/LambdaForm$DMH
instanceKlass java/lang/invoke/LambdaForm$DMH
instanceKlass org/springframework/core/annotation/AttributeMethods
instanceKlass org/springframework/core/NativeDetector
instanceKlass java/util/concurrent/CountDownLatch
instanceKlass org/springframework/boot/autoconfigure/BackgroundPreinitializer
instanceKlass org/springframework/boot/logging/DeferredLog$Lines
instanceKlass org/springframework/boot/env/EnvironmentPostProcessorApplicationListener$$Lambda$15
instanceKlass org/springframework/boot/env/EnvironmentPostProcessorsFactory
instanceKlass org/springframework/boot/logging/DeferredLogs
instanceKlass org/springframework/boot/logging/DeferredLogFactory
instanceKlass org/springframework/boot/env/EnvironmentPostProcessorApplicationListener
instanceKlass org/springframework/util/MultiValueMapAdapter$$Lambda$14
instanceKlass org/springframework/util/MultiValueMapAdapter
instanceKlass org/springframework/core/ResolvableType$DefaultVariableResolver
instanceKlass sun/reflect/generics/reflectiveObjects/ParameterizedTypeImpl
instanceKlass sun/reflect/generics/tree/TypeVariableSignature
instanceKlass org/springframework/core/ResolvableType$TypeVariablesVariableResolver
instanceKlass org/springframework/core/ResolvableType$SyntheticParameterizedType
instanceKlass org/springframework/core/SerializableTypeWrapper$SerializableTypeProxy
instanceKlass java/lang/reflect/WildcardType
instanceKlass java/lang/reflect/ParameterizedType
instanceKlass org/springframework/core/SerializableTypeWrapper
instanceKlass java/lang/invoke/LambdaForm$MH
instanceKlass org/springframework/core/ResolvableType$$Lambda$13
instanceKlass sun/reflect/generics/reflectiveObjects/LazyReflectiveObjectGenerator
instanceKlass java/lang/reflect/TypeVariable
instanceKlass sun/reflect/generics/tree/ClassSignature
instanceKlass sun/reflect/generics/tree/Signature
instanceKlass sun/reflect/generics/tree/FormalTypeParameter
instanceKlass org/springframework/core/ResolvableType$EmptyType
instanceKlass org/springframework/core/ResolvableType$VariableResolver
instanceKlass org/springframework/core/SerializableTypeWrapper$TypeProvider
instanceKlass org/springframework/core/ResolvableType
instanceKlass org/springframework/boot/context/properties/bind/Bindable
instanceKlass org/springframework/boot/context/properties/source/ConfigurationPropertyName$ElementsParser
instanceKlass org/springframework/boot/context/properties/source/ConfigurationPropertyName$Elements
instanceKlass org/springframework/boot/context/properties/source/ConfigurationPropertyName
instanceKlass org/springframework/boot/context/logging/LoggingApplicationListener
instanceKlass org/springframework/context/event/GenericApplicationListener
instanceKlass org/springframework/context/event/SmartApplicationListener
instanceKlass org/springframework/boot/context/config/DelegatingApplicationListener
instanceKlass org/springframework/boot/context/config/AnsiOutputApplicationListener
instanceKlass org/springframework/boot/context/FileEncodingApplicationListener
instanceKlass org/springframework/boot/builder/ParentContextCloserApplicationListener
instanceKlass org/springframework/context/ApplicationContextAware
instanceKlass org/springframework/beans/factory/Aware
instanceKlass org/springframework/boot/ClearCachesApplicationListener
instanceKlass org/springframework/core/DecoratingProxy
instanceKlass org/springframework/core/annotation/AbstractMergedAnnotation
instanceKlass java/lang/annotation/Target
instanceKlass java/lang/reflect/WeakCache$Value
instanceKlass sun/misc/ProxyGenerator$ExceptionTableEntry
instanceKlass sun/misc/ProxyGenerator$PrimitiveTypeInfo
instanceKlass sun/misc/ProxyGenerator$FieldInfo
instanceKlass java/io/DataOutput
instanceKlass sun/misc/ProxyGenerator$ConstantPool$Entry
instanceKlass sun/misc/ProxyGenerator$MethodInfo
instanceKlass sun/misc/ProxyGenerator$ProxyMethod
instanceKlass sun/misc/ProxyGenerator$ConstantPool
instanceKlass sun/misc/ProxyGenerator
instanceKlass java/lang/reflect/WeakCache$Factory
instanceKlass java/lang/reflect/Proxy$ProxyClassFactory
instanceKlass java/lang/reflect/Proxy$KeyFactory
instanceKlass java/lang/reflect/WeakCache
instanceKlass java/lang/reflect/Proxy
instanceKlass sun/reflect/annotation/AnnotationInvocationHandler
instanceKlass java/lang/reflect/InvocationHandler
instanceKlass sun/reflect/annotation/AnnotationParser$1
instanceKlass sun/reflect/annotation/ExceptionProxy
instanceKlass java/lang/annotation/Documented
instanceKlass java/lang/annotation/Inherited
instanceKlass java/lang/annotation/Retention
instanceKlass sun/reflect/annotation/AnnotationType$1
instanceKlass java/lang/reflect/GenericArrayType
instanceKlass java/lang/FunctionalInterface
instanceKlass sun/reflect/generics/visitor/Reifier
instanceKlass sun/reflect/generics/visitor/TypeTreeVisitor
instanceKlass sun/reflect/generics/factory/CoreReflectionFactory
instanceKlass sun/reflect/generics/factory/GenericsFactory
instanceKlass sun/reflect/generics/scope/AbstractScope
instanceKlass sun/reflect/generics/scope/Scope
instanceKlass sun/reflect/generics/tree/ClassTypeSignature
instanceKlass sun/reflect/generics/tree/SimpleClassTypeSignature
instanceKlass sun/reflect/generics/tree/FieldTypeSignature
instanceKlass sun/reflect/generics/tree/BaseType
instanceKlass sun/reflect/generics/tree/TypeSignature
instanceKlass sun/reflect/generics/tree/ReturnType
instanceKlass sun/reflect/generics/tree/TypeArgument
instanceKlass sun/reflect/generics/tree/TypeTree
instanceKlass sun/reflect/generics/tree/Tree
instanceKlass sun/reflect/generics/parser/SignatureParser
instanceKlass sun/reflect/annotation/AnnotationParser
instanceKlass org/springframework/core/annotation/AnnotationsScanner$1
instanceKlass org/springframework/core/annotation/MergedAnnotationSelectors$FirstDirectlyDeclared
instanceKlass org/springframework/core/annotation/MergedAnnotationSelectors$Nearest
instanceKlass org/springframework/core/annotation/MergedAnnotationSelector
instanceKlass org/springframework/core/annotation/MergedAnnotationSelectors
instanceKlass org/springframework/core/annotation/MergedAnnotation
instanceKlass org/springframework/core/annotation/TypeMappedAnnotations$MergedAnnotationFinder
instanceKlass org/springframework/core/annotation/Order
instanceKlass org/springframework/core/annotation/OrderUtils
instanceKlass org/springframework/core/annotation/AnnotationsScanner
instanceKlass org/springframework/core/annotation/AnnotationsProcessor
instanceKlass org/springframework/core/annotation/TypeMappedAnnotations
instanceKlass org/springframework/core/annotation/AnnotationFilter$2
instanceKlass org/springframework/core/annotation/AnnotationFilter$1
instanceKlass java/util/ComparableTimSort
instanceKlass org/springframework/core/annotation/PackagesAnnotationFilter
instanceKlass org/springframework/core/annotation/AnnotationFilter
instanceKlass org/springframework/core/annotation/RepeatableContainers
instanceKlass org/springframework/core/annotation/MergedAnnotations
instanceKlass org/springframework/core/PriorityOrdered
instanceKlass java/util/TimSort
instanceKlass java/util/Arrays$LegacyMergeSort
instanceKlass org/springframework/boot/autoconfigure/logging/ConditionEvaluationReportLoggingListener
instanceKlass org/springframework/boot/autoconfigure/SharedMetadataReaderFactoryContextInitializer
instanceKlass org/springframework/boot/web/context/ServerPortInfoApplicationContextInitializer
instanceKlass org/springframework/boot/rsocket/context/RSocketPortInfoApplicationContextInitializer
instanceKlass org/springframework/boot/context/config/DelegatingApplicationContextInitializer
instanceKlass org/springframework/boot/context/ContextIdApplicationContextInitializer
instanceKlass org/springframework/core/Ordered
instanceKlass org/springframework/util/ReflectionUtils$$Lambda$12
instanceKlass org/springframework/util/ReflectionUtils$FieldFilter
instanceKlass org/springframework/util/ReflectionUtils$$Lambda$11
instanceKlass org/springframework/util/ReflectionUtils$MethodFilter
instanceKlass java/lang/invoke/LambdaForm$DMH
instanceKlass java/lang/invoke/LambdaForm$DMH
instanceKlass org/springframework/util/ReflectionUtils
instanceKlass org/springframework/asm/ClassVisitor
instanceKlass org/springframework/core/LocalVariableTableParameterNameDiscoverer
instanceKlass org/springframework/core/StandardReflectionParameterNameDiscoverer
instanceKlass org/springframework/core/KotlinDetector
instanceKlass org/springframework/core/PrioritizedParameterNameDiscoverer
instanceKlass org/springframework/core/ParameterNameDiscoverer
instanceKlass org/springframework/beans/BeanUtils
instanceKlass org/springframework/boot/context/ConfigurationWarningsApplicationContextInitializer
instanceKlass org/springframework/util/ObjectUtils
instanceKlass org/springframework/context/ApplicationContextInitializer
instanceKlass org/springframework/core/OrderComparator
instanceKlass org/springframework/util/ConcurrentReferenceHashMap$Entry
instanceKlass java/lang/invoke/LambdaForm$MH
instanceKlass java/lang/invoke/LambdaForm$DMH
instanceKlass java/lang/invoke/LambdaForm$DMH
instanceKlass org/springframework/util/ConcurrentReferenceHashMap$Segment$$Lambda$10
instanceKlass org/springframework/util/ConcurrentReferenceHashMap$Entries
instanceKlass java/lang/invoke/LambdaForm$DMH
instanceKlass java/util/stream/Sink$ChainedReference
instanceKlass java/util/stream/ReduceOps$Box
instanceKlass java/util/stream/ReduceOps$AccumulatingSink
instanceKlass java/util/stream/TerminalSink
instanceKlass java/util/stream/Sink
instanceKlass java/util/function/Consumer
instanceKlass java/util/stream/ReduceOps$ReduceOp
instanceKlass java/util/stream/TerminalOp
instanceKlass java/util/stream/ReduceOps
instanceKlass java/lang/invoke/LambdaForm$MH
instanceKlass java/util/function/Function$$Lambda$9
instanceKlass org/springframework/core/io/support/SpringFactoriesLoader$$Lambda$8
instanceKlass java/util/stream/Collectors$$Lambda$7
instanceKlass java/util/stream/Collectors$$Lambda$6
instanceKlass java/util/function/BinaryOperator
instanceKlass java/util/stream/Collectors$$Lambda$5
instanceKlass java/util/function/BiConsumer
instanceKlass java/lang/invoke/LambdaForm$DMH
instanceKlass java/util/stream/Collectors$$Lambda$4
instanceKlass java/util/function/Supplier
instanceKlass java/lang/invoke/LambdaForm$DMH
instanceKlass java/util/stream/Collectors$CollectorImpl
instanceKlass java/util/stream/Collector
instanceKlass java/util/stream/Collectors
instanceKlass java/util/stream/DistinctOps
instanceKlass java/lang/Class$4
instanceKlass java/util/EnumMap$1
instanceKlass java/util/stream/StreamOpFlag$MaskBuilder
instanceKlass java/util/stream/PipelineHelper
instanceKlass java/util/stream/Stream
instanceKlass java/util/stream/BaseStream
instanceKlass java/util/stream/StreamSupport
instanceKlass java/util/ArrayList$ArrayListSpliterator
instanceKlass java/util/Spliterator
instanceKlass org/springframework/core/io/support/SpringFactoriesLoader$$Lambda$3
instanceKlass java/util/function/BiFunction
instanceKlass java/util/zip/ZipFile$ZipEntryIterator
instanceKlass java/util/jar/JarFile$JarEntryIterator
instanceKlass org/springframework/core/io/support/SpringFactoriesLoader$$Lambda$2
instanceKlass org/springframework/util/MultiValueMap
instanceKlass org/springframework/util/CollectionUtils
instanceKlass org/springframework/util/StringUtils
instanceKlass org/springframework/util/ResourceUtils
instanceKlass sun/net/www/protocol/jar/JarFileFactory
instanceKlass sun/net/www/protocol/jar/URLJarFile$URLJarFileCloseController
instanceKlass org/springframework/core/SpringProperties
instanceKlass org/springframework/util/PropertiesPersister
instanceKlass org/springframework/core/io/support/PropertiesLoaderUtils
instanceKlass java/nio/channels/ReadableByteChannel
instanceKlass java/nio/channels/Channel
instanceKlass org/springframework/core/io/AbstractResource
instanceKlass org/springframework/core/io/Resource
instanceKlass org/springframework/core/io/InputStreamSource
instanceKlass org/springframework/core/io/support/SpringFactoriesLoader
instanceKlass org/springframework/boot/BootstrapRegistryInitializer
instanceKlass org/springframework/web/context/ConfigurableWebApplicationContext
instanceKlass org/springframework/web/context/WebApplicationContext
instanceKlass javax/servlet/Servlet
instanceKlass java/io/Externalizable
instanceKlass java/util/Optional
instanceKlass java/util/IdentityHashMap$EntryIterator$Entry
instanceKlass java/util/IdentityHashMap$IdentityHashMapIterator
instanceKlass org/springframework/util/ConcurrentReferenceHashMap$Reference
instanceKlass org/springframework/util/ConcurrentReferenceHashMap$ReferenceManager
instanceKlass org/springframework/util/ConcurrentReferenceHashMap$Task
instanceKlass org/springframework/util/ClassUtils
instanceKlass org/springframework/util/Assert
instanceKlass org/springframework/core/metrics/DefaultApplicationStartup$DefaultStartupStep$DefaultTags
instanceKlass org/springframework/core/metrics/StartupStep$Tags
instanceKlass org/springframework/core/metrics/DefaultApplicationStartup$DefaultStartupStep
instanceKlass org/springframework/core/metrics/StartupStep
instanceKlass org/springframework/core/metrics/DefaultApplicationStartup
instanceKlass org/springframework/core/metrics/ApplicationStartup
instanceKlass java/lang/invoke/LambdaForm$MH
instanceKlass java/lang/invoke/LambdaForm$MH
instanceKlass java/lang/invoke/InnerClassLambdaMetafactory$1
instanceKlass org/springframework/boot/ApplicationContextFactory$$Lambda$1
instanceKlass java/lang/invoke/InfoFromMemberName
instanceKlass java/lang/invoke/MethodHandleInfo
instanceKlass java/security/AccessController$1
instanceKlass java/lang/invoke/AbstractValidatingLambdaMetafactory
instanceKlass java/lang/invoke/LambdaForm$BMH
instanceKlass java/lang/invoke/LambdaForm$BMH
instanceKlass java/lang/invoke/LambdaForm$BMH
instanceKlass java/lang/invoke/LambdaForm$BMH
instanceKlass jdk/internal/org/objectweb/asm/FieldVisitor
instanceKlass java/lang/invoke/LambdaForm$BMH
instanceKlass java/lang/invoke/LambdaForm$MH
instanceKlass java/lang/invoke/LambdaForm$BMH
instanceKlass java/lang/invoke/LambdaForm$MH
instanceKlass java/lang/invoke/LambdaForm$DMH
instanceKlass java/lang/invoke/LambdaForm$DMH
instanceKlass java/lang/invoke/LambdaForm$BMH
instanceKlass java/lang/invoke/LambdaForm$BMH
instanceKlass java/lang/invoke/LambdaForm$MH
instanceKlass java/lang/invoke/LambdaFormBuffer
instanceKlass java/lang/invoke/LambdaFormEditor
instanceKlass java/lang/invoke/LambdaForm$BMH
instanceKlass java/lang/invoke/LambdaForm$DMH
instanceKlass java/lang/invoke/LambdaForm$DMH
instanceKlass java/lang/invoke/LambdaForm$DMH
instanceKlass java/lang/invoke/LambdaForm$DMH
instanceKlass java/lang/invoke/LambdaForm$MH
instanceKlass java/lang/invoke/LambdaForm$DMH
instanceKlass java/lang/invoke/LambdaForm$DMH
instanceKlass java/lang/invoke/LambdaForm$MH
instanceKlass java/lang/invoke/LambdaForm$DMH
instanceKlass java/lang/invoke/LambdaForm$DMH
instanceKlass java/lang/invoke/LambdaForm$MH
instanceKlass java/lang/invoke/LambdaForm$DMH
instanceKlass java/lang/invoke/LambdaForm$DMH
instanceKlass java/lang/invoke/LambdaForm$MH
instanceKlass java/lang/invoke/LambdaForm$DMH
instanceKlass java/lang/invoke/LambdaForm$DMH
instanceKlass java/lang/invoke/LambdaForm$MH
instanceKlass java/lang/invoke/LambdaForm$DMH
instanceKlass java/lang/invoke/LambdaForm$MH
instanceKlass java/lang/invoke/LambdaForm$DMH
instanceKlass java/lang/invoke/LambdaForm$DMH
instanceKlass java/lang/invoke/LambdaForm$MH
instanceKlass java/lang/invoke/LambdaForm$DMH
instanceKlass java/lang/invoke/LambdaForm$DMH
instanceKlass java/lang/invoke/LambdaForm$MH
instanceKlass java/lang/invoke/LambdaForm$DMH
instanceKlass java/lang/invoke/LambdaForm$MH
instanceKlass java/lang/invoke/LambdaForm$DMH
instanceKlass java/lang/invoke/LambdaForm$MH
instanceKlass java/lang/invoke/LambdaForm$DMH
instanceKlass java/lang/invoke/LambdaForm$DMH
instanceKlass java/lang/invoke/MethodHandleImpl$Lazy
instanceKlass java/lang/invoke/LambdaForm$BMH
instanceKlass java/lang/invoke/LambdaForm$MH
instanceKlass java/lang/invoke/LambdaForm$DMH
instanceKlass java/lang/invoke/LambdaForm$DMH
instanceKlass java/lang/invoke/LambdaForm$DMH
instanceKlass java/lang/invoke/LambdaForm$DMH
instanceKlass java/lang/invoke/LambdaForm$DMH
instanceKlass java/util/SubList$1
instanceKlass java/util/ListIterator
instanceKlass java/lang/invoke/LambdaForm$MH
instanceKlass java/lang/invoke/LambdaForm$MH
instanceKlass java/lang/invoke/LambdaForm$MH
instanceKlass java/lang/invoke/LambdaForm$MH
instanceKlass java/lang/invoke/LambdaForm$MH
instanceKlass java/lang/invoke/LambdaForm$MH
instanceKlass java/lang/invoke/LambdaForm$MH
instanceKlass java/lang/invoke/LambdaForm$MH
instanceKlass java/lang/invoke/LambdaForm$MH
instanceKlass java/lang/invoke/LambdaForm$MH
instanceKlass java/lang/invoke/LambdaForm$MH
instanceKlass java/lang/invoke/LambdaForm$MH
instanceKlass java/lang/invoke/InvokerBytecodeGenerator$CpPatch
instanceKlass java/lang/invoke/LambdaForm$DMH
instanceKlass java/lang/invoke/LambdaForm$DMH
instanceKlass java/lang/invoke/LambdaForm$DMH
instanceKlass java/lang/invoke/LambdaForm$DMH
instanceKlass java/lang/invoke/LambdaForm$DMH
instanceKlass sun/invoke/empty/Empty
instanceKlass sun/invoke/util/VerifyType
instanceKlass java/lang/invoke/InvokerBytecodeGenerator$2
instanceKlass jdk/internal/org/objectweb/asm/AnnotationVisitor
instanceKlass jdk/internal/org/objectweb/asm/Frame
instanceKlass jdk/internal/org/objectweb/asm/Label
instanceKlass jdk/internal/org/objectweb/asm/Type
instanceKlass jdk/internal/org/objectweb/asm/MethodVisitor
instanceKlass jdk/internal/org/objectweb/asm/Item
instanceKlass jdk/internal/org/objectweb/asm/ByteVector
instanceKlass jdk/internal/org/objectweb/asm/ClassVisitor
instanceKlass java/lang/invoke/InvokerBytecodeGenerator
instanceKlass java/util/AbstractList$Itr
instanceKlass java/lang/invoke/DirectMethodHandle$Lazy
instanceKlass sun/invoke/util/BytecodeDescriptor
instanceKlass sun/reflect/UnsafeFieldAccessorFactory
instanceKlass java/lang/invoke/BoundMethodHandle$Factory
instanceKlass java/lang/invoke/BoundMethodHandle$SpeciesData
instanceKlass java/lang/invoke/LambdaForm$NamedFunction
instanceKlass java/lang/invoke/LambdaForm$Name
instanceKlass sun/invoke/util/ValueConversions
instanceKlass sun/invoke/util/VerifyAccess
instanceKlass java/lang/Long$LongCache
instanceKlass java/lang/Character$CharacterCache
instanceKlass java/lang/Short$ShortCache
instanceKlass java/lang/Byte$ByteCache
instanceKlass sun/invoke/util/Wrapper$Format
instanceKlass java/lang/invoke/MethodHandles
instanceKlass java/lang/invoke/Invokers
instanceKlass java/lang/invoke/MethodTypeForm
instanceKlass java/lang/invoke/MethodType$ConcurrentWeakInternSet
instanceKlass java/lang/invoke/MethodHandles$Lookup
instanceKlass java/lang/invoke/LambdaMetafactory
instanceKlass org/springframework/context/ConfigurableApplicationContext
instanceKlass org/springframework/context/Lifecycle
instanceKlass org/springframework/boot/ApplicationContextFactory
instanceKlass org/springframework/boot/SpringApplicationShutdownHook$ApplicationContextClosedListener
instanceKlass org/springframework/boot/SpringApplicationShutdownHook$Handlers
instanceKlass org/springframework/context/ApplicationListener
instanceKlass java/util/EventListener
instanceKlass org/springframework/boot/SpringApplicationShutdownHandlers
instanceKlass org/springframework/boot/SpringApplicationShutdownHook
instanceKlass org/apache/commons/logging/LogAdapter$Slf4jLog
instanceKlass org/apache/commons/logging/Log
instanceKlass org/apache/commons/logging/LogAdapter$Slf4jAdapter
instanceKlass org/apache/commons/logging/LogAdapter$1
instanceKlass org/apache/logging/log4j/spi/Provider
instanceKlass org/apache/logging/log4j/spi/ExtendedLogger
instanceKlass org/apache/logging/log4j/Logger
instanceKlass org/apache/commons/logging/LogAdapter
instanceKlass org/apache/commons/logging/LogFactory
instanceKlass org/springframework/core/env/PropertySource
instanceKlass org/springframework/core/convert/support/ConfigurableConversionService
instanceKlass org/springframework/core/convert/converter/ConverterRegistry
instanceKlass org/springframework/core/convert/ConversionService
instanceKlass org/springframework/core/env/ConfigurableEnvironment
instanceKlass org/springframework/core/env/ConfigurablePropertyResolver
instanceKlass org/springframework/core/env/Environment
instanceKlass org/springframework/core/env/PropertyResolver
instanceKlass org/springframework/beans/factory/config/BeanFactoryPostProcessor
instanceKlass java/util/EventObject
instanceKlass org/springframework/context/ApplicationContext
instanceKlass org/springframework/core/io/support/ResourcePatternResolver
instanceKlass org/springframework/core/io/ResourceLoader
instanceKlass org/springframework/context/ApplicationEventPublisher
instanceKlass org/springframework/context/MessageSource
instanceKlass org/springframework/beans/factory/HierarchicalBeanFactory
instanceKlass org/springframework/beans/factory/ListableBeanFactory
instanceKlass org/springframework/beans/factory/BeanFactory
instanceKlass org/springframework/core/env/EnvironmentCapable
instanceKlass org/springframework/boot/ApplicationArguments
instanceKlass org/springframework/boot/ConfigurableBootstrapContext
instanceKlass org/springframework/boot/BootstrapContext
instanceKlass org/springframework/boot/BootstrapRegistry
instanceKlass org/springframework/boot/SpringApplication
instanceKlass ch/qos/logback/classic/util/LoggerNameUtil
instanceKlass ch/qos/logback/classic/selector/DefaultContextSelector
instanceKlass ch/qos/logback/core/util/StatusPrinter
instanceKlass ch/qos/logback/core/status/StatusUtil
instanceKlass ch/qos/logback/core/spi/AppenderAttachableImpl
instanceKlass ch/qos/logback/core/util/EnvUtil
instanceKlass ch/qos/logback/core/pattern/Converter
instanceKlass java/util/Date
instanceKlass java/text/DigitList
instanceKlass java/text/FieldPosition
instanceKlass java/util/Currency$CurrencyNameGetter
instanceKlass java/util/Currency$1
instanceKlass java/util/Currency
instanceKlass java/text/DecimalFormatSymbols
instanceKlass java/util/concurrent/atomic/AtomicMarkableReference$Pair
instanceKlass java/util/concurrent/atomic/AtomicMarkableReference
instanceKlass java/text/DateFormatSymbols
instanceKlass sun/util/calendar/CalendarUtils
instanceKlass sun/util/calendar/CalendarDate
instanceKlass java/util/Collections$EmptyIterator
instanceKlass sun/util/locale/LanguageTag
instanceKlass java/util/ResourceBundle$CacheKeyReference
instanceKlass java/util/ResourceBundle$CacheKey
instanceKlass java/util/ResourceBundle$RBClassLoader$1
instanceKlass java/util/spi/ResourceBundleControlProvider
instanceKlass java/util/ResourceBundle
instanceKlass java/util/ResourceBundle$Control
instanceKlass sun/util/resources/LocaleData$1
instanceKlass sun/util/resources/LocaleData
instanceKlass sun/util/locale/provider/LocaleResources
instanceKlass sun/util/locale/provider/CalendarDataUtility$CalendarWeekParameterGetter
instanceKlass sun/util/locale/provider/LocaleServiceProviderPool$LocalizedObjectGetter
instanceKlass sun/util/locale/provider/SPILocaleProviderAdapter$1
instanceKlass sun/util/locale/provider/LocaleServiceProviderPool
instanceKlass sun/util/locale/provider/CalendarDataUtility
instanceKlass java/util/Calendar$Builder
instanceKlass sun/util/locale/provider/JRELocaleProviderAdapter$1
instanceKlass sun/util/locale/provider/LocaleDataMetaInfo
instanceKlass sun/util/locale/provider/AvailableLanguageTags
instanceKlass sun/util/locale/provider/LocaleProviderAdapter$1
instanceKlass java/util/Collections$UnmodifiableCollection$1
instanceKlass sun/util/locale/provider/ResourceBundleBasedAdapter
instanceKlass sun/util/locale/provider/LocaleProviderAdapter
instanceKlass java/util/spi/LocaleServiceProvider
instanceKlass java/util/Calendar
instanceKlass java/util/TimeZone$1
instanceKlass java/util/zip/CRC32
instanceKlass java/util/zip/Checksum
instanceKlass sun/util/calendar/ZoneInfoFile$ZoneOffsetTransitionRule
instanceKlass java/io/DataInput
instanceKlass sun/util/calendar/ZoneInfoFile$1
instanceKlass sun/util/calendar/ZoneInfoFile
instanceKlass sun/util/calendar/CalendarSystem
instanceKlass java/util/TimeZone
instanceKlass java/util/Locale$1
instanceKlass java/text/AttributedCharacterIterator$Attribute
instanceKlass java/text/Format
instanceKlass ch/qos/logback/core/util/CachingDateFormatter
instanceKlass ch/qos/logback/core/util/COWArrayList
instanceKlass ch/qos/logback/core/spi/FilterAttachableImpl
instanceKlass ch/qos/logback/core/Appender
instanceKlass ch/qos/logback/core/spi/FilterAttachable
instanceKlass ch/qos/logback/core/encoder/Encoder
instanceKlass ch/qos/logback/core/Layout
instanceKlass ch/qos/logback/core/spi/ContextAwareBase
instanceKlass java/util/ServiceLoader$1
instanceKlass java/util/ServiceLoader$LazyIterator
instanceKlass java/util/ServiceLoader
instanceKlass ch/qos/logback/classic/util/EnvUtil
instanceKlass ch/qos/logback/classic/spi/Configurator
instanceKlass ch/qos/logback/core/spi/ContextAware
instanceKlass ch/qos/logback/core/status/StatusBase
instanceKlass java/net/URLClassLoader$2
instanceKlass java/util/Collections$3
instanceKlass java/security/PermissionsEnumerator
instanceKlass sun/security/provider/PolicyFile$7
instanceKlass sun/security/provider/PolicyFile$5
instanceKlass sun/security/action/GetBooleanAction
instanceKlass sun/security/util/SecurityConstants
instanceKlass sun/security/provider/PolicyFile$PolicyEntry
instanceKlass java/util/Vector$1
instanceKlass sun/security/provider/PolicyParser$PermissionEntry
instanceKlass sun/security/provider/PolicyParser$GrantEntry
instanceKlass java/io/StreamTokenizer
instanceKlass sun/security/util/PolicyUtil
instanceKlass sun/security/provider/PolicyParser
instanceKlass java/net/URI$Parser
instanceKlass java/net/URI
instanceKlass sun/security/util/PropertyExpander
instanceKlass sun/security/provider/PolicyFile$3
instanceKlass java/security/ProtectionDomain$2$1
instanceKlass sun/misc/JavaSecurityProtectionDomainAccess$ProtectionDomainCache
instanceKlass java/util/Collections$SynchronizedMap
instanceKlass sun/security/provider/PolicyFile$PolicyInfo
instanceKlass sun/security/provider/PolicyFile$1
instanceKlass java/util/Properties$LineReader
instanceKlass java/security/Security$1
instanceKlass java/security/Security
instanceKlass java/security/Policy$1
instanceKlass java/security/Policy$PolicyInfo
instanceKlass java/util/concurrent/atomic/AtomicReference
instanceKlass java/security/Policy
instanceKlass ch/qos/logback/core/util/Loader$1
instanceKlass ch/qos/logback/core/util/Loader
instanceKlass ch/qos/logback/core/util/OptionHelper
instanceKlass ch/qos/logback/core/status/StatusListener
instanceKlass ch/qos/logback/core/util/StatusListenerConfigHelper
instanceKlass ch/qos/logback/classic/util/ContextInitializer
instanceKlass ch/qos/logback/classic/selector/ContextSelector
instanceKlass ch/qos/logback/classic/util/ContextSelectorStaticBinder
instanceKlass java/util/ArrayList$Itr
instanceKlass ch/qos/logback/classic/Level
instanceKlass ch/qos/logback/classic/spi/ILoggingEvent
instanceKlass ch/qos/logback/core/spi/DeferredProcessingAware
instanceKlass ch/qos/logback/classic/Logger
instanceKlass ch/qos/logback/core/spi/AppenderAttachable
instanceKlass org/slf4j/spi/LocationAwareLogger
instanceKlass ch/qos/logback/classic/spi/LoggerContextVO
instanceKlass java/util/concurrent/CopyOnWriteArrayList
instanceKlass ch/qos/logback/core/spi/LogbackLock
instanceKlass ch/qos/logback/core/helpers/CyclicBuffer
instanceKlass ch/qos/logback/core/BasicStatusManager
instanceKlass ch/qos/logback/core/status/Status
instanceKlass java/util/concurrent/ExecutorService
instanceKlass java/util/concurrent/Executor
instanceKlass ch/qos/logback/core/status/StatusManager
instanceKlass ch/qos/logback/core/ContextBase
instanceKlass ch/qos/logback/core/spi/LifeCycle
instanceKlass ch/qos/logback/core/Context
instanceKlass ch/qos/logback/core/spi/PropertyContainer
instanceKlass org/slf4j/impl/StaticLoggerBinder
instanceKlass org/slf4j/spi/LoggerFactoryBinder
instanceKlass java/util/LinkedList$Node
instanceKlass java/net/URLClassLoader$3$1
instanceKlass sun/misc/CompoundEnumeration
instanceKlass java/net/URLClassLoader$3
instanceKlass sun/misc/URLClassPath$1
instanceKlass java/lang/ClassLoader$2
instanceKlass sun/misc/URLClassPath$2
instanceKlass sun/misc/Launcher$BootClassPathHolder$1
instanceKlass sun/misc/Launcher$BootClassPathHolder
instanceKlass org/slf4j/helpers/Util
instanceKlass org/slf4j/helpers/NOPLoggerFactory
instanceKlass java/util/concurrent/LinkedBlockingQueue$Node
instanceKlass java/util/concurrent/locks/AbstractQueuedSynchronizer$ConditionObject
instanceKlass java/util/concurrent/locks/Condition
instanceKlass java/util/concurrent/locks/AbstractQueuedSynchronizer$Node
instanceKlass java/util/concurrent/locks/AbstractOwnableSynchronizer
instanceKlass java/util/concurrent/BlockingQueue
instanceKlass org/slf4j/Logger
instanceKlass org/slf4j/helpers/SubstituteLoggerFactory
instanceKlass org/slf4j/ILoggerFactory
instanceKlass org/slf4j/event/LoggingEvent
instanceKlass org/slf4j/LoggerFactory
instanceKlass sun/security/util/SignatureFileVerifier
instanceKlass sun/security/util/ManifestEntryVerifier
instanceKlass java/util/jar/JarVerifier$3
instanceKlass java/security/CodeSigner
instanceKlass java/util/jar/JarVerifier
instanceKlass java/util/jar/Attributes$Name
instanceKlass java/util/jar/Attributes
instanceKlass java/nio/file/attribute/FileTime
instanceKlass java/util/zip/ZipUtils
instanceKlass sun/misc/IOUtils
instanceKlass java/util/zip/ZStreamRef
instanceKlass java/util/zip/Inflater
instanceKlass java/util/zip/ZipEntry
instanceKlass sun/misc/ExtensionDependency
instanceKlass sun/misc/JarIndex
instanceKlass java/util/zip/ZipCoder
instanceKlass java/util/Deque
instanceKlass java/util/Queue
instanceKlass java/nio/charset/StandardCharsets
instanceKlass java/util/jar/JavaUtilJarAccessImpl
instanceKlass sun/misc/JavaUtilJarAccess
instanceKlass sun/misc/FileURLMapper
instanceKlass sun/misc/URLClassPath$JarLoader$1
instanceKlass java/lang/Void
instanceKlass java/lang/Class$MethodArray
instanceKlass sun/launcher/LauncherHelper$FXHelper
instanceKlass com/sky/SkyApplication
instanceKlass java/io/FilePermission$1
instanceKlass sun/net/www/MessageHeader
instanceKlass java/net/URLConnection
instanceKlass java/security/PermissionCollection
instanceKlass sun/nio/ch/DirectBuffer
instanceKlass sun/misc/PerfCounter$CoreCounters
instanceKlass sun/misc/Perf
instanceKlass sun/misc/Perf$GetPerfAction
instanceKlass sun/misc/PerfCounter
instanceKlass sun/nio/ByteBuffered
instanceKlass java/lang/Package
instanceKlass sun/misc/Resource
instanceKlass java/util/zip/ZipFile$1
instanceKlass sun/misc/JavaUtilZipFileAccess
instanceKlass java/util/zip/ZipFile
instanceKlass java/util/zip/ZipConstants
instanceKlass sun/misc/URLClassPath$Loader
instanceKlass sun/misc/URLClassPath$3
instanceKlass sun/net/util/URLUtil
instanceKlass java/net/URLClassLoader$1
instanceKlass java/io/FileOutputStream$1
instanceKlass sun/usagetracker/UsageTrackerClient$3
instanceKlass java/lang/ProcessEnvironment$CheckedEntry
instanceKlass java/util/HashMap$HashIterator
instanceKlass java/lang/ProcessEnvironment$CheckedEntrySet$1
instanceKlass java/util/Collections$UnmodifiableMap
instanceKlass java/lang/ProcessEnvironment$EntryComparator
instanceKlass java/lang/ProcessEnvironment$NameComparator
instanceKlass sun/usagetracker/UsageTrackerClient$2
instanceKlass sun/usagetracker/UsageTrackerClient$4
instanceKlass sun/usagetracker/UsageTrackerClient$1
instanceKlass java/util/concurrent/atomic/AtomicBoolean
instanceKlass sun/usagetracker/UsageTrackerClient
instanceKlass sun/misc/PostVMInitHook
instanceKlass java/lang/invoke/MethodHandleStatics$1
instanceKlass java/lang/invoke/MethodHandleStatics
instanceKlass java/lang/invoke/MemberName$Factory
instanceKlass java/lang/ClassValue$Version
instanceKlass java/lang/ClassValue$Identity
instanceKlass java/lang/ClassValue
instanceKlass java/lang/invoke/MethodHandleImpl$3
instanceKlass java/lang/invoke/MethodHandleImpl$2
instanceKlass java/util/function/Function
instanceKlass java/lang/invoke/MethodHandleImpl$1
instanceKlass java/lang/invoke/MethodHandleImpl
instanceKlass java/lang/SystemClassLoaderAction
instanceKlass java/util/LinkedHashMap$LinkedHashIterator
instanceKlass sun/misc/Launcher$AppClassLoader$1
instanceKlass sun/misc/URLClassPath
instanceKlass java/security/Principal
instanceKlass java/security/ProtectionDomain$Key
instanceKlass java/security/ProtectionDomain$2
instanceKlass sun/misc/JavaSecurityProtectionDomainAccess
instanceKlass java/security/ProtectionDomain$JavaSecurityAccessImpl
instanceKlass sun/misc/JavaSecurityAccess
instanceKlass java/net/URLStreamHandler
instanceKlass java/net/Parts
instanceKlass java/util/BitSet
instanceKlass sun/net/www/ParseUtil
instanceKlass java/io/FileInputStream$1
instanceKlass java/lang/CharacterData
instanceKlass sun/util/locale/LocaleUtils
instanceKlass java/util/Locale$LocaleKey
instanceKlass sun/util/locale/BaseLocale$Key
instanceKlass sun/util/locale/BaseLocale
instanceKlass java/util/concurrent/ConcurrentHashMap$CollectionView
instanceKlass java/util/concurrent/ConcurrentHashMap$CounterCell
instanceKlass java/util/concurrent/ConcurrentHashMap$Node
instanceKlass java/util/concurrent/locks/ReentrantLock
instanceKlass java/util/concurrent/locks/Lock
instanceKlass java/util/concurrent/ConcurrentMap
instanceKlass sun/util/locale/LocaleObjectCache
instanceKlass java/util/Locale
instanceKlass java/lang/reflect/Array
instanceKlass java/io/Reader
instanceKlass sun/misc/MetaIndex
instanceKlass sun/misc/Launcher$ExtClassLoader$1
instanceKlass java/util/StringTokenizer
instanceKlass java/net/URLClassLoader$7
instanceKlass sun/misc/JavaNetAccess
instanceKlass java/lang/ClassLoader$ParallelLoaders
instanceKlass sun/security/util/Debug
instanceKlass sun/misc/Launcher$Factory
instanceKlass java/net/URLStreamHandlerFactory
instanceKlass java/lang/Compiler$1
instanceKlass java/lang/Compiler
instanceKlass java/lang/System$2
instanceKlass sun/misc/JavaLangAccess
instanceKlass sun/io/Win32ErrorMode
instanceKlass sun/misc/OSEnvironment
instanceKlass java/lang/Integer$IntegerCache
instanceKlass sun/misc/NativeSignalHandler
instanceKlass sun/misc/Signal
instanceKlass java/lang/Terminator$1
instanceKlass sun/misc/SignalHandler
instanceKlass java/lang/Terminator
instanceKlass java/lang/ClassLoader$NativeLibrary
instanceKlass java/io/ExpiringCache$Entry
instanceKlass java/lang/ClassLoader$3
instanceKlass java/nio/charset/CoderResult$Cache
instanceKlass java/nio/charset/CoderResult
instanceKlass java/lang/Readable
instanceKlass java/lang/StringCoding$StringEncoder
instanceKlass java/nio/file/Path
instanceKlass java/nio/file/Watchable
instanceKlass java/lang/Enum
instanceKlass java/io/ExpiringCache
instanceKlass java/io/FileSystem
instanceKlass java/io/DefaultFileSystem
instanceKlass java/nio/Bits$1
instanceKlass sun/misc/JavaNioAccess
instanceKlass java/nio/ByteOrder
instanceKlass java/nio/Bits
instanceKlass java/nio/charset/CharsetEncoder
instanceKlass sun/nio/cs/ArrayEncoder
instanceKlass sun/security/action/GetPropertyAction
instanceKlass java/io/Writer
instanceKlass sun/reflect/misc/ReflectUtil
instanceKlass java/util/concurrent/atomic/AtomicReferenceFieldUpdater$AtomicReferenceFieldUpdaterImpl$1
instanceKlass java/security/PrivilegedExceptionAction
instanceKlass java/util/concurrent/atomic/AtomicReferenceFieldUpdater
instanceKlass java/io/OutputStream
instanceKlass java/io/Flushable
instanceKlass java/io/FileDescriptor$1
instanceKlass sun/misc/JavaIOFileDescriptorAccess
instanceKlass java/io/FileDescriptor
instanceKlass sun/misc/Version
instanceKlass java/lang/Runtime
instanceKlass java/util/Hashtable$Enumerator
instanceKlass java/util/Iterator
instanceKlass java/util/Enumeration
instanceKlass java/util/Objects
instanceKlass java/util/Collections$SynchronizedCollection
instanceKlass java/nio/charset/CodingErrorAction
instanceKlass java/nio/charset/CharsetDecoder
instanceKlass sun/nio/cs/ArrayDecoder
instanceKlass sun/nio/cs/ext/DelegatableDecoder
instanceKlass sun/nio/cs/ext/DoubleByte
instanceKlass java/lang/StringCoding$StringDecoder
instanceKlass java/lang/ThreadLocal$ThreadLocalMap
instanceKlass java/lang/StringCoding
instanceKlass sun/nio/cs/HistoricallyNamedCharset
instanceKlass java/util/TreeMap$Entry
instanceKlass sun/misc/ASCIICaseInsensitiveComparator
instanceKlass java/util/NavigableMap
instanceKlass java/util/SortedMap
instanceKlass sun/reflect/ReflectionFactory$1
instanceKlass java/lang/Class$1
instanceKlass java/nio/charset/Charset$ExtendedProviderHolder$1
instanceKlass java/nio/charset/Charset$ExtendedProviderHolder
instanceKlass java/util/Arrays
instanceKlass java/lang/reflect/ReflectAccess
instanceKlass sun/reflect/LangReflectAccess
instanceKlass java/lang/reflect/Modifier
instanceKlass sun/reflect/annotation/AnnotationType
instanceKlass java/lang/Class$AnnotationData
instanceKlass sun/reflect/generics/repository/AbstractRepository
instanceKlass java/lang/Class$Atomic
instanceKlass java/lang/Class$ReflectionData
instanceKlass java/lang/Class$3
instanceKlass java/lang/ThreadLocal
instanceKlass java/nio/charset/spi/CharsetProvider
instanceKlass java/nio/charset/Charset
instanceKlass java/lang/Math
instanceKlass java/util/Hashtable$Entry
instanceKlass sun/misc/VM
instanceKlass java/util/HashMap$Node
instanceKlass java/util/Map$Entry
instanceKlass sun/reflect/Reflection
instanceKlass sun/misc/SharedSecrets
instanceKlass java/lang/ref/Reference$1
instanceKlass sun/misc/JavaLangRefAccess
instanceKlass java/lang/ref/ReferenceQueue$Lock
instanceKlass java/lang/ref/ReferenceQueue
instanceKlass java/util/Collections$UnmodifiableCollection
instanceKlass java/util/AbstractMap
instanceKlass java/util/Set
instanceKlass java/util/Collections
instanceKlass java/lang/ref/Reference$Lock
instanceKlass sun/reflect/ReflectionFactory
instanceKlass java/util/AbstractCollection
instanceKlass java/util/RandomAccess
instanceKlass java/util/List
instanceKlass java/util/Collection
instanceKlass java/lang/Iterable
instanceKlass java/security/cert/Certificate
instanceKlass sun/reflect/ReflectionFactory$GetReflectionFactoryAction
instanceKlass java/security/PrivilegedAction
instanceKlass java/security/AccessController
instanceKlass java/security/Permission
instanceKlass java/security/Guard
instanceKlass java/lang/String$CaseInsensitiveComparator
instanceKlass java/util/Comparator
instanceKlass java/io/ObjectStreamField
instanceKlass java/lang/Number
instanceKlass java/lang/Character
instanceKlass java/lang/Boolean
instanceKlass java/nio/Buffer
instanceKlass java/lang/StackTraceElement
instanceKlass java/security/CodeSource
instanceKlass sun/misc/Launcher
instanceKlass java/util/jar/Manifest
instanceKlass java/net/URL
instanceKlass java/io/File
instanceKlass java/io/InputStream
instanceKlass java/io/Closeable
instanceKlass java/lang/AutoCloseable
instanceKlass sun/misc/Unsafe
instanceKlass java/lang/AbstractStringBuilder
instanceKlass java/lang/Appendable
instanceKlass java/lang/invoke/CallSite
instanceKlass java/lang/invoke/MethodType
instanceKlass java/lang/invoke/LambdaForm
instanceKlass java/lang/invoke/MethodHandleNatives
instanceKlass java/lang/invoke/MemberName
instanceKlass java/lang/invoke/MethodHandle
instanceKlass sun/reflect/CallerSensitive
instanceKlass java/lang/annotation/Annotation
instanceKlass sun/reflect/FieldAccessor
instanceKlass sun/reflect/ConstantPool
instanceKlass sun/reflect/ConstructorAccessor
instanceKlass sun/reflect/MethodAccessor
instanceKlass sun/reflect/MagicAccessorImpl
instanceKlass java/lang/reflect/Parameter
instanceKlass java/lang/reflect/Member
instanceKlass java/lang/reflect/AccessibleObject
instanceKlass java/util/Dictionary
instanceKlass java/util/Map
instanceKlass java/lang/ThreadGroup
instanceKlass java/lang/Thread$UncaughtExceptionHandler
instanceKlass java/lang/Thread
instanceKlass java/lang/Runnable
instanceKlass java/lang/ref/Reference
instanceKlass java/security/AccessControlContext
instanceKlass java/security/ProtectionDomain
instanceKlass java/lang/SecurityManager
instanceKlass java/lang/Throwable
instanceKlass java/lang/System
instanceKlass java/lang/ClassLoader
instanceKlass java/lang/Cloneable
instanceKlass java/lang/Class
instanceKlass java/lang/reflect/Type
instanceKlass java/lang/reflect/GenericDeclaration
instanceKlass java/lang/reflect/AnnotatedElement
instanceKlass java/lang/String
instanceKlass java/lang/CharSequence
instanceKlass java/lang/Comparable
instanceKlass java/io/Serializable
ciInstanceKlass java/lang/Object 1 1 78 3 8 8 8 1 1 1 1 1 1 1 1 1 1 1 1 1 1 1 1 1 1 1 1 1 1 1 1 1 1 1 1 1 1 1 1 1 1 1 1 1 1 1 1 1 7 7 100 7 7 7 7 7 1 1 1 12 12 12 12 12 12 12 12 12 12 10 10 10 10 10 10 10 10 10 10 1
ciInstanceKlass java/io/Serializable 1 0 7 1 1 1 100 100 1
ciInstanceKlass java/lang/String 1 1 540 3 3 3 3 8 8 8 8 8 8 8 8 8 8 1 1 1 1 1 1 1 1 1 1 1 1 1 1 1 1 1 1 1 1 1 1 1 1 1 1 1 1 1 1 1 1 1 1 1 1 1 1 1 1 1 1 1 1 1 1 1 1 1 1 1 1 1 1 1 1 1 1 1 1 1 1 1 1 1 1 1 1 1 1 1 1 1 1 1 1 1 1 1 1 1 1 1 1 1 1 1 1 1 1 1 1 1 1 1 1 1 1 1 1 1 1 1 1 1 1 1 1 1 1 1 1 1 1 1 1 1 1 1 1 1 1 1 1 1 1 1 1 1 1 1 1 1 1 1 1 1 1 1 1 1 1 1 1 1 1 1 1 1 1 1 1 1 1 1 1 1 1 1 1 1 1 1 1 1 1 1 1 1 1 1 1 1 1 1 1 1 1 1 1 1 1 1 1 1 1 1 1 1 1 1 1 1 1 1 1 1 1 1 5 0 100 100 100 100 7 7 100 7 100 7 7 100 100 7 100 100 100 7 7 100 7 100 7 7 100 7 100 100 7 100 7 100 100 7 7 7 7 7 7 7 7 7 7 7 1 1 1 1 1 1 1 1 1 1 1 1 1 1 1 1 1 1 1 1 1 1 1 1 1 1 1 1 1 1 1 1 1 1 1 1 1 1 1 1 1 1 1 1 1 1 1 1 1 1 1 1 1 1 1 1 1 1 1 1 1 12 12 12 12 12 12 12 12 12 12 12 12 12 12 12 12 12 12 12 12 12 12 12 12 12 12 12 12 12 12 12 12 12 12 12 12 12 12 12 12 12 12 12 12 12 12 12 12 12 12 12 12 12 12 12 12 12 12 12 12 12 12 12 12 12 12 12 12 12 12 12 12 12 12 12 12 12 12 12 12 12 12 12 12 12 12 12 12 12 12 12 12 12 12 12 12 12 12 12 12 12 9 9 9 9 10 10 10 10 10 10 10 10 10 10 10 10 10 10 10 10 10 10 10 10 10 10 10 10 10 10 10 10 10 10 10 10 10 10 10 10 10 10 10 10 10 10 10 10 10 10 10 10 10 10 10 10 10 10 10 10 10 10 10 10 10 10 10 10 10 10 10 10 10 10 10 10 10 10 10 10 10 10 10 10 10 10 10 10 10 10 10 10 10 10 10 10 10 10 10 10 10 10 10 10 10 10 10 10 11 11 11 11 11 11 11 11 1 1
staticfield java/lang/String serialPersistentFields [Ljava/io/ObjectStreamField; 0 [Ljava/io/ObjectStreamField;
staticfield java/lang/String CASE_INSENSITIVE_ORDER Ljava/util/Comparator; java/lang/String$CaseInsensitiveComparator
ciInstanceKlass java/lang/reflect/Type 1 1 14 1 1 1 1 1 1 1 1 7 100 12 10 1
ciInstanceKlass java/lang/Class 1 1 1190 8 8 8 8 8 8 8 8 8 8 8 8 8 8 8 8 8 8 7 1 1 1 1 1 1 1 1 1 1 1 1 1 1 1 1 1 1 1 1 1 1 1 1 1 1 1 1 1 1 1 1 1 1 1 1 1 1 1 1 1 1 1 1 1 1 1 1 1 1 1 1 1 1 1 1 1 1 1 1 1 1 1 1 1 1 1 1 1 1 1 1 1 1 1 1 1 1 1 1 1 1 1 1 1 1 1 1 1 1 1 1 1 1 1 1 1 1 1 1 1 1 1 1 1 1 1 1 1 1 1 1 1 1 1 1 1 1 1 1 1 1 1 1 1 1 1 1 1 1 1 1 1 1 1 1 1 1 1 1 1 1 1 1 1 1 1 1 1 1 1 1 1 1 1 1 1 1 1 1 1 1 1 1 1 1 1 1 1 1 1 1 1 1 1 1 1 1 1 1 1 1 1 1 1 1 1 1 1 1 1 1 1 1 1 1 1 1 1 1 1 1 1 1 1 1 1 1 1 1 1 1 1 1 1 1 1 1 1 1 1 1 1 1 1 1 1 1 1 1 1 1 1 1 1 1 1 1 1 1 1 1 1 1 1 1 1 1 1 1 1 1 1 1 1 1 1 1 1 1 1 1 1 1 1 1 1 1 1 1 1 1 1 1 1 1 1 1 1 1 1 1 1 1 1 1 1 1 1 1 1 1 1 1 1 1 1 1 1 1 1 1 1 1 1 1 1 1 1 1 1 1 1 1 1 1 1 1 1 1 1 1 1 1 1 1 1 1 1 1 1 1 1 1 1 1 1 1 1 1 1 1 1 1 1 1 1 1 1 1 1 1 1 1 1 1 1 1 1 1 1 1 1 1 1 1 1 1 1 1 1 1 1 1 1 1 1 1 1 1 1 1 1 1 1 1 1 1 1 1 1 1 1 1 1 1 1 1 1 1 1 1 3 3 3 5 0 8 8 8 8 8 7 7 7 100 100 100 7 7 100 7 100 7 7 7 7 100 7 7 100 7 7 100 100 7 7 100 100 7 100 100 7 7 7 7 100 7 100 7 7 7 100 100 7 7 100 100 7 7 100 7 100 7 7 100 100 7 7 7 7 7 7 7 7 7 7 7 7 7 7 7 100 100 7 7 7 7 100 7 100 7 7 100 100 7 100 7 1 1 1 1 1 1 1 1 1 1 1 1 1 1 1 1 1 1 1 1 1 1 1 1 1 1 1 1 1 1 1 1 1 1 1 1 1 1 1 1 1 1 1 1 1 1 1 1 1 1 1 1 1 1 1 1 1 1 1 1 1 1 1 1 1 1 1 1 1 1 1 1 1 1 1 1 1 1 1 1 1 1 1 1 1 1 1 1 1 1 1 1 1 1 1 1 1 1 1 1 1 1 1 1 1 1 1 1 1 1 1 1 1 1 1 1 1 1 1 1 1 1 1 1 1 1 1 1 1 1 1 1 1 1 1 1 1 1 1 1 1 1 1 1 1 1 1 1 1 1 1 1 1 1 1 1 1 1 1 1 1 1 1 1 1 1 1 12 12 12 12 12 12 12 12 12 12 12 12 12 12 12 12 12 12 12 12 12 12 12 12 12 12 12 12 12 12 12 12 12 12 12 12 12 12 12 12 12 12 12 12 12 12 12 12 12 12 12 12 12 12 12 12 12 12 12 12 12 12 12 12 12 12 12 12 12 12 12 12 12 12 12 12 12 12 12 12 12 12 12 12 12 12 12 12 12 12 12 12 12 12 12 12 12 12 12 12 12 12 12 12 12 12 12 12 12 12 12 12 12 12 12 12 12 12 12 12 12 12 12 12 12 12 12 12 12 12 12 12 12 12 12 12 12 12 12 12 12 12 12 12 12 12 12 12 12 12 12 12 12 12 12 12 12 12 12 12 12 12 12 12 12 12 12 12 12 12 12 12 12 12 12 12 12 12 12 12 12 12 12 12 12 12 12 12 12 12 12 12 12 12 12 12 12 12 12 12 12 12 12 12 12 12 12 12 12 12 12 12 12 12 12 12 12 12 12 12 12 12 12 12 12 12 12 12 12 12 12 12 9 9 9 9 9 9 9 9 9 9 9 9 9 9 9 9 9 9 9 9 9 9 9 9 9 9 9 9 9 9 9 9 9 9 9 9 9 10 10 10 10 10 10 10 10 10 10 10 10 10 10 10 10 10 10 10 10 10 10 10 10 10 10 10 10 10 10 10 10 10 10 10 10 10 10 10 10 10 10 10 10 10 10 10 10 10 10 10 10 10 10 10 10 10 10 10 10 10 10 10 10 10 10 10 10 10 10 10 10 10 10 10 10 10 10 10 10 10 10 10 10 10 10 10 10 10 10 10 10 10 10 10 10 10 10 10 10 10 10 10 10 10 10 10 10 10 10 10 10 10 10 10 10 10 10 10 10 10 10 10 10 10 10 10 10 10 10 10 10 10 10 10 10 10 10 10 10 10 10 10 10 10 10 10 10 10 10 10 10 10 10 10 10 10 10 10 10 10 10 10 10 10 10 10 10 10 10 10 10 10 10 10 10 10 10 10 10 10 10 10 10 10 10 10 10 10 10 10 10 10 10 10 10 10 10 10 10 10 10 10 10 10 10 10 10 10 10 11 11 11 11 11 11 11 11 11 11 11 11 11 11 11 11 11 11 1 1 1 1 1 1 1 1
staticfield java/lang/Class serialPersistentFields [Ljava/io/ObjectStreamField; 0 [Ljava/io/ObjectStreamField;
ciInstanceKlass java/lang/Cloneable 1 0 7 1 1 1 100 100 1
instanceKlass org/springframework/core/DecoratingClassLoader
instanceKlass java/util/ResourceBundle$RBClassLoader
instanceKlass sun/reflect/DelegatingClassLoader
instanceKlass java/security/SecureClassLoader
ciInstanceKlass java/lang/ClassLoader 1 1 842 8 8 8 8 8 8 8 8 8 8 8 8 8 8 8 8 8 8 7 1 1 1 1 1 1 1 1 1 1 1 1 1 1 1 1 1 1 1 1 1 1 1 1 1 1 1 1 1 1 1 1 1 1 1 1 1 1 1 1 1 1 1 1 1 1 1 1 1 1 1 1 1 1 1 1 1 1 1 1 1 1 1 1 1 1 1 1 1 1 1 1 1 1 1 1 1 1 1 1 1 1 1 1 1 1 1 1 1 1 1 1 1 1 1 1 1 1 1 1 1 1 1 1 1 1 1 1 1 1 1 1 1 1 1 1 1 1 1 1 1 1 1 1 1 1 1 1 1 1 1 1 1 1 1 1 1 1 1 1 1 1 1 1 1 1 1 1 1 1 1 1 1 1 1 1 1 1 1 1 1 1 1 1 1 1 1 1 1 1 1 1 1 1 1 1 1 1 1 1 1 1 1 1 1 1 1 1 1 1 1 1 1 1 1 1 1 1 1 1 1 1 1 1 1 1 1 1 1 1 1 1 1 1 1 1 1 1 1 1 1 1 1 1 1 1 1 1 1 1 1 1 1 1 1 1 1 1 1 1 1 1 1 1 1 1 1 1 1 1 1 1 1 1 1 1 1 1 1 1 1 1 1 1 1 1 1 1 1 1 1 1 1 1 1 1 1 1 1 100 100 100 7 7 7 7 100 100 100 7 7 100 7 7 7 7 7 7 100 7 100 100 7 7 100 100 7 7 7 7 100 7 100 100 7 100 100 7 7 100 7 7 100 7 7 7 7 7 100 7 7 7 7 7 7 7 7 7 7 7 100 100 1 1 1 1 1 1 1 1 1 1 1 1 1 1 1 1 1 1 1 1 1 1 1 1 1 1 1 1 1 1 1 1 1 1 1 1 1 1 1 1 1 1 1 1 1 1 1 1 1 1 1 1 1 1 1 1 1 1 1 1 1 1 1 1 1 1 1 1 1 1 1 1 1 1 1 1 1 1 1 1 1 1 1 1 1 1 1 1 1 1 1 1 1 1 1 1 1 1 1 1 1 1 1 1 1 1 1 1 1 1 1 1 1 1 12 12 12 12 12 12 12 12 12 12 12 12 12 12 12 12 12 12 12 12 12 12 12 12 12 12 12 12 12 12 12 12 12 12 12 12 12 12 12 12 12 12 12 12 12 12 12 12 12 12 12 12 12 12 12 12 12 12 12 12 12 12 12 12 12 12 12 12 12 12 12 12 12 12 12 12 12 12 12 12 12 12 12 12 12 12 12 12 12 12 12 12 12 12 12 12 12 12 12 12 12 12 12 12 12 12 12 12 12 12 12 12 12 12 12 12 12 12 12 12 12 12 12 12 12 12 12 12 12 12 12 12 12 12 12 12 12 12 12 12 12 12 12 12 12 12 12 12 12 12 12 12 12 12 12 12 12 12 12 12 12 12 12 12 12 12 12 12 12 9 9 9 9 9 9 9 9 9 9 9 9 9 9 9 9 9 9 9 9 9 9 9 9 9 9 9 9 9 10 10 10 10 10 10 10 10 10 10 10 10 10 10 10 10 10 10 10 10 10 10 10 10 10 10 10 10 10 10 10 10 10 10 10 10 10 10 10 10 10 10 10 10 10 10 10 10 10 10 10 10 10 10 10 10 10 10 10 10 10 10 10 10 10 10 10 10 10 10 10 10 10 10 10 10 10 10 10 10 10 10 10 10 10 10 10 10 10 10 10 10 10 10 10 10 10 10 10 10 10 10 10 10 10 10 10 10 10 10 10 10 10 10 10 10 10 10 10 10 10 10 10 10 10 10 10 10 10 10 10 10 10 10 10 10 10 10 10 10 10 10 10 10 10 10 10 10 10 10 10 10 10 10 10 10 10 10 10 10 11 11 11 11 11 11 1 1
staticfield java/lang/ClassLoader nocerts [Ljava/security/cert/Certificate; 0 [Ljava/security/cert/Certificate;
ciInstanceKlass java/lang/System 1 1 369 8 8 8 8 8 8 8 8 8 8 8 8 8 7 1 1 1 1 1 1 1 1 1 1 1 1 1 1 1 1 1 1 1 1 1 1 1 1 1 1 1 1 1 1 1 1 1 1 1 1 1 1 1 1 1 1 1 1 1 1 1 1 1 1 1 1 1 1 1 1 1 1 1 1 1 1 1 1 1 1 1 1 1 1 1 1 1 1 1 1 1 1 1 1 1 1 1 1 1 1 1 1 1 1 1 1 1 1 1 1 1 1 1 1 1 1 1 1 1 1 1 1 1 1 1 1 1 1 1 1 1 1 1 1 1 1 1 1 1 1 1 1 1 1 1 1 1 1 1 1 1 7 7 7 7 7 100 7 100 100 100 100 100 100 7 7 100 100 7 100 100 7 7 7 7 100 100 100 7 100 7 7 7 7 7 1 1 1 1 1 1 1 1 1 1 1 1 1 1 1 1 1 1 1 1 1 1 1 1 1 1 1 1 1 1 1 1 1 1 1 1 1 1 1 1 12 12 12 12 12 12 12 12 12 12 12 12 12 12 12 12 12 12 12 12 12 12 12 12 12 12 12 12 12 12 12 12 12 12 12 12 12 12 12 12 12 12 12 12 12 12 12 12 12 12 12 12 12 12 12 12 12 12 12 12 12 12 12 12 12 12 12 12 9 9 9 9 9 9 9 9 9 9 10 10 10 10 10 10 10 10 10 10 10 10 10 10 10 10 10 10 10 10 10 10 10 10 10 10 10 10 10 10 10 10 10 10 10 10 10 10 10 10 10 10 10 10 10 10 10 10 10 10 10 10 10 10 10 10 10 10 10 10 10 10 10 11 1
staticfield java/lang/System in Ljava/io/InputStream; java/io/BufferedInputStream
staticfield java/lang/System out Ljava/io/PrintStream; java/io/PrintStream
staticfield java/lang/System err Ljava/io/PrintStream; java/io/PrintStream
instanceKlass io/netty/util/ResourceLeakDetector$TraceRecord
instanceKlass java/lang/Exception
instanceKlass java/lang/Error
ciInstanceKlass java/lang/Throwable 1 1 327 8 8 8 8 8 8 8 8 8 8 8 8 8 8 8 8 8 7 1 1 1 1 1 1 1 1 1 1 1 1 1 1 1 1 1 1 1 1 1 1 1 1 1 1 1 1 1 1 1 1 1 1 1 1 1 1 1 1 1 1 1 1 1 1 1 1 1 1 1 1 1 1 1 1 1 1 1 1 1 1 1 1 1 1 1 1 1 1 1 1 1 1 1 1 1 1 1 1 1 1 1 1 1 1 1 1 1 1 1 1 1 1 1 1 1 1 1 1 1 1 1 1 1 1 1 1 1 1 1 1 1 1 1 1 1 1 1 1 1 1 1 1 1 1 1 1 5 0 7 100 100 100 100 100 100 7 100 100 100 100 7 7 100 7 100 100 100 100 100 100 100 7 7 100 100 100 100 100 1 1 1 1 1 1 1 1 1 1 1 1 1 1 1 1 1 1 1 1 1 1 1 1 1 1 1 1 12 12 12 12 12 12 12 12 12 12 12 12 12 12 12 12 12 12 12 12 12 12 12 12 12 12 12 12 12 12 12 12 12 12 12 12 12 12 12 12 12 12 12 12 12 12 12 12 12 12 12 12 12 12 9 9 9 9 9 9 9 9 9 9 9 9 10 10 10 10 10 10 10 10 10 10 10 10 10 10 10 10 10 10 10 10 10 10 10 10 10 10 10 10 10 10 10 10 10 10 10 10 10 10 10 10 10 11 11 11 11 11 11 11 11 1 1 1 1 1
staticfield java/lang/Throwable UNASSIGNED_STACK [Ljava/lang/StackTraceElement; 0 [Ljava/lang/StackTraceElement;
staticfield java/lang/Throwable SUPPRESSED_SENTINEL Ljava/util/List; java/util/Collections$UnmodifiableRandomAccessList
staticfield java/lang/Throwable EMPTY_THROWABLE_ARRAY [Ljava/lang/Throwable; 0 [Ljava/lang/Throwable;
staticfield java/lang/Throwable $assertionsDisabled Z 1
instanceKlass com/google/common/util/concurrent/ExecutionError
instanceKlass java/util/ServiceConfigurationError
instanceKlass java/lang/AssertionError
instanceKlass java/lang/VirtualMachineError
instanceKlass java/lang/LinkageError
instanceKlass java/lang/ThreadDeath
ciInstanceKlass java/lang/Error 1 1 30 1 1 1 1 1 1 1 1 1 1 1 1 5 0 100 7 1 1 12 12 12 12 12 10 10 10 10 10 1
ciInstanceKlass java/lang/ThreadDeath 0 0 18 1 1 1 1 1 1 1 1 1 1 5 0 100 100 12 10 1
instanceKlass org/apache/ibatis/javassist/CannotCompileException
instanceKlass org/apache/tomcat/websocket/AuthenticationException
instanceKlass java/lang/instrument/IllegalClassFormatException
instanceKlass org/apache/catalina/connector/CoyoteAdapter$RecycleRequiredException
instanceKlass javax/websocket/DeploymentException
instanceKlass org/ietf/jgss/GSSException
instanceKlass org/apache/catalina/LifecycleException
instanceKlass javax/management/JMException
instanceKlass org/springframework/validation/BindException
instanceKlass org/aspectj/lang/reflect/NoSuchPointcutException
instanceKlass org/aspectj/lang/reflect/NoSuchAdviceException
instanceKlass java/util/concurrent/ExecutionException
instanceKlass java/sql/SQLException
instanceKlass java/beans/PropertyVetoException
instanceKlass org/springframework/expression/AccessException
instanceKlass java/lang/CloneNotSupportedException
instanceKlass javax/servlet/ServletException
instanceKlass javax/xml/bind/JAXBException
instanceKlass javax/xml/parsers/ParserConfigurationException
instanceKlass javax/xml/stream/XMLStreamException
instanceKlass org/xml/sax/SAXException
instanceKlass javax/xml/transform/TransformerException
instanceKlass java/beans/IntrospectionException
instanceKlass java/text/ParseException
instanceKlass javax/naming/NamingException
instanceKlass java/net/URISyntaxException
instanceKlass java/util/concurrent/TimeoutException
instanceKlass ch/qos/logback/core/boolex/EvaluationException
instanceKlass java/security/GeneralSecurityException
instanceKlass ch/qos/logback/core/spi/ScanException
instanceKlass ch/qos/logback/core/util/DynamicClassLoadingException
instanceKlass ch/qos/logback/core/util/IncompatibleClassException
instanceKlass ch/qos/logback/core/joran/spi/JoranException
instanceKlass java/security/PrivilegedActionException
instanceKlass java/io/IOException
instanceKlass java/lang/InterruptedException
instanceKlass java/lang/ReflectiveOperationException
instanceKlass java/lang/RuntimeException
ciInstanceKlass java/lang/Exception 1 1 30 1 1 1 1 1 1 1 1 1 1 1 1 5 0 100 7 1 1 12 12 12 12 12 10 10 10 10 10 1
instanceKlass java/nio/BufferOverflowException
instanceKlass com/google/gson/JsonParseException
instanceKlass java/util/concurrent/CompletionException
instanceKlass java/lang/reflect/MalformedParametersException
instanceKlass com/google/common/cache/CacheLoader$InvalidCacheLoadException
instanceKlass com/google/common/util/concurrent/UncheckedExecutionException
instanceKlass com/github/pagehelper/PageException
instanceKlass io/netty/channel/ChannelException
instanceKlass io/lettuce/core/RedisException
instanceKlass com/aliyun/oss/ClientException
instanceKlass com/aliyun/oss/ServiceException
instanceKlass java/lang/NegativeArraySizeException
instanceKlass org/aspectj/apache/bcel/generic/ClassGenException
instanceKlass org/aspectj/apache/bcel/classfile/ClassFormatException
instanceKlass com/alibaba/druid/DruidRuntimeException
instanceKlass com/sky/exception/BaseException
instanceKlass org/apache/tomcat/util/threads/StopPooledThreadException
instanceKlass java/nio/BufferUnderflowException
instanceKlass org/apache/coyote/ProtocolException
instanceKlass java/util/concurrent/RejectedExecutionException
instanceKlass javax/management/JMRuntimeException
instanceKlass org/apache/juli/logging/LogConfigurationException
instanceKlass org/springframework/boot/web/server/WebServerException
instanceKlass org/springframework/context/NoSuchMessageException
instanceKlass org/springframework/transaction/interceptor/TransactionAspectSupport$ThrowableHolderException
instanceKlass org/aspectj/bridge/AbortException
instanceKlass org/aspectj/weaver/BCException
instanceKlass org/aspectj/weaver/tools/UnsupportedPointcutPrimitiveException
instanceKlass org/aspectj/weaver/patterns/ParserException
instanceKlass org/aspectj/weaver/reflect/ReflectionWorld$ReflectionWorldException
instanceKlass org/springframework/cglib/core/ClassNameReader$EarlyExitException
instanceKlass org/springframework/cglib/core/CodeGenerationException
instanceKlass org/springframework/objenesis/ObjenesisException
instanceKlass org/apache/ibatis/exceptions/IbatisException
instanceKlass org/springframework/data/mapping/MappingException
instanceKlass org/springframework/boot/autoconfigure/data/redis/RedisUrlSyntaxException
instanceKlass org/springframework/boot/context/properties/IncompatibleConfigurationException
instanceKlass org/springframework/boot/autoconfigure/condition/OnBeanCondition$BeanTypeDeductionException
instanceKlass org/springframework/expression/ExpressionException
instanceKlass javax/validation/ValidationException
instanceKlass java/nio/file/FileSystemNotFoundException
instanceKlass org/yaml/snakeyaml/error/YAMLException
instanceKlass org/springframework/boot/context/properties/bind/UnboundConfigurationPropertiesException
instanceKlass org/springframework/boot/context/properties/bind/BindException
instanceKlass java/util/ConcurrentModificationException
instanceKlass org/springframework/boot/context/config/ConfigDataException
instanceKlass java/time/DateTimeException
instanceKlass java/util/MissingResourceException
instanceKlass java/lang/TypeNotPresentException
instanceKlass org/springframework/boot/context/properties/source/InvalidConfigurationPropertyNameException
instanceKlass java/util/NoSuchElementException
instanceKlass java/lang/reflect/UndeclaredThrowableException
instanceKlass org/springframework/core/NestedRuntimeException
instanceKlass java/lang/UnsupportedOperationException
instanceKlass java/lang/invoke/WrongMethodTypeException
instanceKlass ch/qos/logback/core/LogbackException
instanceKlass java/lang/IndexOutOfBoundsException
instanceKlass java/lang/SecurityException
instanceKlass java/lang/IllegalStateException
instanceKlass java/lang/IllegalArgumentException
instanceKlass java/lang/ArithmeticException
instanceKlass java/lang/NullPointerException
instanceKlass java/lang/IllegalMonitorStateException
instanceKlass java/lang/ArrayStoreException
instanceKlass java/lang/ClassCastException
ciInstanceKlass java/lang/RuntimeException 1 1 30 1 1 1 1 1 1 1 1 1 1 1 1 5 0 7 100 1 1 12 12 12 12 12 10 10 10 10 10 1
ciInstanceKlass java/lang/SecurityManager 0 0 375 8 8 8 8 8 8 8 8 8 8 8 8 8 8 8 8 8 8 8 8 8 8 8 8 8 8 8 8 8 8 8 8 8 8 8 8 100 1 1 1 1 1 1 1 1 1 1 1 1 1 1 1 1 1 1 1 1 1 1 1 1 1 1 1 1 1 1 1 1 1 1 1 1 1 1 1 1 1 1 1 1 1 1 1 1 1 1 1 1 1 1 1 1 1 1 1 1 1 1 1 1 1 1 1 1 1 1 1 1 1 1 1 1 1 1 1 1 1 1 1 1 1 1 1 1 1 1 1 1 1 1 1 1 1 1 1 1 1 1 1 1 1 1 1 1 1 1 1 1 1 1 1 1 1 1 1 1 1 1 1 1 1 1 1 1 1 1 1 1 1 1 1 1 1 1 1 1 1 1 1 1 1 1 1 1 1 1 1 1 1 1 1 1 1 1 1 1 1 1 1 1 100 100 100 100 100 100 100 100 100 100 100 100 100 100 100 100 100 100 100 100 100 100 100 100 100 100 100 100 1 1 1 1 1 1 1 1 1 1 1 1 1 1 1 1 1 1 1 1 1 1 1 1 1 1 1 1 1 1 1 12 12 12 12 12 12 12 12 12 12 12 12 12 12 12 12 12 12 12 12 12 12 12 12 12 12 12 12 12 12 12 12 12 12 12 12 12 12 12 12 12 12 12 12 12 12 12 12 12 12 12 9 9 9 9 9 9 9 9 9 9 9 9 9 9 9 9 9 10 10 10 10 10 10 10 10 10 10 10 10 10 10 10 10 10 10 10 10 10 10 10 10 10 10 10 10 10 10 10 10 10 10 10 10 10 10 10 10 10 10 10 10 10 1
ciInstanceKlass java/security/ProtectionDomain 1 1 270 8 8 8 8 8 8 8 8 8 8 1 1 1 1 1 1 1 1 1 1 1 1 1 1 1 1 1 1 1 1 1 1 1 1 1 1 1 1 1 1 1 1 1 1 1 1 1 1 1 1 1 1 1 1 1 1 1 1 1 1 1 1 1 1 1 1 1 1 1 1 1 1 1 1 1 1 1 1 1 1 1 1 1 1 1 1 1 1 1 1 1 1 1 1 1 1 1 1 1 1 1 1 1 1 1 1 1 1 7 100 100 7 100 100 100 100 100 100 100 100 100 7 7 7 7 7 100 7 7 7 100 100 100 7 7 100 1 1 1 1 1 1 1 1 1 1 1 1 1 1 1 1 1 1 1 1 1 1 1 1 1 1 1 1 12 12 12 12 12 12 12 12 12 12 12 12 12 12 12 12 12 12 12 12 12 12 12 12 12 12 12 12 12 12 12 12 12 12 12 12 12 12 12 12 12 12 12 12 12 12 12 12 9 9 9 9 9 9 9 9 9 9 9 10 10 10 10 10 10 10 10 10 10 10 10 10 10 10 10 10 10 10 10 10 10 10 10 10 10 10 10 10 10 10 10 10 10 10 10 10 11 11 11 11 11 11 11 1 1
staticfield java/security/ProtectionDomain debug Lsun/security/util/Debug; null
ciInstanceKlass java/security/AccessControlContext 1 1 305 8 8 8 8 8 8 8 8 8 8 8 8 8 7 1 1 1 1 1 1 1 1 1 1 1 1 1 1 1 1 1 1 1 1 1 1 1 1 1 1 1 1 1 1 1 1 1 1 1 1 1 1 1 1 1 1 1 1 1 1 1 1 1 1 1 1 1 1 1 1 1 1 1 1 1 1 1 1 1 1 1 1 1 1 1 1 1 1 1 1 1 1 1 1 1 1 1 1 1 1 1 1 1 1 1 1 1 1 1 1 1 1 1 1 1 1 1 1 1 1 1 1 1 100 100 100 100 7 100 7 7 100 100 7 100 7 7 100 100 7 7 7 100 100 7 100 1 1 1 1 1 1 1 1 1 1 1 1 1 1 1 1 1 1 1 1 1 1 1 1 1 1 1 1 1 1 1 1 1 1 12 12 12 12 12 12 12 12 12 12 12 12 12 12 12 12 12 12 12 12 12 12 12 12 12 12 12 12 12 12 12 12 12 12 12 12 12 12 12 12 12 12 12 12 12 12 12 12 12 12 12 12 12 12 12 12 12 12 9 9 9 9 9 9 9 9 9 9 9 9 9 9 10 10 10 10 10 10 10 10 10 10 10 10 10 10 10 10 10 10 10 10 10 10 10 10 10 10 10 10 10 10 10 10 10 10 10 10 10 10 10 10 10 10 10 10 10 11 11 11 11 11 11 1
instanceKlass java/net/URLClassLoader
ciInstanceKlass java/security/SecureClassLoader 1 1 130 8 8 8 8 1 1 1 1 1 1 1 1 1 1 1 1 1 1 1 1 1 1 1 1 1 1 1 1 1 1 1 1 1 1 1 1 1 1 1 1 1 1 1 1 1 1 1 1 1 1 7 100 100 100 100 7 100 7 7 7 7 7 1 1 1 1 1 1 1 1 1 1 1 1 1 1 1 1 1 1 12 12 12 12 12 12 12 12 12 12 12 12 12 12 12 12 12 12 12 12 12 12 12 9 9 9 10 10 10 10 10 10 10 10 10 10 10 10 10 10 10 10 10 10 10 10 10 10 1
staticfield java/security/SecureClassLoader debug Lsun/security/util/Debug; null
instanceKlass java/lang/reflect/InvocationTargetException
instanceKlass java/lang/NoSuchFieldException
instanceKlass java/lang/InstantiationException
instanceKlass java/lang/NoSuchMethodException
instanceKlass java/lang/IllegalAccessException
instanceKlass java/lang/ClassNotFoundException
ciInstanceKlass java/lang/ReflectiveOperationException 1 1 27 1 1 1 1 1 1 1 1 1 1 1 1 5 0 7 100 1 12 12 12 12 10 10 10 10 1
ciInstanceKlass java/lang/ClassNotFoundException 1 1 32 1 1 1 1 1 1 1 1 1 1 1 1 1 1 1 1 5 0 100 7 100 1 1 1 12 12 12 9 10 10 1
instanceKlass java/lang/VerifyError
instanceKlass java/lang/ExceptionInInitializerError
instanceKlass java/lang/ClassCircularityError
instanceKlass java/lang/UnsatisfiedLinkError
instanceKlass java/lang/ClassFormatError
instanceKlass java/lang/IncompatibleClassChangeError
instanceKlass java/lang/BootstrapMethodError
instanceKlass java/lang/NoClassDefFoundError
ciInstanceKlass java/lang/LinkageError 1 1 24 1 1 1 1 1 1 1 1 1 1 1 5 0 7 100 1 12 12 12 10 10 10 1
ciInstanceKlass java/lang/NoClassDefFoundError 1 1 21 1 1 1 1 1 1 1 1 1 1 1 5 0 7 100 12 12 10 10 1
ciInstanceKlass java/lang/ClassCastException 1 1 21 1 1 1 1 1 1 1 1 1 1 1 5 0 100 100 12 12 10 10 1
ciInstanceKlass java/lang/ArrayStoreException 1 1 21 1 1 1 1 1 1 1 1 1 1 1 5 0 100 100 12 12 10 10 1
instanceKlass java/lang/InternalError
instanceKlass java/lang/StackOverflowError
instanceKlass java/lang/OutOfMemoryError
ciInstanceKlass java/lang/VirtualMachineError 1 1 27 1 1 1 1 1 1 1 1 1 1 1 1 5 0 100 100 1 12 12 12 12 10 10 10 10 1
instanceKlass io/netty/util/internal/OutOfDirectMemoryError
ciInstanceKlass java/lang/OutOfMemoryError 1 1 21 1 1 1 1 1 1 1 1 1 1 1 5 0 100 100 12 12 10 10 1
ciInstanceKlass java/lang/StackOverflowError 1 1 21 1 1 1 1 1 1 1 1 1 1 1 5 0 100 100 12 12 10 10 1
ciInstanceKlass java/lang/IllegalMonitorStateException 1 1 21 1 1 1 1 1 1 1 1 1 1 1 5 0 100 100 12 12 10 10 1
instanceKlass java/lang/ref/PhantomReference
instanceKlass java/lang/ref/FinalReference
instanceKlass java/lang/ref/WeakReference
instanceKlass java/lang/ref/SoftReference
ciInstanceKlass java/lang/ref/Reference 1 1 134 8 1 1 1 1 1 1 1 1 1 1 1 1 1 1 1 1 1 1 1 1 1 1 1 1 1 1 1 1 1 1 1 1 1 1 1 1 1 1 1 1 1 1 1 1 1 1 1 1 1 1 1 1 1 1 1 100 7 100 7 7 100 7 7 7 7 7 7 7 1 1 1 1 1 1 1 1 1 1 1 1 1 1 1 1 12 12 12 12 12 12 12 12 12 12 12 12 12 12 12 12 12 12 12 12 12 12 9 9 9 9 9 9 9 10 10 10 10 10 10 10 10 10 10 10 10 10 10 10 10 1 1 1
instanceKlass com/google/common/cache/LocalCache$SoftValueReference
instanceKlass org/aspectj/apache/bcel/util/ClassLoaderRepository$SoftHashMap$SpecialValue
instanceKlass sun/security/util/MemoryCache$SoftCacheEntry
instanceKlass org/springframework/util/ConcurrentReferenceHashMap$SoftEntryReference
instanceKlass java/lang/invoke/LambdaFormEditor$Transform
instanceKlass sun/util/locale/provider/LocaleResources$ResourceReference
instanceKlass java/util/ResourceBundle$BundleReference
instanceKlass sun/util/locale/LocaleObjectCache$CacheEntry
ciInstanceKlass java/lang/ref/SoftReference 1 1 35 1 1 1 1 1 1 1 1 1 1 1 1 1 1 1 1 100 7 7 1 1 1 1 12 12 12 12 12 9 9 10 10 10 1
instanceKlass java/beans/WeakIdentityMap$Entry
instanceKlass com/google/common/cache/LocalCache$WeakValueReference
instanceKlass io/netty/util/ResourceLeakDetector$DefaultResourceLeak
instanceKlass com/sun/jmx/mbeanserver/WeakIdentityHashMap$IdentityWeakReference
instanceKlass org/apache/tomcat/util/collections/ManagedConcurrentWeakHashMap$Key
instanceKlass java/lang/reflect/Proxy$Key2
instanceKlass org/springframework/cglib/core/WeakCacheKey
instanceKlass java/util/logging/LogManager$LoggerWeakRef
instanceKlass java/lang/reflect/WeakCache$CacheValue
instanceKlass java/lang/reflect/Proxy$Key1
instanceKlass java/lang/reflect/WeakCache$CacheKey
instanceKlass java/lang/invoke/MethodType$ConcurrentWeakInternSet$WeakEntry
instanceKlass java/util/ResourceBundle$LoaderReference
instanceKlass java/lang/ClassValue$Entry
instanceKlass java/util/WeakHashMap$Entry
instanceKlass java/lang/ThreadLocal$ThreadLocalMap$Entry
ciInstanceKlass java/lang/ref/WeakReference 1 1 20 1 1 1 1 1 1 1 1 7 100 1 1 1 1 12 12 10 10 1
instanceKlass java/lang/ref/Finalizer
ciInstanceKlass java/lang/ref/FinalReference 1 1 16 1 1 1 1 1 1 1 100 7 1 1 1 12 10 1
instanceKlass sun/misc/Cleaner
ciInstanceKlass java/lang/ref/PhantomReference 1 1 19 1 1 1 1 1 1 1 1 1 1 100 7 1 1 1 12 10 1
ciInstanceKlass sun/misc/Cleaner 1 1 74 1 1 1 1 1 1 1 1 1 1 1 1 1 1 1 1 1 1 1 1 1 1 1 1 1 1 1 7 100 7 7 100 7 100 1 1 1 1 1 1 1 1 1 1 1 1 12 12 12 12 12 12 12 12 12 12 12 12 12 9 9 9 9 9 10 10 10 10 10 10 10 11 1
staticfield sun/misc/Cleaner dummyQueue Ljava/lang/ref/ReferenceQueue; java/lang/ref/ReferenceQueue
ciInstanceKlass java/lang/ref/Finalizer 1 1 148 1 1 1 1 1 1 1 1 1 1 1 1 1 1 1 1 1 1 1 1 1 1 1 1 1 1 1 1 1 1 1 1 1 1 1 1 1 1 1 1 1 1 1 1 1 1 1 1 1 1 1 1 1 1 1 1 1 1 1 7 7 7 7 100 7 7 100 100 100 7 7 100 7 100 1 1 1 1 1 1 1 1 1 1 1 1 1 1 1 1 12 12 12 12 12 12 12 12 12 12 12 12 12 12 12 12 12 12 12 12 12 12 12 12 12 12 9 9 9 9 9 10 10 10 10 10 10 10 10 10 10 10 10 10 10 10 10 10 10 10 10 10 10 10 11 1 1
staticfield java/lang/ref/Finalizer lock Ljava/lang/Object; java/lang/Object
instanceKlass java/util/concurrent/ForkJoinWorkerThread
instanceKlass io/netty/util/concurrent/FastThreadLocalThread
instanceKlass com/alibaba/druid/pool/DruidDataSource$LogStatsThread
instanceKlass com/alibaba/druid/pool/DruidDataSource$DestroyConnectionThread
instanceKlass com/alibaba/druid/pool/DruidDataSource$CreateConnectionThread
instanceKlass org/apache/tomcat/util/threads/TaskThread
instanceKlass org/springframework/boot/web/embedded/tomcat/TomcatWebServer$1
instanceKlass org/springframework/context/support/AbstractApplicationContext$1
instanceKlass java/util/logging/LogManager$Cleaner
instanceKlass java/lang/ref/Finalizer$FinalizerThread
instanceKlass java/lang/ref/Reference$ReferenceHandler
ciInstanceKlass java/lang/Thread 1 1 546 3 3 8 8 8 8 8 8 8 8 8 8 8 8 7 1 1 1 1 1 1 1 1 1 1 1 1 1 1 1 1 1 1 1 1 1 1 1 1 1 1 1 1 1 1 1 1 1 1 1 1 1 1 1 1 1 1 1 1 1 1 1 1 1 1 1 1 1 1 1 1 1 1 1 1 1 1 1 1 1 1 1 1 1 1 1 1 1 1 1 1 1 1 1 1 1 1 1 1 1 1 1 1 1 1 1 1 1 1 1 1 1 1 1 1 1 1 1 1 1 1 1 1 1 1 1 1 1 1 1 1 1 1 1 1 1 1 1 1 1 1 1 1 1 1 1 1 1 1 1 1 1 1 1 1 1 1 1 1 1 1 1 1 1 1 1 1 1 1 1 1 1 1 1 1 1 1 1 1 1 1 1 1 1 1 1 1 1 1 1 1 1 1 1 1 1 1 1 1 1 1 1 1 1 1 1 1 1 1 1 1 1 1 1 1 1 1 1 1 1 1 1 1 1 1 1 1 3 3 3 100 100 100 100 100 100 7 100 100 100 100 100 7 7 7 100 7 7 7 7 100 100 100 100 100 100 7 7 100 100 100 100 100 100 7 100 100 100 7 100 100 100 1 1 1 1 1 1 1 1 1 1 1 1 1 1 1 1 1 1 1 1 1 1 1 1 1 1 1 1 1 1 1 1 1 1 1 1 1 1 1 1 1 1 1 1 1 1 1 1 1 1 1 1 1 1 1 1 1 1 12 12 12 12 12 12 12 12 12 12 12 12 12 12 12 12 12 12 12 12 12 12 12 12 12 12 12 12 12 12 12 12 12 12 12 12 12 12 12 12 12 12 12 12 12 12 12 12 12 12 12 12 12 12 12 12 12 12 12 12 12 12 12 12 12 12 12 12 12 12 12 12 12 12 12 12 12 12 12 12 12 12 12 12 12 12 12 12 12 12 12 12 12 12 12 12 12 12 9 9 9 9 9 9 9 9 9 9 9 9 9 9 9 9 9 9 9 9 9 9 9 9 9 9 10 10 10 10 10 10 10 10 10 10 10 10 10 10 10 10 10 10 10 10 10 10 10 10 10 10 10 10 10 10 10 10 10 10 10 10 10 10 10 10 10 10 10 10 10 10 10 10 10 10 10 10 10 10 10 10 10 10 10 10 10 10 10 10 10 10 10 10 10 10 10 10 10 10 10 10 10 10 10 11 11 11 11 11 11 11 1 1 1 1 1
staticfield java/lang/Thread EMPTY_STACK_TRACE [Ljava/lang/StackTraceElement; 0 [Ljava/lang/StackTraceElement;
staticfield java/lang/Thread SUBCLASS_IMPLEMENTATION_PERMISSION Ljava/lang/RuntimePermission; java/lang/RuntimePermission
ciInstanceKlass java/lang/ThreadGroup 1 1 268 8 8 8 8 8 8 8 1 1 1 1 1 1 1 1 1 1 1 1 1 1 1 1 1 1 1 1 1 1 1 1 1 1 1 1 1 1 1 1 1 1 1 1 1 1 1 1 1 1 1 1 1 1 1 1 1 1 1 1 1 1 1 1 1 1 1 1 1 1 1 1 1 1 1 1 1 1 1 1 1 1 1 1 1 1 1 1 1 1 1 1 1 1 1 1 1 1 1 1 1 1 1 1 1 1 1 1 1 7 100 100 100 100 100 7 100 100 7 7 100 100 7 100 7 100 1 1 1 1 1 1 1 1 1 1 1 1 1 1 1 1 1 1 1 1 1 1 1 1 1 1 1 12 12 12 12 12 12 12 12 12 12 12 12 12 12 12 12 12 12 12 12 12 12 12 12 12 12 12 12 12 12 12 12 12 12 12 12 12 12 12 12 12 12 12 12 12 12 12 12 12 12 12 12 12 9 9 9 9 9 9 9 9 9 9 9 9 9 10 10 10 10 10 10 10 10 10 10 10 10 10 10 10 10 10 10 10 10 10 10 10 10 10 10 10 10 10 10 10 10 10 10 10 10 10 10 10 10 10 10 10 10 10 10 11 1 1
ciInstanceKlass java/util/Map 1 1 132 1 1 1 1 1 1 1 1 1 1 1 1 1 1 1 1 1 1 1 1 1 1 1 1 1 1 1 1 1 1 1 1 1 1 1 1 1 1 1 1 1 1 1 1 1 1 1 1 1 1 1 1 1 1 1 1 1 1 1 1 1 100 100 100 7 7 7 7 7 7 100 7 1 1 1 1 1 1 1 1 1 1 1 1 1 1 1 1 1 1 1 1 1 1 1 1 12 12 12 12 12 12 12 12 12 12 12 12 12 12 12 12 12 10 10 10 11 11 11 11 11 11 11 11 11 11 11 11 11 11 1
instanceKlass java/util/Hashtable
ciInstanceKlass java/util/Dictionary 1 1 31 1 1 1 1 1 1 1 1 1 1 1 1 1 1 1 1 1 1 1 7 100 1 1 1 1 1 1 12 10 1
instanceKlass java/util/Properties
ciInstanceKlass java/util/Hashtable 1 1 397 3 3 4 4 8 8 8 8 8 1 1 1 1 1 1 1 1 1 1 1 1 1 1 1 1 1 1 1 1 1 1 1 1 1 1 1 1 1 1 1 1 1 1 1 1 1 1 1 1 1 1 1 1 1 1 1 1 1 1 1 1 1 1 1 1 1 1 1 1 1 1 1 1 1 1 1 1 1 1 1 1 1 1 1 1 1 1 1 1 1 1 1 1 1 1 1 1 1 1 1 1 1 1 1 1 1 1 1 1 1 1 1 1 1 1 1 1 1 1 1 1 1 1 1 1 1 1 1 1 1 1 1 1 1 1 1 1 1 1 1 1 1 1 1 1 1 1 1 1 1 1 1 1 1 1 1 1 1 1 3 3 3 5 0 100 7 100 100 100 7 100 7 100 100 7 100 100 7 100 7 100 100 100 7 100 7 7 100 7 7 7 7 100 7 7 7 100 7 100 100 100 1 1 1 1 1 1 1 1 1 1 1 1 1 1 1 1 1 1 1 1 1 1 1 1 1 1 1 1 1 1 1 1 1 1 1 1 1 1 1 1 1 1 1 1 1 1 1 1 1 1 1 1 1 1 12 12 12 12 12 12 12 12 12 12 12 12 12 12 12 12 12 12 12 12 12 12 12 12 12 12 12 12 12 12 12 12 12 12 12 12 12 12 12 12 12 12 12 12 12 12 12 12 12 12 12 12 12 12 12 12 12 12 12 12 12 12 9 9 9 9 9 9 9 9 9 9 9 9 10 10 10 10 10 10 10 10 10 10 10 10 10 10 10 10 10 10 10 10 10 10 10 10 10 10 10 10 10 10 10 10 10 10 10 10 10 10 10 10 10 10 10 10 10 10 10 10 10 10 11 11 11 11 11 11 11 11 11 11 11 11 1 1 1 1 1
instanceKlass java/security/Provider
instanceKlass org/springframework/beans/factory/support/ManagedProperties
instanceKlass org/springframework/core/SortedProperties
ciInstanceKlass java/util/Properties 1 1 263 3 8 8 8 8 8 8 8 1 1 1 1 1 1 1 1 1 1 1 1 1 1 1 1 1 1 1 1 1 1 1 1 1 1 1 1 1 1 1 1 1 1 1 1 1 1 1 1 1 1 1 1 1 1 1 1 1 1 1 1 1 1 1 1 1 1 1 1 1 1 1 1 1 1 1 1 1 1 1 1 1 1 1 1 1 1 1 1 1 1 1 1 1 1 1 1 1 1 1 1 1 1 1 1 1 5 0 100 100 7 100 100 100 100 100 100 100 100 7 100 100 100 100 7 7 7 100 7 7 100 1 1 1 1 1 1 1 1 1 1 1 1 1 1 1 1 1 1 1 1 1 1 1 1 1 1 1 1 1 1 1 12 12 12 12 12 12 12 12 12 12 12 12 12 12 12 12 12 12 12 12 12 12 12 12 12 12 12 12 12 12 12 12 12 12 12 12 12 12 12 12 12 12 12 12 12 9 9 9 10 10 10 10 10 10 10 10 10 10 10 10 10 10 10 10 10 10 10 10 10 10 10 10 10 10 10 10 10 10 10 10 10 10 10 10 10 10 10 10 10 10 10 10 10 10 10 10 11 11 1 1 1
staticfield java/util/Properties hexDigit [C 16
instanceKlass java/lang/reflect/Executable
instanceKlass java/lang/reflect/Field
ciInstanceKlass java/lang/reflect/AccessibleObject 1 1 144 8 8 8 7 1 1 1 1 1 1 1 1 1 1 1 1 1 1 1 1 1 1 1 1 1 1 1 1 1 1 1 1 1 1 1 1 1 1 1 1 1 1 1 1 1 1 1 1 1 1 1 1 1 1 1 1 1 1 1 1 1 1 1 100 100 100 7 100 100 7 7 7 7 100 7 7 7 7 7 1 1 1 1 1 1 1 1 1 1 1 1 1 1 1 1 1 1 1 1 12 12 12 12 12 12 12 12 12 12 12 12 12 12 12 12 12 12 12 12 9 9 9 9 10 10 10 10 10 10 10 10 10 10 10 10 10 10 10 10 10 11 1 1
staticfield java/lang/reflect/AccessibleObject ACCESS_PERMISSION Ljava/security/Permission; java/lang/reflect/ReflectPermission
staticfield java/lang/reflect/AccessibleObject reflectionFactory Lsun/reflect/ReflectionFactory; sun/reflect/ReflectionFactory
ciInstanceKlass java/lang/reflect/Field 1 1 362 8 8 8 8 1 1 1 1 1 1 1 1 1 1 1 1 1 1 1 1 1 1 1 1 1 1 1 1 1 1 1 1 1 1 1 1 1 1 1 1 1 1 1 1 1 1 1 1 1 1 1 1 1 1 1 1 1 1 1 1 1 1 1 1 1 1 1 1 1 1 1 1 1 1 1 1 1 1 1 1 1 1 1 1 1 1 1 1 1 1 1 1 1 1 1 1 1 1 1 1 1 1 1 1 1 1 1 1 1 1 1 1 1 1 1 1 1 1 1 1 1 1 1 1 1 1 1 1 1 1 1 1 7 100 100 7 100 100 7 7 100 7 100 7 7 7 7 7 7 7 7 100 100 100 100 7 7 7 1 1 1 1 1 1 1 1 1 1 1 1 1 1 1 1 1 1 1 1 1 1 1 1 1 1 1 1 1 1 1 1 1 1 1 1 1 1 1 1 1 1 1 1 1 1 1 1 1 1 1 1 1 1 12 12 12 12 12 12 12 12 12 12 12 12 12 12 12 12 12 12 12 12 12 12 12 12 12 12 12 12 12 12 12 12 12 12 12 12 12 12 12 12 12 12 12 12 12 12 12 12 12 12 12 12 12 12 12 12 12 12 12 12 12 12 12 12 12 12 12 12 12 12 12 9 9 9 9 9 9 9 9 9 9 9 9 9 9 9 10 10 10 10 10 10 10 10 10 10 10 10 10 10 10 10 10 10 10 10 10 10 10 10 10 10 10 10 10 10 10 10 10 10 10 10 10 10 10 10 11 11 11 11 11 11 11 11 11 11 11 11 11 11 11 11 11 11 11 11 11 1 1
ciInstanceKlass java/lang/reflect/Parameter 1 1 210 8 8 8 8 1 1 1 1 1 1 1 1 1 1 1 1 1 1 1 1 1 1 1 1 1 1 1 1 1 1 1 1 1 1 1 1 1 1 1 1 1 1 1 1 1 1 1 1 1 1 1 1 1 1 1 1 1 1 1 1 1 1 1 1 1 1 1 1 1 1 1 1 1 1 1 1 1 1 1 1 1 1 1 100 100 7 7 100 100 100 7 100 7 100 100 100 100 100 1 1 1 1 1 1 1 1 1 1 1 1 1 1 1 1 1 1 1 1 1 1 1 1 1 1 1 1 12 12 12 12 12 12 12 12 12 12 12 12 12 12 12 12 12 12 12 12 12 12 12 12 12 12 12 12 12 12 12 12 12 12 12 12 12 12 12 9 9 9 9 9 9 9 10 10 10 10 10 10 10 10 10 10 10 10 10 10 10 10 10 10 10 10 10 10 10 10 10 10 10 10 10 10 10 10 11 11 11 11 1
instanceKlass java/lang/reflect/Constructor
instanceKlass java/lang/reflect/Method
ciInstanceKlass java/lang/reflect/Executable 1 1 378 3 8 8 8 8 8 8 8 8 8 8 8 8 8 8 1 1 1 1 1 1 1 1 1 1 1 1 1 1 1 1 1 1 1 1 1 1 1 1 1 1 1 1 1 1 1 1 1 1 1 1 1 1 1 1 1 1 1 1 1 1 1 1 1 1 1 1 1 1 1 1 1 1 1 1 1 1 1 1 1 1 1 1 1 1 1 1 1 1 1 1 1 1 1 1 1 1 1 1 1 1 1 1 1 1 1 1 1 1 1 1 1 1 1 1 1 1 1 1 1 1 1 1 1 1 1 1 1 1 1 1 1 1 1 1 1 1 1 1 1 1 1 1 1 1 1 1 1 1 1 1 100 7 100 100 7 100 7 100 100 7 7 7 7 7 7 100 100 100 7 7 7 100 7 7 7 7 7 7 100 100 100 7 1 1 1 1 1 1 1 1 1 1 1 1 1 1 1 1 1 1 1 1 1 1 1 1 1 1 1 1 1 1 1 1 1 1 1 1 1 1 1 1 1 1 1 1 1 1 1 1 1 1 1 12 12 12 12 12 12 12 12 12 12 12 12 12 12 12 12 12 12 12 12 12 12 12 12 12 12 12 12 12 12 12 12 12 12 12 12 12 12 12 12 12 12 12 12 12 12 12 12 12 12 12 12 12 12 12 12 12 12 12 12 12 12 12 12 12 12 12 12 9 9 9 9 9 9 9 10 10 10 10 10 10 10 10 10 10 10 10 10 10 10 10 10 10 10 10 10 10 10 10 10 10 10 10 10 10 10 10 10 10 10 10 10 10 10 10 10 10 10 10 10 10 10 10 10 10 10 10 10 10 10 10 10 10 10 10 10 10 10 11 11 11 1 1
ciInstanceKlass java/lang/reflect/Method 1 1 346 8 8 8 1 1 1 1 1 1 1 1 1 1 1 1 1 1 1 1 1 1 1 1 1 1 1 1 1 1 1 1 1 1 1 1 1 1 1 1 1 1 1 1 1 1 1 1 1 1 1 1 1 1 1 1 1 1 1 1 1 1 1 1 1 1 1 1 1 1 1 1 1 1 1 1 1 1 1 1 1 1 1 1 1 1 1 1 1 1 1 1 1 1 1 1 1 1 1 1 1 1 1 1 1 1 1 1 1 1 1 1 1 1 1 1 1 1 1 1 1 1 1 1 1 1 1 1 1 1 1 1 7 7 7 100 100 7 7 7 100 7 100 7 7 7 7 7 7 7 7 7 7 7 7 7 7 7 7 1 1 1 1 1 1 1 1 1 1 1 1 1 1 1 1 1 1 1 1 1 1 1 1 1 1 1 1 1 1 1 1 1 1 1 1 1 1 1 1 1 1 1 1 1 1 1 1 12 12 12 12 12 12 12 12 12 12 12 12 12 12 12 12 12 12 12 12 12 12 12 12 12 12 12 12 12 12 12 12 12 12 12 12 12 12 12 12 12 12 12 12 12 12 12 12 12 12 12 12 12 12 12 12 12 12 12 12 12 12 12 12 12 12 12 9 9 9 9 9 9 9 9 9 9 9 9 9 9 9 9 10 10 10 10 10 10 10 10 10 10 10 10 10 10 10 10 10 10 10 10 10 10 10 10 10 10 10 10 10 10 10 10 10 10 10 10 10 10 10 10 10 10 10 10 10 10 10 10 10 10 10 10 11 11 11 1
ciInstanceKlass java/lang/reflect/Constructor 1 1 330 8 8 8 1 1 1 1 1 1 1 1 1 1 1 1 1 1 1 1 1 1 1 1 1 1 1 1 1 1 1 1 1 1 1 1 1 1 1 1 1 1 1 1 1 1 1 1 1 1 1 1 1 1 1 1 1 1 1 1 1 1 1 1 1 1 1 1 1 1 1 1 1 1 1 1 1 1 1 1 1 1 1 1 1 1 1 1 1 1 1 1 1 1 1 1 1 1 1 1 1 1 1 1 1 1 1 1 1 1 1 1 1 1 1 1 1 1 1 1 1 1 1 1 1 1 1 1 1 1 7 7 7 100 100 100 7 100 100 7 7 100 100 100 100 100 7 7 7 100 100 100 7 7 7 1 1 1 1 1 1 1 1 1 1 1 1 1 1 1 1 1 1 1 1 1 1 1 1 1 1 1 1 1 1 1 1 1 1 1 1 1 1 1 1 1 1 1 1 1 1 1 1 12 12 12 12 12 12 12 12 12 12 12 12 12 12 12 12 12 12 12 12 12 12 12 12 12 12 12 12 12 12 12 12 12 12 12 12 12 12 12 12 12 12 12 12 12 12 12 12 12 12 12 12 12 12 12 12 12 12 12 12 12 12 9 9 9 9 9 9 9 9 9 9 9 9 9 9 10 10 10 10 10 10 10 10 10 10 10 10 10 10 10 10 10 10 10 10 10 10 10 10 10 10 10 10 10 10 10 10 10 10 10 10 10 10 10 10 10 10 10 10 10 10 10 11 11 1 1
instanceKlass sun/reflect/FieldAccessorImpl
instanceKlass sun/reflect/ConstructorAccessorImpl
instanceKlass sun/reflect/MethodAccessorImpl
ciInstanceKlass sun/reflect/MagicAccessorImpl 1 1 13 1 1 1 1 1 1 1 7 100 12 10 1
instanceKlass sun/reflect/GeneratedMethodAccessor56
instanceKlass sun/reflect/GeneratedMethodAccessor55
instanceKlass sun/reflect/GeneratedMethodAccessor54
instanceKlass sun/reflect/GeneratedMethodAccessor53
instanceKlass sun/reflect/GeneratedMethodAccessor52
instanceKlass sun/reflect/GeneratedMethodAccessor51
instanceKlass sun/reflect/GeneratedMethodAccessor50
instanceKlass sun/reflect/GeneratedMethodAccessor49
instanceKlass sun/reflect/GeneratedMethodAccessor48
instanceKlass sun/reflect/GeneratedMethodAccessor47
instanceKlass sun/reflect/GeneratedMethodAccessor46
instanceKlass sun/reflect/GeneratedMethodAccessor45
instanceKlass sun/reflect/GeneratedMethodAccessor44
instanceKlass sun/reflect/GeneratedMethodAccessor43
instanceKlass sun/reflect/GeneratedMethodAccessor42
instanceKlass sun/reflect/GeneratedMethodAccessor41
instanceKlass sun/reflect/GeneratedMethodAccessor40
instanceKlass sun/reflect/GeneratedMethodAccessor39
instanceKlass sun/reflect/GeneratedMethodAccessor38
instanceKlass sun/reflect/GeneratedMethodAccessor37
instanceKlass sun/reflect/GeneratedMethodAccessor36
instanceKlass sun/reflect/GeneratedMethodAccessor35
instanceKlass sun/reflect/GeneratedMethodAccessor34
instanceKlass sun/reflect/GeneratedMethodAccessor33
instanceKlass sun/reflect/GeneratedMethodAccessor32
instanceKlass sun/reflect/GeneratedMethodAccessor31
instanceKlass sun/reflect/GeneratedMethodAccessor30
instanceKlass sun/reflect/GeneratedMethodAccessor29
instanceKlass sun/reflect/GeneratedMethodAccessor28
instanceKlass sun/reflect/GeneratedMethodAccessor27
instanceKlass sun/reflect/GeneratedMethodAccessor26
instanceKlass sun/reflect/GeneratedMethodAccessor25
instanceKlass sun/reflect/GeneratedMethodAccessor24
instanceKlass sun/reflect/GeneratedMethodAccessor23
instanceKlass sun/reflect/GeneratedMethodAccessor22
instanceKlass sun/reflect/GeneratedMethodAccessor21
instanceKlass sun/reflect/GeneratedMethodAccessor20
instanceKlass sun/reflect/GeneratedMethodAccessor19
instanceKlass sun/reflect/GeneratedMethodAccessor18
instanceKlass sun/reflect/GeneratedMethodAccessor17
instanceKlass sun/reflect/GeneratedMethodAccessor16
instanceKlass sun/reflect/GeneratedMethodAccessor15
instanceKlass sun/reflect/GeneratedMethodAccessor14
instanceKlass sun/reflect/GeneratedMethodAccessor13
instanceKlass sun/reflect/GeneratedMethodAccessor12
instanceKlass sun/reflect/GeneratedMethodAccessor11
instanceKlass sun/reflect/GeneratedMethodAccessor10
instanceKlass sun/reflect/GeneratedMethodAccessor9
instanceKlass sun/reflect/GeneratedMethodAccessor8
instanceKlass sun/reflect/GeneratedMethodAccessor7
instanceKlass sun/reflect/GeneratedMethodAccessor6
instanceKlass sun/reflect/GeneratedMethodAccessor5
instanceKlass sun/reflect/GeneratedMethodAccessor4
instanceKlass sun/reflect/GeneratedMethodAccessor3
instanceKlass sun/reflect/GeneratedMethodAccessor2
instanceKlass sun/reflect/GeneratedMethodAccessor1
instanceKlass sun/reflect/DelegatingMethodAccessorImpl
instanceKlass sun/reflect/NativeMethodAccessorImpl
ciInstanceKlass sun/reflect/MethodAccessorImpl 1 1 22 1 1 1 1 1 1 1 1 1 1 1 1 1 100 100 7 100 100 12 10 1
instanceKlass sun/reflect/GeneratedConstructorAccessor51
instanceKlass sun/reflect/GeneratedConstructorAccessor50
instanceKlass sun/reflect/GeneratedConstructorAccessor49
instanceKlass sun/reflect/GeneratedConstructorAccessor48
instanceKlass sun/reflect/GeneratedConstructorAccessor47
instanceKlass sun/reflect/GeneratedConstructorAccessor46
instanceKlass sun/reflect/GeneratedConstructorAccessor45
instanceKlass sun/reflect/GeneratedConstructorAccessor44
instanceKlass sun/reflect/GeneratedConstructorAccessor43
instanceKlass sun/reflect/GeneratedConstructorAccessor42
instanceKlass sun/reflect/GeneratedConstructorAccessor41
instanceKlass sun/reflect/GeneratedConstructorAccessor40
instanceKlass sun/reflect/GeneratedConstructorAccessor39
instanceKlass sun/reflect/GeneratedConstructorAccessor38
instanceKlass sun/reflect/GeneratedConstructorAccessor37
instanceKlass sun/reflect/GeneratedConstructorAccessor36
instanceKlass sun/reflect/GeneratedConstructorAccessor35
instanceKlass sun/reflect/GeneratedConstructorAccessor34
instanceKlass sun/reflect/GeneratedConstructorAccessor33
instanceKlass sun/reflect/GeneratedConstructorAccessor32
instanceKlass sun/reflect/GeneratedConstructorAccessor31
instanceKlass sun/reflect/GeneratedConstructorAccessor30
instanceKlass sun/reflect/GeneratedConstructorAccessor29
instanceKlass sun/reflect/GeneratedConstructorAccessor28
instanceKlass sun/reflect/GeneratedConstructorAccessor27
instanceKlass sun/reflect/GeneratedConstructorAccessor26
instanceKlass sun/reflect/GeneratedConstructorAccessor25
instanceKlass sun/reflect/GeneratedConstructorAccessor24
instanceKlass sun/reflect/GeneratedConstructorAccessor23
instanceKlass sun/reflect/GeneratedConstructorAccessor22
instanceKlass sun/reflect/GeneratedConstructorAccessor21
instanceKlass sun/reflect/GeneratedConstructorAccessor20
instanceKlass sun/reflect/GeneratedConstructorAccessor19
instanceKlass sun/reflect/GeneratedConstructorAccessor18
instanceKlass sun/reflect/GeneratedConstructorAccessor17
instanceKlass sun/reflect/GeneratedConstructorAccessor16
instanceKlass sun/reflect/GeneratedConstructorAccessor15
instanceKlass sun/reflect/GeneratedConstructorAccessor14
instanceKlass sun/reflect/GeneratedConstructorAccessor13
instanceKlass sun/reflect/GeneratedConstructorAccessor12
instanceKlass sun/reflect/GeneratedConstructorAccessor11
instanceKlass sun/reflect/GeneratedConstructorAccessor10
instanceKlass sun/reflect/GeneratedConstructorAccessor9
instanceKlass sun/reflect/GeneratedConstructorAccessor8
instanceKlass sun/reflect/GeneratedConstructorAccessor7
instanceKlass sun/reflect/GeneratedConstructorAccessor6
instanceKlass sun/reflect/GeneratedConstructorAccessor5
instanceKlass sun/reflect/GeneratedConstructorAccessor4
instanceKlass sun/reflect/GeneratedConstructorAccessor3
instanceKlass sun/reflect/GeneratedConstructorAccessor2
instanceKlass sun/reflect/BootstrapConstructorAccessorImpl
instanceKlass sun/reflect/GeneratedConstructorAccessor1
instanceKlass sun/reflect/DelegatingConstructorAccessorImpl
instanceKlass sun/reflect/NativeConstructorAccessorImpl
ciInstanceKlass sun/reflect/ConstructorAccessorImpl 1 1 24 1 1 1 1 1 1 1 1 1 1 1 1 1 1 100 100 100 100 100 7 12 10 1
ciInstanceKlass sun/reflect/DelegatingClassLoader 1 1 13 1 1 1 1 1 1 1 7 100 1 12 10
ciInstanceKlass sun/reflect/ConstantPool 1 1 106 8 7 1 1 1 1 1 1 1 1 1 1 1 1 1 1 1 1 1 1 1 1 1 1 1 1 1 1 1 1 1 1 1 1 1 1 1 1 1 1 1 1 1 1 1 1 1 1 1 1 100 7 7 1 1 1 1 1 1 1 1 1 1 1 1 1 1 1 1 1 12 12 12 12 12 12 12 12 12 12 12 12 12 12 12 12 12 9 10 10 10 10 10 10 10 10 10 10 10 10 10 10 10 10 1
instanceKlass sun/reflect/UnsafeFieldAccessorImpl
ciInstanceKlass sun/reflect/FieldAccessorImpl 1 1 56 1 1 1 1 1 1 1 1 1 1 1 1 1 1 1 1 1 1 1 1 1 1 1 1 1 1 1 1 1 1 1 1 1 1 100 100 100 100 7 1 1 1 1 1 1 1 1 1 1 1 1 1 12 10 1
instanceKlass sun/reflect/UnsafeBooleanFieldAccessorImpl
instanceKlass sun/reflect/UnsafeObjectFieldAccessorImpl
instanceKlass sun/reflect/UnsafeStaticFieldAccessorImpl
ciInstanceKlass sun/reflect/UnsafeFieldAccessorImpl 1 1 229 8 8 8 8 8 8 8 8 8 8 8 8 8 8 8 8 8 8 8 8 8 8 1 1 1 1 1 1 1 1 1 1 1 1 1 1 1 1 1 1 1 1 1 1 1 1 1 1 1 1 1 1 1 1 1 1 1 1 1 1 1 1 1 1 1 1 1 1 1 1 1 1 1 1 1 1 1 1 1 1 1 1 1 1 1 1 1 1 1 1 1 1 1 1 1 1 1 1 1 1 1 1 1 1 1 1 1 1 1 1 1 1 1 1 1 1 1 1 1 100 100 100 7 100 100 100 100 100 100 7 100 100 100 7 7 7 7 7 1 1 1 1 1 1 1 1 1 1 1 1 1 1 1 1 1 1 12 12 12 12 12 12 12 12 12 12 12 12 12 12 12 12 12 12 12 12 12 12 12 12 12 12 12 12 12 12 12 12 12 12 9 9 9 9 10 10 10 10 10 10 10 10 10 10 10 10 10 10 10 10 10 10 10 10 10 10 10 10 10 10 10 10 10 10 10 10 10 1
staticfield sun/reflect/UnsafeFieldAccessorImpl unsafe Lsun/misc/Unsafe; sun/misc/Unsafe
instanceKlass sun/reflect/UnsafeStaticObjectFieldAccessorImpl
instanceKlass sun/reflect/UnsafeQualifiedStaticFieldAccessorImpl
ciInstanceKlass sun/reflect/UnsafeStaticFieldAccessorImpl 1 1 38 8 7 1 1 1 1 1 1 1 1 1 1 1 1 1 1 1 1 7 7 7 7 1 1 1 1 12 12 12 12 12 9 9 10 10 10 1
ciInstanceKlass sun/reflect/CallerSensitive 1 1 17 1 1 1 1 1 1 1 1 100 100 100 1 1 1 1 1
instanceKlass java/lang/invoke/DelegatingMethodHandle
instanceKlass java/lang/invoke/BoundMethodHandle
instanceKlass java/lang/invoke/DirectMethodHandle
ciInstanceKlass java/lang/invoke/MethodHandle 1 1 438 8 8 8 8 8 8 8 8 8 8 8 8 8 7 1 1 1 1 1 1 1 1 1 1 1 1 1 1 1 1 1 1 1 1 1 1 1 1 1 1 1 1 1 1 1 1 1 1 1 1 1 1 1 1 1 1 1 1 1 1 1 1 1 1 1 1 1 1 1 1 1 1 1 1 1 1 1 1 1 1 1 1 1 1 1 1 1 1 1 1 1 1 1 1 1 1 1 1 1 1 1 1 1 1 1 1 1 1 1 1 1 1 1 1 1 1 1 1 1 1 1 1 1 1 1 1 1 1 1 1 1 1 1 1 1 1 1 1 1 1 1 1 1 1 1 1 1 1 1 1 1 1 1 1 1 1 1 1 1 1 1 1 1 1 1 1 1 1 1 1 1 100 7 100 100 100 100 7 100 100 100 7 100 100 7 7 7 100 7 7 7 7 100 100 100 7 1 1 1 1 1 1 1 1 1 1 1 1 1 1 1 1 1 1 1 1 1 1 1 1 1 1 1 1 1 1 1 1 1 1 1 1 1 1 1 1 1 1 1 1 1 1 1 1 1 1 1 1 1 1 1 1 1 1 1 1 1 1 1 1 1 1 1 12 12 12 12 12 12 12 12 12 12 12 12 12 12 12 12 12 12 12 12 12 12 12 12 12 12 12 12 12 12 12 12 12 12 12 12 12 12 12 12 12 12 12 12 12 12 12 12 12 12 12 12 12 12 12 12 12 12 12 12 12 12 12 12 12 12 12 12 12 12 12 12 12 12 12 12 12 12 12 12 12 12 12 9 9 9 9 9 9 9 9 9 9 9 9 10 10 10 10 10 10 10 10 10 10 10 10 10 10 10 10 10 10 10 10 10 10 10 10 10 10 10 10 10 10 10 10 10 10 10 10 10 10 10 10 10 10 10 10 10 10 10 10 10 10 10 10 10 10 10 10 10 10 10 10 10 10 10 10 10 10 10 10 10 10 10 10 10 10 10 11 1 1 1
staticfield java/lang/invoke/MethodHandle FORM_OFFSET J 20
staticfield java/lang/invoke/MethodHandle $assertionsDisabled Z 1
instanceKlass java/lang/invoke/DirectMethodHandle$Special
instanceKlass java/lang/invoke/DirectMethodHandle$Constructor
instanceKlass java/lang/invoke/DirectMethodHandle$Accessor
ciInstanceKlass java/lang/invoke/DirectMethodHandle 1 1 694 8 8 8 8 8 8 8 8 8 8 8 8 8 8 8 8 8 8 8 8 8 8 7 7 7 7 7 7 7 7 7 7 7 1 1 1 1 1 1 1 1 1 1 1 1 1 1 1 1 1 1 1 1 1 1 1 1 1 1 1 1 1 1 1 1 1 1 1 1 1 1 1 1 1 1 1 1 1 1 1 1 1 1 1 1 1 1 1 1 1 1 1 1 1 1 1 1 1 1 1 1 1 1 1 1 1 1 1 1 1 1 1 1 1 1 1 1 1 1 1 1 1 1 1 1 1 1 1 1 1 1 1 1 1 1 1 1 1 1 1 1 1 1 1 1 1 1 1 1 1 1 1 1 1 1 1 1 1 1 1 1 1 1 1 1 1 1 1 1 1 1 1 1 1 1 1 1 1 1 1 1 1 1 1 1 1 1 1 1 1 1 1 1 1 1 1 1 1 1 1 1 1 1 1 1 1 1 1 1 1 1 1 1 1 1 1 1 1 1 1 1 1 1 1 1 1 1 1 1 1 1 1 1 1 1 1 1 1 1 1 1 1 1 1 1 1 1 1 1 1 1 1 1 1 1 1 1 1 1 1 1 1 1 100 100 7 7 7 100 7 100 7 7 100 7 7 100 7 7 7 7 7 100 7 7 100 7 7 100 7 7 7 100 100 100 7 7 7 7 1 1 1 1 1 1 1 1 1 1 1 1 1 1 1 1 1 1 1 1 1 1 1 1 1 1 1 1 1 1 1 1 1 1 1 1 1 1 1 1 1 1 1 1 1 1 1 1 1 1 1 1 1 1 1 1 1 1 1 1 1 1 1 1 1 1 1 1 1 1 1 1 1 1 1 1 1 1 12 12 12 12 12 12 12 12 12 12 12 12 12 12 12 12 12 12 12 12 12 12 12 12 12 12 12 12 12 12 12 12 12 12 12 12 12 12 12 12 12 12 12 12 12 12 12 12 12 12 12 12 12 12 12 12 12 12 12 12 12 12 12 12 12 12 12 12 12 12 12 12 12 12 12 12 12 12 12 12 12 12 12 12 12 12 12 12 12 12 12 12 12 12 12 12 12 12 12 12 12 12 12 12 12 12 12 12 12 12 12 12 12 12 12 12 12 12 12 12 12 12 12 12 12 12 12 12 12 12 12 12 12 12 12 12 12 12 12 12 12 12 12 12 12 12 12 12 12 12 9 9 9 9 9 9 9 9 9 9 9 9 9 9 9 9 9 9 9 9 9 9 9 9 9 9 9 9 9 9 9 9 9 9 9 10 10 10 10 10 10 10 10 10 10 10 10 10 10 10 10 10 10 10 10 10 10 10 10 10 10 10 10 10 10 10 10 10 10 10 10 10 10 10 10 10 10 10 10 10 10 10 10 10 10 10 10 10 10 10 10 10 10 10 10 10 10 10 10 10 10 10 10 10 10 10 10 10 10 10 10 10 10 10 10 10 10 10 10 10 10 10 10 10 10 10 10 10 10 10 10 10 10 10 10 10 10 10 10 10 10 10 10 10 10 10 10 10 10 10 10 10 10 10 10 10 10 1 1 1 1 1 1 1 1 1
staticfield java/lang/invoke/DirectMethodHandle IMPL_NAMES Ljava/lang/invoke/MemberName$Factory; java/lang/invoke/MemberName$Factory
staticfield java/lang/invoke/DirectMethodHandle ACCESSOR_FORMS [Ljava/lang/invoke/LambdaForm; 132 [Ljava/lang/invoke/LambdaForm;
staticfield java/lang/invoke/DirectMethodHandle $assertionsDisabled Z 1
ciInstanceKlass java/lang/invoke/MemberName 1 1 644 3 3 3 3 3 3 3 3 3 3 3 8 8 8 8 8 8 8 8 8 8 8 8 8 8 8 8 8 8 8 8 8 8 8 8 8 8 8 8 8 8 8 8 7 7 7 100 1 1 1 1 1 1 1 1 1 1 1 1 1 1 1 1 1 1 1 1 1 1 1 1 1 1 1 1 1 1 1 1 1 1 1 1 1 1 1 1 1 1 1 1 1 1 1 1 1 1 1 1 1 1 1 1 1 1 1 1 1 1 1 1 1 1 1 1 1 1 1 1 1 1 1 1 1 1 1 1 1 1 1 1 1 1 1 1 1 1 1 1 1 1 1 1 1 1 1 1 1 1 1 1 1 1 1 1 1 1 1 1 1 1 1 1 1 1 1 1 1 1 1 1 1 1 1 1 1 1 1 1 1 1 1 1 1 1 1 1 1 1 1 1 1 1 1 1 1 1 1 1 1 1 1 1 1 1 1 1 1 1 1 1 1 1 1 1 1 1 1 1 1 1 1 1 1 1 1 1 1 1 1 1 1 1 1 1 1 1 1 1 1 1 1 1 1 1 1 1 1 1 1 1 1 1 1 1 1 1 1 1 1 1 1 1 1 1 1 1 1 1 1 1 1 1 1 1 1 1 1 1 3 3 3 3 3 3 3 3 7 7 100 100 100 7 7 100 100 100 100 100 100 100 100 100 7 100 7 7 7 7 7 100 7 7 100 100 100 100 7 100 100 100 7 7 7 100 7 1 1 1 1 1 1 1 1 1 1 1 1 1 1 1 1 1 1 1 1 1 1 1 1 1 1 1 1 1 1 1 1 1 1 1 1 1 1 1 1 1 1 1 1 1 1 1 1 1 1 1 1 1 1 1 1 1 1 1 1 1 1 1 1 12 12 12 12 12 12 12 12 12 12 12 12 12 12 12 12 12 12 12 12 12 12 12 12 12 12 12 12 12 12 12 12 12 12 12 12 12 12 12 12 12 12 12 12 12 12 12 12 12 12 12 12 12 12 12 12 12 12 12 12 12 12 12 12 12 12 12 12 12 12 12 12 12 12 12 12 12 12 12 12 12 12 12 12 12 12 12 12 12 12 12 12 12 12 12 12 12 12 12 12 12 12 12 12 12 12 12 12 12 12 12 12 12 9 9 9 9 9 9 9 9 9 9 10 10 10 10 10 10 10 10 10 10 10 10 10 10 10 10 10 10 10 10 10 10 10 10 10 10 10 10 10 10 10 10 10 10 10 10 10 10 10 10 10 10 10 10 10 10 10 10 10 10 10 10 10 10 10 10 10 10 10 10 10 10 10 10 10 10 10 10 10 10 10 10 10 10 10 10 10 10 10 10 10 10 10 10 10 10 10 10 10 10 10 10 10 10 10 10 10 10 10 10 10 10 10 10 10 10 10 10 10 10 10 10 10 10 10 10 10 10 10 10 10 10 10 10 10 10 1 1 1 1
staticfield java/lang/invoke/MemberName $assertionsDisabled Z 1
ciInstanceKlass java/lang/invoke/MethodHandleNatives 1 1 427 8 8 8 8 8 8 8 8 8 8 8 8 8 8 8 8 8 8 8 8 8 8 8 8 8 8 8 8 100 100 7 7 100 1 1 1 1 1 1 1 1 1 1 1 1 1 1 1 1 1 1 1 1 1 1 1 1 1 1 1 1 1 1 1 1 1 1 1 1 1 1 1 1 1 1 1 1 1 1 1 1 1 1 1 1 1 1 1 1 1 1 1 1 1 1 1 1 1 1 1 1 1 1 1 1 1 1 1 1 1 1 1 1 1 1 1 1 1 1 1 1 1 1 1 1 1 1 1 1 1 1 1 1 1 1 1 1 1 1 1 1 1 1 1 1 1 1 1 1 1 1 1 1 1 1 1 1 1 1 1 1 1 1 1 1 1 1 1 1 1 1 1 1 1 1 1 1 1 1 1 1 1 1 1 1 1 1 1 1 1 1 1 1 1 1 1 1 1 1 1 100 100 100 100 7 100 100 100 100 100 100 100 100 100 100 100 100 100 7 100 7 100 100 100 7 7 7 7 7 7 100 7 7 100 100 1 1 1 1 1 1 1 1 1 1 1 1 1 1 1 1 1 1 1 1 1 1 1 1 1 1 1 1 1 1 1 1 1 1 1 1 1 1 1 1 1 1 1 1 1 1 1 12 12 12 12 12 12 12 12 12 12 12 12 12 12 12 12 12 12 12 12 12 12 12 12 12 12 12 12 12 12 12 12 12 12 12 12 12 12 12 12 12 12 12 12 12 12 12 12 12 12 12 12 12 12 12 12 12 12 12 12 12 12 12 12 9 9 9 9 9 9 10 10 10 10 10 10 10 10 10 10 10 10 10 10 10 10 10 10 10 10 10 10 10 10 10 10 10 10 10 10 10 10 10 10 10 10 10 10 10 10 10 10 10 10 10 10 10 10 10 10 10 10 10 10 10 10 10 10 10 10 10 10 10 10 10 10 10 10 10 10 10 1 1 1
staticfield java/lang/invoke/MethodHandleNatives COUNT_GWT Z 1
staticfield java/lang/invoke/MethodHandleNatives $assertionsDisabled Z 1
ciInstanceKlass java/lang/invoke/LambdaForm 1 1 967 8 8 8 8 8 8 8 8 8 8 8 8 8 8 8 8 8 8 8 8 8 8 8 8 8 8 8 8 8 8 8 8 8 8 8 8 8 8 8 8 8 8 8 8 8 8 8 8 8 8 8 8 8 8 100 7 7 1 1 1 1 1 1 1 1 1 1 1 1 1 1 1 1 1 1 1 1 1 1 1 1 1 1 1 1 1 1 1 1 1 1 1 1 1 1 1 1 1 1 1 1 1 1 1 1 1 1 1 1 1 1 1 1 1 1 1 1 1 1 1 1 1 1 1 1 1 1 1 1 1 1 1 1 1 1 1 1 1 1 1 1 1 1 1 1 1 1 1 1 1 1 1 1 1 1 1 1 1 1 1 1 1 1 1 1 1 1 1 1 1 1 1 1 1 1 1 1 1 1 1 1 1 1 1 1 1 1 1 1 1 1 1 1 1 1 1 1 1 1 1 1 1 1 1 1 1 1 1 1 1 1 1 1 1 1 1 1 1 1 1 1 1 1 1 1 1 1 1 1 1 1 1 1 1 1 1 1 1 1 1 1 1 1 1 1 1 1 1 1 1 1 1 1 1 1 1 1 1 1 1 1 1 1 1 1 1 1 1 1 1 1 1 1 1 1 1 1 1 1 1 1 1 1 1 1 1 1 1 1 1 1 1 1 1 1 1 1 1 1 1 1 1 1 1 1 1 1 1 1 1 1 1 1 1 1 1 1 1 1 1 1 1 1 1 1 1 1 1 1 1 1 1 1 1 1 1 1 1 1 1 1 1 1 1 1 1 1 1 1 1 1 1 1 1 1 1 1 1 1 1 1 1 1 1 1 1 1 1 1 1 1 1 1 1 1 1 1 1 1 1 1 1 1 1 1 1 1 1 1 1 1 1 1 1 1 1 3 3 3 3 8 100 100 100 100 7 7 100 100 100 7 100 100 100 100 100 100 100 100 7 7 7 100 7 7 100 100 100 7 100 7 100 100 7 7 7 7 7 100 100 7 7 7 7 100 100 7 7 7 1 1 1 1 1 1 1 1 1 1 1 1 1 1 1 1 1 1 1 1 1 1 1 1 1 1 1 1 1 1 1 1 1 1 1 1 1 1 1 1 1 1 1 1 1 1 1 1 1 1 1 1 1 1 1 1 1 1 1 1 1 1 1 1 1 1 1 1 1 1 1 1 1 1 1 1 1 1 1 1 1 1 1 1 1 1 1 1 1 1 1 1 1 1 1 1 1 1 1 1 1 1 1 1 1 1 1 1 1 1 1 1 1 1 1 12 12 12 12 12 12 12 12 12 12 12 12 12 12 12 12 12 12 12 12 12 12 12 12 12 12 12 12 12 12 12 12 12 12 12 12 12 12 12 12 12 12 12 12 12 12 12 12 12 12 12 12 12 12 12 12 12 12 12 12 12 12 12 12 12 12 12 12 12 12 12 12 12 12 12 12 12 12 12 12 12 12 12 12 12 12 12 12 12 12 12 12 12 12 12 12 12 12 12 12 12 12 12 12 12 12 12 12 12 12 12 12 12 12 12 12 12 12 12 12 12 12 12 12 12 12 12 12 12 12 12 12 12 12 12 12 12 12 12 12 12 12 12 12 12 12 12 12 12 12 12 12 12 12 12 12 12 12 12 12 12 12 12 12 12 12 12 12 12 12 12 12 12 12 12 12 12 12 12 12 12 12 12 12 12 12 12 12 12 12 12 9 9 9 9 9 9 9 9 9 9 9 9 9 9 9 9 9 9 9 9 9 9 9 9 9 9 9 9 9 9 9 9 9 9 9 9 9 9 9 9 10 10 10 10 10 10 10 10 10 10 10 10 10 10 10 10 10 10 10 10 10 10 10 10 10 10 10 10 10 10 10 10 10 10 10 10 10 10 10 10 10 10 10 10 10 10 10 10 10 10 10 10 10 10 10 10 10 10 10 10 10 10 10 10 10 10 10 10 10 10 10 10 10 10 10 10 10 10 10 10 10 10 10 10 10 10 10 10 10 10 10 10 10 10 10 10 10 10 10 10 10 10 10 10 10 10 10 10 10 10 10 10 10 10 10 10 10 10 10 10 10 10 10 10 10 10 10 10 10 10 10 10 10 10 10 10 10 10 10 10 10 10 10 10 10 10 10 10 10 10 10 10 10 10 10 10 10 10 10 10 11 11 11 11 11 1 1 1 1 1 1
staticfield java/lang/invoke/LambdaForm COMPILE_THRESHOLD I 0
staticfield java/lang/invoke/LambdaForm INTERNED_ARGUMENTS [[Ljava/lang/invoke/LambdaForm$Name; 5 [[Ljava/lang/invoke/LambdaForm$Name;
staticfield java/lang/invoke/LambdaForm IMPL_NAMES Ljava/lang/invoke/MemberName$Factory; java/lang/invoke/MemberName$Factory
staticfield java/lang/invoke/LambdaForm LF_identityForm [Ljava/lang/invoke/LambdaForm; 6 [Ljava/lang/invoke/LambdaForm;
staticfield java/lang/invoke/LambdaForm LF_zeroForm [Ljava/lang/invoke/LambdaForm; 6 [Ljava/lang/invoke/LambdaForm;
staticfield java/lang/invoke/LambdaForm NF_identity [Ljava/lang/invoke/LambdaForm$NamedFunction; 6 [Ljava/lang/invoke/LambdaForm$NamedFunction;
staticfield java/lang/invoke/LambdaForm NF_zero [Ljava/lang/invoke/LambdaForm$NamedFunction; 6 [Ljava/lang/invoke/LambdaForm$NamedFunction;
staticfield java/lang/invoke/LambdaForm DEBUG_NAME_COUNTERS Ljava/util/HashMap; null
staticfield java/lang/invoke/LambdaForm TRACE_INTERPRETER Z 0
staticfield java/lang/invoke/LambdaForm $assertionsDisabled Z 1
ciInstanceKlass java/lang/invoke/MethodType 1 1 591 8 8 8 8 8 8 8 8 8 8 8 8 7 7 7 7 1 1 1 1 1 1 1 1 1 1 1 1 1 1 1 1 1 1 1 1 1 1 1 1 1 1 1 1 1 1 1 1 1 1 1 1 1 1 1 1 1 1 1 1 1 1 1 1 1 1 1 1 1 1 1 1 1 1 1 1 1 1 1 1 1 1 1 1 1 1 1 1 1 1 1 1 1 1 1 1 1 1 1 1 1 1 1 1 1 1 1 1 1 1 1 1 1 1 1 1 1 1 1 1 1 1 1 1 1 1 1 1 1 1 1 1 1 1 1 1 1 1 1 1 1 1 1 1 1 1 1 1 1 1 1 1 1 1 1 1 1 1 1 1 1 1 1 1 1 1 1 1 1 1 1 1 1 1 1 1 1 1 1 1 1 1 1 1 1 1 1 1 1 1 1 1 1 1 1 1 1 1 1 1 1 1 1 1 1 1 1 1 1 1 1 1 1 3 3 3 5 0 7 100 100 100 7 100 100 7 100 7 100 100 100 100 100 7 7 7 7 100 7 7 7 7 7 7 7 7 7 7 100 100 7 1 1 1 1 1 1 1 1 1 1 1 1 1 1 1 1 1 1 1 1 1 1 1 1 1 1 1 1 1 1 1 1 1 1 1 1 1 1 1 1 1 1 1 1 1 1 1 1 1 1 1 1 1 1 1 1 1 1 1 1 1 1 1 1 1 1 1 1 1 1 1 1 1 1 1 1 1 1 1 1 1 1 1 1 1 1 1 1 1 1 1 1 1 1 1 1 1 1 1 1 1 1 1 1 1 12 12 12 12 12 12 12 12 12 12 12 12 12 12 12 12 12 12 12 12 12 12 12 12 12 12 12 12 12 12 12 12 12 12 12 12 12 12 12 12 12 12 12 12 12 12 12 12 12 12 12 12 12 12 12 12 12 12 12 12 12 12 12 12 12 12 12 12 12 12 12 12 12 12 12 12 12 12 12 12 12 12 12 12 12 12 12 12 12 12 12 12 12 12 12 12 12 12 12 12 12 12 12 12 12 12 12 12 12 12 12 12 9 9 9 9 9 9 9 9 9 9 9 9 9 9 9 9 9 9 10 10 10 10 10 10 10 10 10 10 10 10 10 10 10 10 10 10 10 10 10 10 10 10 10 10 10 10 10 10 10 10 10 10 10 10 10 10 10 10 10 10 10 10 10 10 10 10 10 10 10 10 10 10 10 10 10 10 10 10 10 10 10 10 10 10 10 10 10 10 10 10 10 10 10 10 10 10 10 10 10 10 10 10 10 10 10 10 10 10 10 10 10 10 10 10 10 10 11 11 11 11 1 1
staticfield java/lang/invoke/MethodType internTable Ljava/lang/invoke/MethodType$ConcurrentWeakInternSet; java/lang/invoke/MethodType$ConcurrentWeakInternSet
staticfield java/lang/invoke/MethodType NO_PTYPES [Ljava/lang/Class; 0 [Ljava/lang/Class;
staticfield java/lang/invoke/MethodType objectOnlyTypes [Ljava/lang/invoke/MethodType; 20 [Ljava/lang/invoke/MethodType;
staticfield java/lang/invoke/MethodType serialPersistentFields [Ljava/io/ObjectStreamField; 0 [Ljava/io/ObjectStreamField;
staticfield java/lang/invoke/MethodType rtypeOffset J 12
staticfield java/lang/invoke/MethodType ptypesOffset J 16
staticfield java/lang/invoke/MethodType $assertionsDisabled Z 1
ciInstanceKlass java/lang/BootstrapMethodError 0 0 38 1 1 1 1 1 1 1 1 1 1 1 1 1 1 1 1 1 1 5 0 100 100 100 100 1 1 12 12 12 12 12 10 10 10 10 10 1
instanceKlass java/lang/invoke/VolatileCallSite
instanceKlass java/lang/invoke/MutableCallSite
instanceKlass java/lang/invoke/ConstantCallSite
ciInstanceKlass java/lang/invoke/CallSite 1 1 311 8 8 8 8 8 8 8 8 7 7 7 7 1 1 1 1 1 1 1 1 1 1 1 1 1 1 1 1 1 1 1 1 1 1 1 1 1 1 1 1 1 1 1 1 1 1 1 1 1 1 1 1 1 1 1 1 1 1 1 1 1 1 1 1 1 1 1 1 1 1 1 1 1 1 1 1 1 1 1 1 1 1 1 1 1 1 1 1 1 1 1 1 1 1 1 1 1 1 1 1 1 1 1 1 1 1 1 1 1 1 1 1 1 1 1 1 1 1 100 7 100 100 100 100 7 100 100 100 100 100 100 7 100 7 100 7 7 100 100 7 1 1 1 1 1 1 1 1 1 1 1 1 1 1 1 1 1 1 1 1 1 1 1 1 1 1 1 1 1 1 1 1 1 1 1 1 1 1 1 1 1 1 1 12 12 12 12 12 12 12 12 12 12 12 12 12 12 12 12 12 12 12 12 12 12 12 12 12 12 12 12 12 12 12 12 12 12 12 12 12 12 12 12 12 12 12 12 12 12 12 12 12 12 12 12 12 12 12 12 12 12 12 12 9 9 9 9 9 9 10 10 10 10 10 10 10 10 10 10 10 10 10 10 10 10 10 10 10 10 10 10 10 10 10 10 10 10 10 10 10 10 10 10 10 10 10 10 10 10 10 10 10 10 10 10 10 10 10 10 10 10 10 10 10 10 10 10 10 1 1
staticfield java/lang/invoke/CallSite GET_TARGET Ljava/lang/invoke/MethodHandle; java/lang/invoke/DirectMethodHandle
staticfield java/lang/invoke/CallSite THROW_UCS Ljava/lang/invoke/MethodHandle; java/lang/invoke/MethodHandleImpl$AsVarargsCollector
staticfield java/lang/invoke/CallSite TARGET_OFFSET J 12
ciInstanceKlass java/lang/invoke/ConstantCallSite 1 1 42 1 1 1 1 1 1 1 1 1 1 1 1 1 1 1 1 1 1 1 1 100 100 100 7 7 1 1 12 12 12 12 12 12 9 9 10 10 10 10 10 1
ciInstanceKlass java/lang/invoke/MutableCallSite 0 0 57 1 1 1 1 1 1 1 1 1 1 1 1 1 1 1 1 1 1 1 1 1 1 1 1 1 100 100 100 100 1 1 1 1 1 1 12 12 12 12 12 12 12 12 12 12 9 9 10 10 10 10 10 10 10 10 1
ciInstanceKlass java/lang/invoke/VolatileCallSite 0 0 33 1 1 1 1 1 1 1 1 1 1 1 1 1 1 100 100 1 1 1 12 12 12 12 12 12 10 10 10 10 10 10 1
instanceKlass java/lang/StringBuilder
instanceKlass java/lang/StringBuffer
ciInstanceKlass java/lang/AbstractStringBuilder 1 1 312 3 3 8 8 8 8 8 8 8 8 8 8 8 8 8 1 1 1 1 1 1 1 1 1 1 1 1 1 1 1 1 1 1 1 1 1 1 1 1 1 1 1 1 1 1 1 1 1 1 1 1 1 1 1 1 1 1 1 1 1 1 1 1 1 1 1 1 1 1 1 1 1 1 1 1 1 1 1 1 1 1 1 1 1 1 1 1 1 1 1 1 1 1 1 1 1 1 1 1 1 1 1 1 1 1 1 1 1 1 1 1 1 1 1 1 1 1 1 1 1 1 1 1 1 1 1 1 1 5 0 100 7 100 7 7 100 100 7 7 7 100 7 100 100 100 7 7 7 1 1 1 1 1 1 1 1 1 1 1 1 1 1 1 1 1 1 1 1 1 1 1 1 1 1 1 1 1 1 1 1 1 1 1 1 1 1 1 1 1 1 1 12 12 12 12 12 12 12 12 12 12 12 12 12 12 12 12 12 12 12 12 12 12 12 12 12 12 12 12 12 12 12 12 12 12 12 12 12 12 12 12 12 12 12 12 12 12 12 12 12 12 12 12 12 12 9 9 10 10 10 10 10 10 10 10 10 10 10 10 10 10 10 10 10 10 10 10 10 10 10 10 10 10 10 10 10 10 10 10 10 10 10 10 10 10 10 10 10 10 10 10 10 10 10 10 10 10 10 10 10 10 10 10 10 10 10 10 10 11 11 1
ciInstanceKlass java/lang/StringBuffer 1 1 372 8 8 8 7 1 1 1 1 1 1 1 1 1 1 1 1 1 1 1 1 1 1 1 1 1 1 1 1 1 1 1 1 1 1 1 1 1 1 1 1 1 1 1 1 1 1 1 1 1 1 1 1 1 1 1 1 1 1 1 1 1 1 1 1 1 1 1 1 1 1 1 1 1 1 1 1 1 1 1 1 1 1 1 1 1 1 1 1 1 1 1 1 1 1 5 0 100 100 100 100 100 7 100 7 7 100 100 7 7 7 100 7 1 1 1 1 1 1 1 1 1 1 1 1 1 1 1 1 1 1 1 1 1 1 1 1 1 1 1 1 1 1 1 1 1 1 1 1 1 1 1 1 1 1 1 1 1 1 1 1 1 1 1 1 1 1 1 1 1 1 1 1 1 1 1 1 1 1 1 1 12 12 12 12 12 12 12 12 12 12 12 12 12 12 12 12 12 12 12 12 12 12 12 12 12 12 12 12 12 12 12 12 12 12 12 12 12 12 12 12 12 12 12 12 12 12 12 12 12 12 12 12 12 12 12 12 12 12 12 12 12 12 12 12 12 12 12 12 12 12 12 12 12 12 12 12 12 12 12 12 12 12 12 12 12 12 12 12 12 12 12 9 9 9 9 9 9 10 10 10 10 10 10 10 10 10 10 10 10 10 10 10 10 10 10 10 10 10 10 10 10 10 10 10 10 10 10 10 10 10 10 10 10 10 10 10 10 10 10 10 10 10 10 10 10 10 10 10 10 10 10 10 10 10 10 10 10 10 10 10 10 10 10 10 10 10 10 10 10 10 10 10 10 10 10 10 10 10 10 10 10 10 10 10 10 10 10 11 1 1 1
staticfield java/lang/StringBuffer serialPersistentFields [Ljava/io/ObjectStreamField; 3 [Ljava/io/ObjectStreamField;
ciInstanceKlass java/lang/StringBuilder 1 1 326 1 1 1 1 1 1 1 1 1 1 1 1 1 1 1 1 1 1 1 1 1 1 1 1 1 1 1 1 1 1 1 1 1 1 1 1 1 1 1 1 1 1 1 1 1 1 1 1 1 1 1 1 1 1 1 1 1 1 1 1 1 1 1 1 1 1 1 1 1 5 0 100 100 100 100 100 7 7 100 7 7 1 1 1 1 1 1 1 1 1 1 1 1 1 1 1 1 1 1 1 1 1 1 1 1 1 1 1 1 1 1 1 1 1 1 1 1 1 1 1 1 1 1 1 1 1 1 1 1 1 1 1 1 1 1 1 1 1 1 1 1 1 1 12 12 12 12 12 12 12 12 12 12 12 12 12 12 12 12 12 12 12 12 12 12 12 12 12 12 12 12 12 12 12 12 12 12 12 12 12 12 12 12 12 12 12 12 12 12 12 12 12 12 12 12 12 12 12 12 12 12 12 12 12 12 12 12 12 12 12 12 12 12 12 12 12 12 12 12 12 12 12 12 12 12 12 12 12 12 12 12 12 9 9 10 10 10 10 10 10 10 10 10 10 10 10 10 10 10 10 10 10 10 10 10 10 10 10 10 10 10 10 10 10 10 10 10 10 10 10 10 10 10 10 10 10 10 10 10 10 10 10 10 10 10 10 10 10 10 10 10 10 10 10 10 10 10 10 10 10 10 10 10 10 10 10 10 10 10 10 10 10 10 10 10 10 10 10 10 10 10 10 10 11 1
ciInstanceKlass sun/misc/Unsafe 1 1 389 8 8 7 7 7 7 7 7 7 7 7 7 1 1 1 1 1 1 1 1 1 1 1 1 1 1 1 1 1 1 1 1 1 1 1 1 1 1 1 1 1 1 1 1 1 1 1 1 1 1 1 1 1 1 1 1 1 1 1 1 1 1 1 1 1 1 1 1 1 1 1 1 1 1 1 1 1 1 1 1 1 1 1 1 1 1 1 1 1 1 1 1 1 1 1 1 1 1 1 1 1 1 1 1 1 1 1 1 1 1 1 1 1 1 1 1 1 1 1 1 1 1 1 1 1 1 1 1 1 1 1 1 1 1 1 1 1 1 1 1 1 1 1 1 1 1 1 1 1 1 1 1 1 1 1 1 1 1 1 1 1 1 1 1 1 1 1 1 1 1 1 1 1 1 1 1 1 1 1 1 3 100 7 100 7 7 100 7 100 100 7 7 1 1 1 1 1 1 1 1 1 1 1 1 1 1 1 1 1 1 1 1 1 1 1 1 1 1 1 1 1 1 1 1 1 1 1 1 1 1 1 1 1 1 1 1 1 1 1 1 1 1 1 1 1 1 1 1 1 1 1 1 1 1 1 1 1 1 1 1 1 12 12 12 12 12 12 12 12 12 12 12 12 12 12 12 12 12 12 12 12 12 12 12 12 12 12 12 12 12 12 12 12 12 12 12 12 12 12 12 12 12 12 12 12 12 12 12 12 12 12 12 12 12 12 12 12 12 12 12 12 12 12 9 9 9 9 9 9 9 9 9 9 9 9 9 9 9 9 9 9 9 9 10 10 10 10 10 10 10 10 10 10 10 10 10 10 10 10 10 10 10 10 10 10 10 10 10 10 10 10 10 10 10 10 10 10 10 10 10 10 10 10 10 10 10 10 1
staticfield sun/misc/Unsafe theUnsafe Lsun/misc/Unsafe; sun/misc/Unsafe
staticfield sun/misc/Unsafe ARRAY_BOOLEAN_BASE_OFFSET I 16
staticfield sun/misc/Unsafe ARRAY_BYTE_BASE_OFFSET I 16
staticfield sun/misc/Unsafe ARRAY_SHORT_BASE_OFFSET I 16
staticfield sun/misc/Unsafe ARRAY_CHAR_BASE_OFFSET I 16
staticfield sun/misc/Unsafe ARRAY_INT_BASE_OFFSET I 16
staticfield sun/misc/Unsafe ARRAY_LONG_BASE_OFFSET I 16
staticfield sun/misc/Unsafe ARRAY_FLOAT_BASE_OFFSET I 16
staticfield sun/misc/Unsafe ARRAY_DOUBLE_BASE_OFFSET I 16
staticfield sun/misc/Unsafe ARRAY_OBJECT_BASE_OFFSET I 16
staticfield sun/misc/Unsafe ARRAY_BOOLEAN_INDEX_SCALE I 1
staticfield sun/misc/Unsafe ARRAY_BYTE_INDEX_SCALE I 1
staticfield sun/misc/Unsafe ARRAY_SHORT_INDEX_SCALE I 2
staticfield sun/misc/Unsafe ARRAY_CHAR_INDEX_SCALE I 2
staticfield sun/misc/Unsafe ARRAY_INT_INDEX_SCALE I 4
staticfield sun/misc/Unsafe ARRAY_LONG_INDEX_SCALE I 8
staticfield sun/misc/Unsafe ARRAY_FLOAT_INDEX_SCALE I 4
staticfield sun/misc/Unsafe ARRAY_DOUBLE_INDEX_SCALE I 8
staticfield sun/misc/Unsafe ARRAY_OBJECT_INDEX_SCALE I 4
staticfield sun/misc/Unsafe ADDRESS_SIZE I 8
instanceKlass javax/servlet/ServletInputStream
instanceKlass com/sun/org/apache/xerces/internal/impl/XMLEntityManager$RewindableInputStream
instanceKlass java/util/jar/JarVerifier$VerifierStream
instanceKlass java/io/ObjectInputStream
instanceKlass sun/nio/ch/ChannelInputStream
instanceKlass java/util/zip/ZipFile$ZipFileInputStream
instanceKlass java/io/FilterInputStream
instanceKlass java/io/FileInputStream
instanceKlass java/io/ByteArrayInputStream
ciInstanceKlass java/io/InputStream 1 1 61 8 1 1 1 1 1 1 1 1 1 1 1 1 1 1 1 1 1 1 1 1 1 1 1 1 1 1 1 1 1 1 1 1 1 1 1 3 5 0 100 100 100 7 100 100 100 7 12 12 12 12 12 10 10 10 10 10 10 10 1
instanceKlass sun/security/util/DerInputBuffer
ciInstanceKlass java/io/ByteArrayInputStream 1 1 62 1 1 1 1 1 1 1 1 1 1 1 1 1 1 1 1 1 1 1 1 1 1 1 1 1 1 1 1 1 1 1 1 1 1 1 1 7 100 7 100 7 100 7 1 12 12 12 12 12 12 12 9 9 9 9 10 10 10 10 10 1
ciInstanceKlass java/io/File 1 1 578 8 8 8 8 8 8 8 8 8 8 8 8 8 8 8 8 8 8 8 7 1 1 1 1 1 1 1 1 1 1 1 1 1 1 1 1 1 1 1 1 1 1 1 1 1 1 1 1 1 1 1 1 1 1 1 1 1 1 1 1 1 1 1 1 1 1 1 1 1 1 1 1 1 1 1 1 1 1 1 1 1 1 1 1 1 1 1 1 1 1 1 1 1 1 1 1 1 1 1 1 1 1 1 1 1 1 1 1 1 1 1 1 1 1 1 1 1 1 1 1 1 1 1 1 1 1 1 1 1 1 1 1 1 1 1 1 1 1 1 1 1 1 1 1 1 1 1 1 1 1 1 1 1 1 1 1 1 1 1 1 1 1 1 1 1 1 1 1 1 1 1 1 1 1 1 1 1 1 1 1 1 1 1 1 1 1 1 1 1 1 1 1 1 1 1 1 1 1 1 1 1 1 1 1 1 1 1 1 1 1 1 1 1 1 1 1 1 1 1 1 1 1 1 1 1 1 1 1 1 1 1 1 1 1 1 1 1 5 0 100 100 7 7 7 100 100 7 100 100 100 100 100 100 100 7 100 100 100 100 100 7 100 100 100 100 7 7 7 100 100 7 100 100 7 7 100 100 100 7 1 1 1 1 1 1 1 1 1 1 1 1 1 1 1 1 1 1 1 1 1 1 1 1 1 1 1 1 1 1 1 1 1 1 1 1 1 1 1 1 1 1 1 1 1 1 1 1 1 1 1 1 1 1 12 12 12 12 12 12 12 12 12 12 12 12 12 12 12 12 12 12 12 12 12 12 12 12 12 12 12 12 12 12 12 12 12 12 12 12 12 12 12 12 12 12 12 12 12 12 12 12 12 12 12 12 12 12 12 12 12 12 12 12 12 12 12 12 12 12 12 12 12 12 12 12 12 12 12 12 12 12 12 12 12 12 12 12 12 12 12 12 12 12 12 12 12 12 12 12 12 12 12 12 12 12 12 12 12 12 12 12 12 12 12 12 12 12 9 9 9 9 9 9 9 9 9 9 9 9 9 9 9 10 10 10 10 10 10 10 10 10 10 10 10 10 10 10 10 10 10 10 10 10 10 10 10 10 10 10 10 10 10 10 10 10 10 10 10 10 10 10 10 10 10 10 10 10 10 10 10 10 10 10 10 10 10 10 10 10 10 10 10 10 10 10 10 10 10 10 10 10 10 10 10 10 10 10 10 10 10 10 10 10 10 10 10 10 10 10 10 10 10 10 10 10 10 10 10 10 10 10 10 10 10 10 10 10 10 11 11 11 11 11 1 1 1 1
staticfield java/io/File fs Ljava/io/FileSystem; java/io/WinNTFileSystem
staticfield java/io/File separatorChar C 92
staticfield java/io/File separator Ljava/lang/String; "\"
staticfield java/io/File pathSeparatorChar C 59
staticfield java/io/File pathSeparator Ljava/lang/String; ";"
staticfield java/io/File PATH_OFFSET J 16
staticfield java/io/File PREFIX_LENGTH_OFFSET J 12
staticfield java/io/File UNSAFE Lsun/misc/Unsafe; sun/misc/Unsafe
staticfield java/io/File $assertionsDisabled Z 1
instanceKlass org/apache/catalina/loader/WebappClassLoaderBase
instanceKlass sun/misc/Launcher$ExtClassLoader
instanceKlass sun/misc/Launcher$AppClassLoader
ciInstanceKlass java/net/URLClassLoader 1 1 522 8 8 8 8 8 8 8 8 8 8 8 8 1 1 1 1 1 1 1 1 1 1 1 1 1 1 1 1 1 1 1 1 1 1 1 1 1 1 1 1 1 1 1 1 1 1 1 1 1 1 1 1 1 1 1 1 1 1 1 1 1 1 1 1 1 1 1 1 1 1 1 1 1 1 1 1 1 1 1 1 1 1 1 1 1 1 1 1 1 1 1 1 1 1 1 1 1 1 1 1 1 1 1 1 1 1 1 1 1 1 1 1 1 1 1 1 1 1 1 1 1 1 1 1 1 1 1 1 1 1 1 1 1 1 1 1 1 1 1 1 1 1 1 1 1 1 1 1 1 1 1 1 1 1 1 1 1 1 1 1 1 1 1 1 1 1 1 1 1 1 1 1 1 1 1 1 1 1 1 1 1 1 1 1 1 1 1 1 1 1 1 1 1 100 100 7 7 7 100 100 7 7 7 100 100 7 100 100 100 7 7 7 100 7 100 7 7 7 7 7 100 100 100 7 7 100 100 100 7 7 7 7 100 7 100 100 100 7 7 7 100 7 7 7 7 7 100 7 1 1 1 1 1 1 1 1 1 1 1 1 1 1 1 1 1 1 1 1 1 1 1 1 1 1 1 1 1 1 1 1 1 1 1 1 1 1 1 1 1 1 1 1 1 1 1 1 1 1 1 1 1 1 1 1 1 1 1 1 1 1 1 1 1 1 1 1 1 12 12 12 12 12 12 12 12 12 12 12 12 12 12 12 12 12 12 12 12 12 12 12 12 12 12 12 12 12 12 12 12 12 12 12 12 12 12 12 12 12 12 12 12 12 12 12 12 12 12 12 12 12 12 12 12 12 12 12 12 12 12 12 12 12 12 12 12 12 12 12 12 12 12 12 12 12 12 12 12 12 12 12 12 12 12 12 12 12 12 12 12 12 12 12 12 12 12 9 9 9 9 9 9 9 9 9 9 9 9 10 10 10 10 10 10 10 10 10 10 10 10 10 10 10 10 10 10 10 10 10 10 10 10 10 10 10 10 10 10 10 10 10 10 10 10 10 10 10 10 10 10 10 10 10 10 10 10 10 10 10 10 10 10 10 10 10 10 10 10 10 10 10 10 10 10 10 10 10 10 10 10 10 10 10 10 10 10 10 10 10 10 10 10 10 10 11 11 11 11 11 11 11 11
ciInstanceKlass java/net/URL 1 1 550 8 8 8 8 8 8 8 8 8 8 8 8 8 8 8 8 8 8 8 8 8 8 8 8 8 7 1 1 1 1 1 1 1 1 1 1 1 1 1 1 1 1 1 1 1 1 1 1 1 1 1 1 1 1 1 1 1 1 1 1 1 1 1 1 1 1 1 1 1 1 1 1 1 1 1 1 1 1 1 1 1 1 1 1 1 1 1 1 1 1 1 1 1 1 1 1 1 1 1 1 1 1 1 1 1 1 1 1 1 1 1 1 1 1 1 1 1 1 1 1 1 1 1 1 1 1 1 1 1 1 1 1 1 1 1 1 1 1 1 1 1 1 1 1 1 1 1 1 1 1 1 1 1 1 1 1 1 1 1 1 1 1 1 1 1 1 1 1 1 1 1 1 1 1 1 1 1 1 1 1 1 1 1 1 1 1 1 1 1 1 1 1 1 1 1 1 1 1 1 1 1 1 1 1 1 1 1 1 1 1 1 1 1 1 1 1 1 1 1 1 1 1 1 5 0 100 100 100 100 100 100 7 100 7 7 100 100 100 100 100 7 7 100 7 7 100 100 100 7 7 100 100 7 100 7 7 7 7 100 7 7 7 100 7 100 1 1 1 1 1 1 1 1 1 1 1 1 1 1 1 1 1 1 1 1 1 1 1 1 1 1 1 1 1 1 1 1 1 1 1 1 1 1 1 1 1 1 1 1 1 1 1 1 1 1 1 1 1 12 12 12 12 12 12 12 12 12 12 12 12 12 12 12 12 12 12 12 12 12 12 12 12 12 12 12 12 12 12 12 12 12 12 12 12 12 12 12 12 12 12 12 12 12 12 12 12 12 12 12 12 12 12 12 12 12 12 12 12 12 12 12 12 12 12 12 12 12 12 12 12 12 12 12 12 12 12 12 12 12 12 12 12 12 12 12 12 12 12 12 12 12 12 12 12 12 12 12 12 12 12 12 12 12 12 12 12 9 9 9 9 9 9 9 9 9 9 9 9 9 9 9 9 9 9 9 9 9 10 10 10 10 10 10 10 10 10 10 10 10 10 10 10 10 10 10 10 10 10 10 10 10 10 10 10 10 10 10 10 10 10 10 10 10 10 10 10 10 10 10 10 10 10 10 10 10 10 10 10 10 10 10 10 10 10 10 10 10 10 10 10 10 10 10 10 10 10 10 10 10 10 10 10 10 10 10 10 10 10 10 10 10 10 10 10 10 10 10 10 10 10 10 10 10 10 10 10 10 11 1
staticfield java/net/URL serialPersistentFields [Ljava/io/ObjectStreamField; 7 [Ljava/io/ObjectStreamField;
ciInstanceKlass java/util/jar/Manifest 1 1 230 8 8 8 8 8 8 1 1 1 1 1 1 1 1 1 1 1 1 1 1 1 1 1 1 1 1 1 1 1 1 1 1 1 1 1 1 1 1 1 1 1 1 1 1 1 1 1 1 1 1 1 1 1 1 1 1 1 1 1 1 1 1 1 1 1 1 1 1 1 1 1 1 1 1 1 1 1 1 1 1 1 1 1 1 1 1 1 1 1 1 1 100 100 100 100 100 100 7 7 7 100 7 7 100 7 100 100 7 7 7 1 1 1 1 1 1 1 1 1 1 1 1 1 1 1 1 1 1 1 1 1 1 12 12 12 12 12 12 12 12 12 12 12 12 12 12 12 12 12 12 12 12 12 12 12 12 12 12 12 12 12 12 12 12 12 12 12 12 12 12 12 12 12 12 12 12 9 9 10 10 10 10 10 10 10 10 10 10 10 10 10 10 10 10 10 10 10 10 10 10 10 10 10 10 10 10 10 10 10 10 10 10 10 10 10 11 11 11 11 11 11 11 11 11 11 11 11 1 1
ciInstanceKlass sun/misc/Launcher 1 1 218 8 8 8 8 8 8 8 8 1 1 1 1 1 1 1 1 1 1 1 1 1 1 1 1 1 1 1 1 1 1 1 1 1 1 1 1 1 1 1 1 1 1 1 1 1 1 1 1 1 1 1 1 1 1 1 1 1 1 1 1 1 1 1 1 1 1 1 1 1 1 1 1 1 1 1 1 1 1 1 1 1 1 1 1 1 1 1 1 1 1 1 1 1 1 1 1 100 100 7 100 100 100 100 100 100 100 100 7 100 7 100 7 7 100 7 7 100 7 7 7 7 7 1 1 1 1 1 1 1 1 1 1 1 1 1 1 1 1 1 1 1 1 1 1 1 12 12 12 12 12 12 12 12 12 12 12 12 12 12 12 12 12 12 12 12 12 12 12 12 12 12 12 12 12 12 12 12 9 9 9 9 9 9 10 10 10 10 10 10 10 10 10 10 10 10 10 10 10 10 10 10 10 10 10 10 10 10 10 10 10 10 10 10 1 1 1 1
ciInstanceKlass sun/misc/Launcher$AppClassLoader 1 1 201 8 8 7 1 1 1 1 1 1 1 1 1 1 1 1 1 1 1 1 1 1 1 1 1 1 1 1 1 1 1 1 1 1 1 1 1 1 1 1 1 1 1 1 1 1 1 1 1 1 1 1 1 1 1 1 1 1 1 1 1 1 1 1 1 1 1 1 1 1 1 1 1 1 1 1 1 1 1 1 1 100 100 100 7 100 7 7 7 7 100 7 7 100 7 7 100 7 100 7 100 7 7 7 100 7 7 1 1 1 1 1 1 1 1 1 1 1 1 1 1 1 1 1 1 1 1 1 1 1 1 1 12 12 12 12 12 12 12 12 12 12 12 12 12 12 12 12 12 12 12 12 12 12 12 12 12 12 12 12 12 12 12 12 12 9 9 10 10 10 10 10 10 10 10 10 10 10 10 10 10 10 10 10 10 10 10 10 10 10 10 10 10 10 10 10 10 10 10 11 1
staticfield sun/misc/Launcher$AppClassLoader $assertionsDisabled Z 1
ciInstanceKlass sun/misc/Launcher$ExtClassLoader 1 1 209 8 8 8 1 1 1 1 1 1 1 1 1 1 1 1 1 1 1 1 1 1 1 1 1 1 1 1 1 1 1 1 1 1 1 1 1 1 1 1 1 1 1 1 1 1 1 1 1 1 1 1 1 1 1 1 1 1 1 1 1 1 1 1 1 1 1 1 1 1 1 1 1 1 1 1 1 1 1 1 1 1 1 100 100 100 100 7 7 7 7 7 7 7 100 7 100 100 100 7 7 7 7 7 7 100 7 7 7 1 1 1 1 1 1 1 1 1 1 1 1 1 1 1 1 1 1 1 1 1 1 1 12 12 12 12 12 12 12 12 12 12 12 12 12 12 12 12 12 12 12 12 12 12 12 12 12 12 12 12 12 12 12 12 12 12 12 12 12 9 10 10 10 10 10 10 10 10 10 10 10 10 10 10 10 10 10 10 10 10 10 10 10 10 10 10 10 10 10 10 10 10 10 10 10 10 10 11 1
ciInstanceKlass java/security/CodeSource 1 1 322 8 8 8 8 8 8 8 8 8 8 8 8 8 8 1 1 1 1 1 1 1 1 1 1 1 1 1 1 1 1 1 1 1 1 1 1 1 1 1 1 1 1 1 1 1 1 1 1 1 1 1 1 1 1 1 1 1 1 1 1 1 1 1 1 1 1 1 1 1 1 1 1 1 1 1 1 1 1 1 1 1 1 1 1 1 1 1 1 1 1 1 1 1 1 1 1 1 1 1 1 1 1 1 1 1 1 1 1 1 1 1 1 1 1 1 1 1 1 1 1 1 1 1 1 1 1 1 1 1 1 1 1 1 1 1 1 5 0 100 7 7 100 100 100 100 100 100 7 100 7 100 100 7 7 7 7 7 100 100 100 100 7 100 100 1 1 1 1 1 1 1 1 1 1 1 1 1 1 1 1 1 1 1 1 1 1 1 1 12 12 12 12 12 12 12 12 12 12 12 12 12 12 12 12 12 12 12 12 12 12 12 12 12 12 12 12 12 12 12 12 12 12 12 12 12 12 12 12 12 12 12 12 12 12 12 12 12 12 12 12 12 12 12 12 12 12 12 12 12 9 9 9 9 9 10 10 10 10 10 10 10 10 10 10 10 10 10 10 10 10 10 10 10 10 10 10 10 10 10 10 10 10 10 10 10 10 10 10 10 10 10 10 10 10 10 10 10 10 10 10 10 10 10 10 10 10 10 10 10 10 10 10 10 10 10 10 11 11 11 11 1
ciInstanceKlass java/lang/StackTraceElement 1 1 98 8 8 8 8 8 8 8 8 1 1 1 1 1 1 1 1 1 1 1 1 1 1 1 1 1 1 1 1 1 1 1 1 1 1 1 1 1 1 1 1 1 1 1 1 1 1 1 1 1 1 1 5 0 100 7 7 7 7 7 1 1 1 1 1 1 12 12 12 12 12 12 12 12 12 12 12 12 12 12 12 9 9 9 9 10 10 10 10 10 10 10 10 10 10 10 10 1
instanceKlass java/nio/LongBuffer
instanceKlass java/nio/CharBuffer
instanceKlass java/nio/ByteBuffer
ciInstanceKlass java/nio/Buffer 1 1 103 8 8 8 8 1 1 1 1 1 1 1 1 1 1 1 1 1 1 1 1 1 1 1 1 1 1 1 1 1 1 1 1 1 1 1 1 1 1 1 1 1 1 1 1 1 1 1 1 1 1 1 1 1 1 1 1 1 1 1 1 3 100 100 7 100 7 100 100 100 1 1 1 1 12 12 12 12 12 12 12 12 12 12 12 9 9 9 9 10 10 10 10 10 10 10 10 10 10 10 10 10 1
ciInstanceKlass java/lang/Boolean 1 1 110 8 8 8 1 1 1 1 1 1 1 1 1 1 1 1 1 1 1 1 1 1 1 1 1 1 1 1 1 1 1 1 1 1 1 1 1 1 1 1 1 1 1 1 1 1 1 1 1 1 1 1 1 1 1 1 1 1 1 1 1 5 0 100 7 7 100 100 100 7 100 7 7 1 1 1 1 1 1 1 1 12 12 12 12 12 12 12 12 12 12 12 12 12 12 9 9 9 9 10 10 10 10 10 10 10 10 10 10 1
staticfield java/lang/Boolean TRUE Ljava/lang/Boolean; java/lang/Boolean
staticfield java/lang/Boolean FALSE Ljava/lang/Boolean; java/lang/Boolean
staticfield java/lang/Boolean TYPE Ljava/lang/Class; java/lang/Class
ciInstanceKlass java/lang/Character 1 1 459 3 3 3 3 3 3 3 3 8 8 7 1 1 1 1 1 1 1 1 1 1 1 1 1 1 1 1 1 1 1 1 1 1 1 1 1 1 1 1 1 1 1 1 1 1 1 1 1 1 1 1 1 1 1 1 1 1 1 1 1 1 1 1 1 1 1 1 1 1 1 1 1 1 1 1 1 1 1 1 1 1 1 1 1 1 1 1 1 1 1 1 1 1 1 1 1 1 1 1 1 1 1 1 1 1 1 1 1 1 1 1 1 1 1 1 1 1 1 1 1 1 1 1 1 1 1 1 1 1 1 1 1 1 1 1 1 1 1 1 1 1 1 1 1 1 1 1 1 1 1 1 1 1 1 1 1 1 1 1 1 1 1 1 1 1 1 1 1 1 1 1 1 1 1 1 1 1 1 1 1 1 1 1 1 1 1 1 1 1 1 1 1 1 1 1 1 1 1 1 1 1 1 1 1 1 1 1 1 1 1 1 1 1 1 1 1 1 1 1 1 1 1 1 1 3 3 3 3 3 3 3 3 3 3 3 3 3 3 3 3 3 3 3 3 3 3 3 3 3 3 3 3 3 3 3 3 3 3 3 3 3 5 0 5 0 100 100 7 7 100 100 100 7 100 7 100 100 100 100 7 7 100 100 1 1 1 1 1 1 1 1 1 1 1 1 1 1 1 12 12 12 12 12 12 12 12 12 12 12 12 12 12 12 12 12 12 12 12 12 12 12 12 12 12 12 12 12 12 12 12 12 12 12 12 12 12 12 12 12 12 12 12 12 12 12 12 12 12 12 12 12 12 12 12 12 12 12 12 12 12 12 12 12 12 12 12 9 9 9 9 9 10 10 10 10 10 10 10 10 10 10 10 10 10 10 10 10 10 10 10 10 10 10 10 10 10 10 10 10 10 10 10 10 10 10 10 10 10 10 10 10 10 10 10 10 10 10 10 10 10 10 10 10 10 10 10 10 10 10 10 10 10 10 10 10 10 10 10 10 10 10 10 10 10 10 10 10 10 10 10 10 11 11 1 1 1 1 1
staticfield java/lang/Character TYPE Ljava/lang/Class; java/lang/Class
staticfield java/lang/Character $assertionsDisabled Z 1
instanceKlass com/google/gson/internal/LazilyParsedNumber
instanceKlass java/math/BigDecimal
instanceKlass java/math/BigInteger
instanceKlass java/util/concurrent/atomic/AtomicLong
instanceKlass java/util/concurrent/atomic/AtomicInteger
instanceKlass java/lang/Long
instanceKlass java/lang/Integer
instanceKlass java/lang/Short
instanceKlass java/lang/Byte
instanceKlass java/lang/Double
instanceKlass java/lang/Float
ciInstanceKlass java/lang/Number 1 1 34 1 1 1 1 1 1 1 1 1 1 1 1 1 1 1 1 1 1 1 1 1 1 1 5 0 100 100 7 12 12 10 10 1
ciInstanceKlass java/lang/Float 1 1 169 3 3 3 4 4 4 4 8 8 8 1 1 1 1 1 1 1 1 1 1 1 1 1 1 1 1 1 1 1 1 1 1 1 1 1 1 1 1 1 1 1 1 1 1 1 1 1 1 1 1 1 1 1 1 1 1 1 1 1 1 1 1 1 1 1 1 1 1 1 1 1 1 1 1 1 1 1 1 1 1 1 1 1 1 1 1 1 1 1 1 1 1 1 1 1 1 1 1 3 3 3 3 4 4 5 0 7 100 100 7 100 7 100 100 7 1 1 1 1 1 1 1 1 1 12 12 12 12 12 12 12 12 12 12 12 12 12 12 12 12 12 12 12 12 12 9 9 10 10 10 10 10 10 10 10 10 10 10 10 10 10 10 10 10 10 10 10 1
staticfield java/lang/Float TYPE Ljava/lang/Class; java/lang/Class
ciInstanceKlass java/lang/Double 1 1 223 8 8 8 8 8 8 8 8 8 8 1 1 1 1 1 1 1 1 1 1 1 1 1 1 1 1 1 1 1 1 1 1 1 1 1 1 1 1 1 1 1 1 1 1 1 1 1 1 1 1 1 1 1 1 1 1 1 1 1 1 1 1 1 1 1 1 1 1 1 1 1 1 1 1 1 1 1 1 1 1 1 1 1 1 1 1 1 1 1 1 1 1 1 1 1 1 1 1 1 1 1 1 1 1 1 1 1 1 1 1 1 3 3 3 3 5 0 5 0 5 0 5 0 5 0 6 0 6 0 6 0 6 0 6 0 6 0 6 0 7 100 7 100 100 7 100 100 100 7 1 1 1 1 1 1 1 1 1 1 1 12 12 12 12 12 12 12 12 12 12 12 12 12 12 12 12 12 12 12 12 12 12 12 12 12 12 12 12 12 12 9 9 10 10 10 10 10 10 10 10 10 10 10 10 10 10 10 10 10 10 10 10 10 10 10 10 10 10 10 10 10 1
staticfield java/lang/Double TYPE Ljava/lang/Class; java/lang/Class
ciInstanceKlass java/lang/Byte 1 1 153 8 8 8 8 8 1 1 1 1 1 1 1 1 1 1 1 1 1 1 1 1 1 1 1 1 1 1 1 1 1 1 1 1 1 1 1 1 1 1 1 1 1 1 1 1 1 1 1 1 1 1 1 1 1 1 1 1 1 1 1 1 1 1 1 1 1 1 1 1 1 1 1 1 1 1 1 1 3 3 3 3 5 0 5 0 7 7 7 100 100 7 100 100 1 1 1 1 1 1 1 1 1 1 1 1 1 1 12 12 12 12 12 12 12 12 12 12 12 12 12 12 12 12 12 12 12 12 12 9 9 9 10 10 10 10 10 10 10 10 10 10 10 10 10 10 10 10 10 10 10 1 1
staticfield java/lang/Byte TYPE Ljava/lang/Class; java/lang/Class
ciInstanceKlass java/lang/Short 1 1 159 3 3 8 8 8 8 8 1 1 1 1 1 1 1 1 1 1 1 1 1 1 1 1 1 1 1 1 1 1 1 1 1 1 1 1 1 1 1 1 1 1 1 1 1 1 1 1 1 1 1 1 1 1 1 1 1 1 1 1 1 1 1 1 1 1 1 1 1 1 1 1 1 1 1 1 1 1 1 1 1 1 3 3 3 3 5 0 5 0 7 100 100 7 100 7 7 100 1 1 1 1 1 1 1 1 1 1 1 1 1 1 12 12 12 12 12 12 12 12 12 12 12 12 12 12 12 12 12 12 12 12 12 12 9 9 9 10 10 10 10 10 10 10 10 10 10 10 10 10 10 10 10 10 10 10 10 1 1
staticfield java/lang/Short TYPE Ljava/lang/Class; java/lang/Class
ciInstanceKlass java/lang/Integer 1 1 309 3 3 3 3 3 3 3 3 3 3 3 3 3 3 3 8 8 8 8 8 8 8 8 8 8 8 8 8 8 8 8 1 1 1 1 1 1 1 1 1 1 1 1 1 1 1 1 1 1 1 1 1 1 1 1 1 1 1 1 1 1 1 1 1 1 1 1 1 1 1 1 1 1 1 1 1 1 1 1 1 1 1 1 1 1 1 1 1 1 1 1 1 1 1 1 1 1 1 1 1 1 1 1 1 1 1 1 1 1 1 1 1 1 1 1 1 1 1 1 1 1 1 1 1 1 1 1 1 1 1 1 1 1 1 1 1 1 1 1 1 1 1 1 1 1 1 1 1 1 1 1 1 1 1 1 1 1 1 1 1 1 1 1 1 1 1 1 1 1 3 3 5 0 5 0 5 0 100 7 7 100 100 7 7 100 7 100 7 100 100 100 7 100 7 1 1 1 1 1 1 1 1 1 1 1 1 1 1 1 1 1 12 12 12 12 12 12 12 12 12 12 12 12 12 12 12 12 12 12 12 12 12 12 12 12 12 12 12 12 12 12 12 12 12 12 12 12 12 12 12 12 12 12 12 12 12 12 12 9 9 9 9 9 9 9 9 10 10 10 10 10 10 10 10 10 10 10 10 10 10 10 10 10 10 10 10 10 10 10 10 10 10 10 10 10 10 10 10 10 10 10 10 10 10 10 10 1 1
staticfield java/lang/Integer TYPE Ljava/lang/Class; java/lang/Class
staticfield java/lang/Integer digits [C 36
staticfield java/lang/Integer DigitTens [C 100
staticfield java/lang/Integer DigitOnes [C 100
staticfield java/lang/Integer sizeTable [I 10
ciInstanceKlass java/lang/Long 1 1 356 3 3 8 8 8 8 8 8 8 8 8 8 8 8 8 8 8 8 8 1 1 1 1 1 1 1 1 1 1 1 1 1 1 1 1 1 1 1 1 1 1 1 1 1 1 1 1 1 1 1 1 1 1 1 1 1 1 1 1 1 1 1 1 1 1 1 1 1 1 1 1 1 1 1 1 1 1 1 1 1 1 1 1 1 1 1 1 1 1 1 1 1 1 1 1 1 1 1 1 1 1 1 1 1 1 1 1 1 1 1 1 1 1 1 1 1 1 1 1 1 1 1 1 1 1 1 1 1 1 1 1 1 1 1 1 1 1 1 1 1 1 1 1 1 1 1 1 1 1 1 1 1 1 1 1 1 1 1 1 1 1 1 1 3 3 5 0 5 0 5 0 5 0 5 0 5 0 5 0 5 0 5 0 5 0 5 0 5 0 5 0 5 0 5 0 100 100 7 100 100 7 7 7 7 100 7 100 100 100 7 100 100 100 1 1 1 1 1 1 1 1 1 1 1 1 1 1 1 1 1 1 1 1 1 1 12 12 12 12 12 12 12 12 12 12 12 12 12 12 12 12 12 12 12 12 12 12 12 12 12 12 12 12 12 12 12 12 12 12 12 12 12 12 12 12 12 12 12 12 12 12 12 12 12 12 12 12 12 12 12 12 12 12 9 9 9 9 9 9 10 10 10 10 10 10 10 10 10 10 10 10 10 10 10 10 10 10 10 10 10 10 10 10 10 10 10 10 10 10 10 10 10 10 10 10 10 10 10 10 10 10 10 10 10 10 10 10 10 10 10 10 10 10 1 1
staticfield java/lang/Long TYPE Ljava/lang/Class; java/lang/Class
ciInstanceKlass java/lang/NullPointerException 1 1 21 1 1 1 1 1 1 1 1 1 1 1 5 0 100 100 12 12 10 10 1
ciInstanceKlass java/lang/ArithmeticException 1 1 21 1 1 1 1 1 1 1 1 1 1 1 5 0 100 100 12 12 10 10 1
ciInstanceKlass java/security/AccessController 1 1 187 8 8 8 8 8 8 8 8 1 1 1 1 1 1 1 1 1 1 1 1 1 1 1 1 1 1 1 1 1 1 1 1 1 1 1 1 1 1 1 1 1 1 1 1 1 1 1 1 1 1 1 1 1 1 1 1 1 1 1 1 1 1 1 1 1 1 1 1 1 1 100 100 100 100 100 100 7 100 7 7 100 100 100 7 7 100 1 1 1 1 1 1 1 1 1 1 1 1 1 1 1 1 1 1 1 1 1 1 1 1 1 1 1 1 1 1 1 1 12 12 12 12 12 12 12 12 12 12 12 12 12 12 12 12 12 12 12 12 12 12 12 12 12 12 12 12 12 12 12 12 12 10 10 10 10 10 10 10 10 10 10 10 10 10 10 10 10 10 10 10 10 10 10 10 10 10 10 10 10 10 10 10 10 10 10 1
ciInstanceKlass java/security/PrivilegedAction 1 0 12 1 1 1 1 1 1 1 100 100 1 1
ciInstanceKlass java/util/List 1 1 112 1 1 1 1 1 1 1 1 1 1 1 1 1 1 1 1 1 1 1 1 1 1 1 1 1 1 1 1 1 1 1 1 1 1 1 1 1 1 1 1 1 1 1 1 1 1 1 1 1 1 1 1 100 100 100 100 100 100 100 100 100 100 1 1 1 1 1 1 1 1 1 1 1 1 1 1 1 1 1 1 1 1 1 1 1 1 1 1 1 1 1 1 12 12 12 12 12 12 12 12 12 10 10 10 11 11 11 11 11 11 1
instanceKlass com/github/pagehelper/Page
instanceKlass org/springframework/beans/factory/support/ManagedList
ciInstanceKlass java/util/ArrayList 1 1 342 3 3 8 8 8 8 8 8 8 8 7 1 1 1 1 1 1 1 1 1 1 1 1 1 1 1 1 1 1 1 1 1 1 1 1 1 1 1 1 1 1 1 1 1 1 1 1 1 1 1 1 1 1 1 1 1 1 1 1 1 1 1 1 1 1 1 1 1 1 1 1 1 1 1 1 1 1 1 1 1 1 1 1 1 1 1 1 1 1 1 1 1 1 1 1 1 1 1 1 1 1 1 1 1 1 1 1 1 1 1 1 1 1 1 1 1 1 1 1 1 1 1 1 1 1 1 1 1 1 1 1 1 1 1 1 1 1 1 1 1 1 1 1 1 1 1 1 1 3 5 0 100 100 100 100 100 100 100 100 100 100 7 7 100 100 7 100 7 7 100 7 7 7 7 7 100 7 100 100 7 100 7 100 100 1 1 1 1 1 1 1 1 1 1 1 1 1 1 1 1 1 1 1 1 1 1 1 1 1 1 1 1 1 1 1 1 1 1 1 1 1 1 1 1 1 1 1 1 1 1 1 1 12 12 12 12 12 12 12 12 12 12 12 12 12 12 12 12 12 12 12 12 12 12 12 12 12 12 12 12 12 12 12 12 12 12 12 12 12 12 12 12 12 12 12 12 12 12 12 12 12 12 9 9 9 9 9 10 10 10 10 10 10 10 10 10 10 10 10 10 10 10 10 10 10 10 10 10 10 10 10 10 10 10 10 10 10 10 10 10 10 10 10 10 10 10 10 10 10 10 10 11 11 11 11 11 1 1 1 1 1
staticfield java/util/ArrayList EMPTY_ELEMENTDATA [Ljava/lang/Object; 0 [Ljava/lang/Object;
staticfield java/util/ArrayList DEFAULTCAPACITY_EMPTY_ELEMENTDATA [Ljava/lang/Object; 0 [Ljava/lang/Object;
ciInstanceKlass java/util/Set 1 1 48 1 1 1 1 1 1 1 1 1 1 1 1 1 1 1 1 1 1 1 1 1 1 1 1 1 1 1 1 100 100 100 100 1 1 1 1 1 1 1 1 1 1 1 1 12 10 1
instanceKlass com/google/common/cache/LocalCache
instanceKlass java/util/concurrent/ConcurrentSkipListMap
instanceKlass org/apache/tomcat/util/collections/ManagedConcurrentWeakHashMap
instanceKlass org/aspectj/apache/bcel/util/ClassLoaderRepository$SoftHashMap
instanceKlass java/util/TreeMap$NavigableSubMap
instanceKlass java/util/Collections$SingletonMap
instanceKlass java/util/EnumMap
instanceKlass org/springframework/util/ConcurrentReferenceHashMap
instanceKlass java/util/IdentityHashMap
instanceKlass java/util/concurrent/ConcurrentHashMap
instanceKlass java/util/TreeMap
instanceKlass java/util/WeakHashMap
instanceKlass sun/util/PreHashedMap
instanceKlass java/util/HashMap
instanceKlass java/util/Collections$EmptyMap
ciInstanceKlass java/util/AbstractMap 1 1 150 8 8 1 1 1 1 1 1 1 1 1 1 1 1 1 1 1 1 1 1 1 1 1 1 1 1 1 1 1 1 1 1 1 1 1 1 1 1 1 1 1 1 1 1 1 1 1 1 1 1 1 1 1 1 1 1 1 1 1 1 100 100 100 7 100 100 7 7 100 100 100 7 7 7 7 1 1 1 1 1 1 1 1 1 1 1 1 1 1 1 1 1 1 1 12 12 12 12 12 12 12 12 12 12 12 12 12 12 12 12 12 12 12 12 12 12 12 9 9 10 10 10 10 10 10 10 10 10 10 10 10 10 10 11 11 11 11 11 11 11 11 11 11 11 11 11 1 1 1
ciInstanceKlass java/util/Iterator 1 1 45 8 1 1 1 1 1 1 1 1 1 1 1 1 1 1 1 1 1 1 1 1 1 1 1 100 100 7 7 7 1 1 1 1 12 12 12 12 12 10 10 11 11 11 1
ciInstanceKlass java/security/PrivilegedExceptionAction 1 0 15 1 1 1 1 1 1 1 1 1 100 100 100 1 1
instanceKlass java/lang/IllegalThreadStateException
instanceKlass java/util/regex/PatternSyntaxException
instanceKlass org/springframework/web/util/pattern/PatternParseException
instanceKlass org/springframework/web/servlet/resource/ResourceUrlEncodingFilter$LookupPathIndexException
instanceKlass java/nio/charset/UnsupportedCharsetException
instanceKlass java/nio/file/InvalidPathException
instanceKlass org/springframework/aop/framework/adapter/UnknownAdviceTypeException
instanceKlass org/springframework/core/Constants$ConstantException
instanceKlass org/springframework/http/InvalidMediaTypeException
instanceKlass org/springframework/util/InvalidMimeTypeException
instanceKlass java/lang/NumberFormatException
ciInstanceKlass java/lang/IllegalArgumentException 1 1 27 1 1 1 1 1 1 1 1 1 1 1 1 5 0 100 7 1 12 12 12 12 10 10 10 10 1
ciInstanceKlass java/util/Collections$SetFromMap 1 1 157 8 1 1 1 1 1 1 1 1 1 1 1 1 1 1 1 1 1 1 1 1 1 1 1 1 1 1 1 1 1 1 1 1 1 1 1 1 1 1 1 1 1 1 1 1 1 1 1 1 1 1 1 1 1 1 1 1 1 1 1 1 5 0 100 100 100 7 100 100 100 7 100 7 7 7 1 1 1 1 1 1 1 1 1 1 1 1 1 1 1 1 1 1 1 1 1 1 1 1 1 12 12 12 12 12 12 12 12 12 12 12 12 12 12 12 12 12 12 12 12 12 12 12 12 12 12 12 9 9 9 10 10 10 10 11 11 11 11 11 11 11 11 11 11 11 11 11 11 11 11 11 11 11 11 1 1
ciInstanceKlass java/util/concurrent/ConcurrentMap 1 1 181 1 1 1 1 1 1 1 1 1 1 1 1 1 1 1 1 1 1 1 1 1 1 1 1 1 1 1 1 1 1 1 1 1 1 1 1 1 1 1 1 1 1 1 1 1 1 1 1 1 1 1 1 100 100 100 100 100 100 100 100 7 100 7 100 100 7 1 1 1 1 1 1 1 1 1 1 1 1 1 1 1 1 1 1 1 1 12 12 12 12 12 12 12 12 12 12 12 12 12 12 12 12 12 12 12 10 10 11 11 11 11 11 11 11 11 11 11 11 11 11 11 11 11 15 15 16 18 1 1 1 100 1 8 1 1 12 10 1 1 1 8 1 1 8 1 1 1 8 1 1 1 8 1 1 1 8 1 1 1 8 1 1 1 8 1 1 1 8 1 1 1 8 1 1 8 1 1 1 8 1
instanceKlass com/fasterxml/jackson/core/util/InternCache
ciInstanceKlass java/util/concurrent/ConcurrentHashMap 1 1 1012 3 3 3 4 8 8 8 8 7 7 7 7 7 7 1 1 1 1 1 1 1 1 1 1 1 1 1 1 1 1 1 1 1 1 1 1 1 1 1 1 1 1 1 1 1 1 1 1 1 1 1 1 1 1 1 1 1 1 1 1 1 1 1 1 1 1 1 1 1 1 1 1 1 1 1 1 1 1 1 1 1 1 1 1 1 1 1 1 1 1 1 1 1 1 1 1 1 1 1 1 1 1 1 1 1 1 1 1 1 1 1 1 1 1 1 1 1 1 1 1 1 1 1 1 1 1 1 1 1 1 1 1 1 1 1 1 1 1 1 1 1 1 1 1 1 1 1 1 1 1 1 1 1 1 1 1 1 1 1 1 1 1 1 1 1 1 1 1 1 1 1 1 1 1 1 1 1 1 1 1 1 1 1 1 1 1 1 1 1 1 1 1 1 1 1 1 1 1 1 1 1 1 1 1 1 1 1 1 1 1 1 1 1 1 1 1 1 1 1 1 1 1 1 1 1 1 1 1 1 1 1 1 1 1 1 1 1 1 1 1 1 1 1 1 1 1 1 1 1 1 1 1 1 1 1 1 1 1 1 1 1 1 1 1 1 1 1 1 1 1 1 1 1 1 1 1 1 1 1 1 1 1 1 1 1 1 1 1 1 1 1 1 1 1 1 1 1 1 1 1 1 1 1 1 1 1 1 1 1 1 1 1 1 1 1 1 1 1 1 1 3 3 3 3 3 3 3 3 5 0 5 0 5 0 5 0 5 0 5 0 8 8 8 8 8 8 100 100 100 100 100 100 7 100 7 7 100 100 100 100 100 7 100 100 7 7 100 100 100 7 100 7 100 100 100 100 100 100 100 100 100 7 100 100 100 100 100 100 100 100 100 7 100 7 100 100 100 100 100 100 100 100 100 100 100 100 100 100 100 100 100 100 7 100 100 100 7 100 100 100 100 100 100 7 7 7 100 100 7 100 100 100 100 7 100 7 7 1 1 1 1 1 1 1 1 1 1 1 1 1 1 1 1 1 1 1 1 1 1 1 1 1 1 1 1 1 1 1 1 1 1 1 1 1 1 1 1 1 1 1 1 1 1 1 1 1 1 1 1 1 1 1 1 1 1 1 1 1 1 1 1 1 1 1 1 1 1 1 1 1 1 1 1 1 1 1 1 1 1 1 1 1 1 1 1 1 1 1 1 1 1 1 1 1 1 1 1 1 1 1 1 1 1 1 1 1 1 1 1 1 1 1 1 1 1 1 1 1 1 1 1 1 1 1 1 1 1 1 1 1 1 1 1 1 1 1 1 1 1 1 1 1 1 1 1 1 1 1 1 1 1 1 1 1 1 1 1 1 1 1 1 1 1 1 1 1 1 1 1 12 12 12 12 12 12 12 12 12 12 12 12 12 12 12 12 12 12 12 12 12 12 12 12 12 12 12 12 12 12 12 12 12 12 12 12 12 12 12 12 12 12 12 12 12 12 12 12 12 12 12 12 12 12 12 12 12 12 12 12 12 12 12 12 12 12 12 12 12 12 12 12 12 12 12 12 12 12 12 12 12 12 12 12 12 12 12 12 12 12 12 12 12 12 12 12 12 12 12 12 12 12 12 12 12 12 12 12 12 12 12 12 12 12 12 12 12 12 12 12 12 12 12 12 12 12 12 12 12 12 12 12 12 12 12 12 12 12 12 12 12 12 12 12 12 12 12 12 12 12 9 9 9 9 9 9 9 9 9 9 9 9 9 9 9 9 9 9 9 9 9 9 9 9 9 9 9 9 9 9 9 9 9 9 9 9 10 10 10 10 10 10 10 10 10 10 10 10 10 10 10 10 10 10 10 10 10 10 10 10 10 10 10 10 10 10 10 10 10 10 10 10 10 10 10 10 10 10 10 10 10 10 10 10 10 10 10 10 10 10 10 10 10 10 10 10 10 10 10 10 10 10 10 10 10 10 10 10 10 10 10 10 10 10 10 10 10 10 10 10 10 10 10 10 10 10 10 10 10 10 10 10 10 10 10 10 10 10 10 10 10 10 10 10 10 10 10 10 10 10 10 10 10 10 10 10 10 10 10 10 10 10 10 10 10 10 10 10 10 10 10 10 10 10 10 10 10 10 10 10 10 10 10 10 11 11 11 11 11 11 11 11 11 11 11 11 11 11 1 1 1 1 1 1 1 1 1 1 1 1 1 1 1 1 1 1 1 1 1 1 1 1 1 1 1 1 1 1 1 1 1 1 1 1 1 1 1 1 1 1 1 1 1 1 1 1 1 1 1 1 1 1
staticfield java/util/concurrent/ConcurrentHashMap MAX_RESIZERS I 65535
staticfield java/util/concurrent/ConcurrentHashMap RESIZE_STAMP_SHIFT I 16
staticfield java/util/concurrent/ConcurrentHashMap NCPU I 12
staticfield java/util/concurrent/ConcurrentHashMap serialPersistentFields [Ljava/io/ObjectStreamField; 3 [Ljava/io/ObjectStreamField;
staticfield java/util/concurrent/ConcurrentHashMap U Lsun/misc/Unsafe; sun/misc/Unsafe
staticfield java/util/concurrent/ConcurrentHashMap SIZECTL J 20
staticfield java/util/concurrent/ConcurrentHashMap TRANSFERINDEX J 32
staticfield java/util/concurrent/ConcurrentHashMap BASECOUNT J 24
staticfield java/util/concurrent/ConcurrentHashMap CELLSBUSY J 36
staticfield java/util/concurrent/ConcurrentHashMap CELLVALUE J 144
staticfield java/util/concurrent/ConcurrentHashMap ABASE J 16
staticfield java/util/concurrent/ConcurrentHashMap ASHIFT I 2
instanceKlass java/util/concurrent/ConcurrentHashMap$TreeBin
instanceKlass java/util/concurrent/ConcurrentHashMap$TreeNode
instanceKlass java/util/concurrent/ConcurrentHashMap$ReservationNode
instanceKlass java/util/concurrent/ConcurrentHashMap$ForwardingNode
ciInstanceKlass java/util/concurrent/ConcurrentHashMap$Node 1 1 87 8 1 1 1 1 1 1 1 1 1 1 1 1 1 1 1 1 1 1 1 1 1 1 1 1 1 1 1 1 1 1 1 1 1 1 1 1 1 1 1 1 1 1 7 100 100 100 100 100 7 1 1 1 1 1 1 1 1 1 12 12 12 12 12 12 12 12 12 12 12 12 9 9 9 9 10 10 10 10 10 10 10 10 11 11 1
ciInstanceKlass java/util/function/Function 1 1 65 1 1 1 1 1 1 1 1 1 1 1 1 1 1 1 1 1 1 1 1 1 1 1 1 100 7 100 100 7 7 1 1 1 1 1 1 1 1 1 1 12 12 12 12 12 12 12 12 10 10 11 11 11 11 15 15 15 15 16 18 18 18 1 1
ciInstanceKlass java/security/PrivilegedActionException 1 1 59 8 1 1 1 1 1 1 1 1 1 1 1 1 1 1 1 1 1 1 1 1 1 1 1 1 1 1 5 0 100 7 100 100 100 100 7 1 1 1 1 1 1 12 12 12 12 12 12 12 9 10 10 10 10 10 10 10 1
instanceKlass org/apache/coyote/http11/HeadersTooLargeException
instanceKlass java/nio/channels/WritePendingException
instanceKlass java/nio/channels/ReadPendingException
instanceKlass java/nio/channels/CancelledKeyException
instanceKlass reactor/core/publisher/Sinks$EmissionException
instanceKlass io/netty/util/concurrent/BlockingOperationException
instanceKlass java/util/concurrent/CancellationException
instanceKlass org/apache/catalina/session/TooManyActiveSessionsException
instanceKlass org/springframework/context/annotation/ConflictingBeanDefinitionException
instanceKlass org/springframework/beans/factory/support/ImplicitlyAppearedSingletonException
instanceKlass org/springframework/core/env/MissingRequiredPropertiesException
ciInstanceKlass java/lang/IllegalStateException 1 1 27 1 1 1 1 1 1 1 1 1 1 1 1 5 0 100 7 1 12 12 12 12 10 10 10 10 1
ciInstanceKlass java/util/concurrent/ConcurrentHashMap$ForwardingNode 1 1 56 1 1 1 1 1 1 1 1 1 1 1 1 1 1 1 1 1 1 1 1 1 1 1 100 100 100 7 7 1 1 1 1 1 1 1 1 1 12 12 12 12 12 12 12 12 9 9 9 9 10 10 10 10 1 1
instanceKlass java/util/ArrayList$ListItr
ciInstanceKlass java/util/ArrayList$Itr 1 1 92 1 1 1 1 1 1 1 1 1 1 1 1 1 1 1 1 1 1 1 1 1 1 1 1 1 1 1 1 1 1 1 1 1 1 1 1 1 1 1 100 100 100 7 7 100 7 100 100 100 100 100 1 1 1 1 1 1 1 1 1 12 12 12 12 12 12 12 12 12 12 12 12 12 9 9 9 9 9 9 10 10 10 10 10 10 10 10 10 11 1 1
ciInstanceKlass org/springframework/beans/factory/BeanFactory 1 0 49 100 100 1 1 1 8 1 1 1 100 1 1 1 1 1 1 1 1 1 1 1 1 1 1 1 1 100 1 1 1 1 1 1 1 1 1 1 1 1 1 1 1 1 1 1 1 1 1
instanceKlass org/yaml/snakeyaml/representer/BaseRepresenter$1
ciInstanceKlass java/util/IdentityHashMap 1 1 329 3 3 3 3 8 8 8 1 1 1 1 1 1 1 1 1 1 1 1 1 1 1 1 1 1 1 1 1 1 1 1 1 1 1 1 1 1 1 1 1 1 1 1 1 1 1 1 1 1 1 1 1 1 1 1 1 1 1 1 1 1 1 1 1 1 1 1 1 1 1 1 1 1 1 1 1 1 1 1 1 1 1 1 1 1 1 1 1 1 1 1 1 1 1 1 1 1 1 1 1 1 1 1 1 1 1 1 1 1 1 1 1 1 1 1 1 1 1 1 1 1 1 1 1 1 1 1 1 1 1 1 1 1 1 1 1 1 1 3 3 5 0 6 0 100 100 100 100 100 100 100 100 100 100 100 7 100 7 100 7 7 100 100 7 100 100 7 100 100 100 100 7 100 100 100 7 100 100 100 100 100 100 100 1 1 1 1 1 1 1 1 1 1 1 1 1 1 1 1 1 1 1 1 1 1 1 1 1 1 12 12 12 12 12 12 12 12 12 12 12 12 12 12 12 12 12 12 12 12 12 12 12 12 12 12 12 12 12 12 12 12 12 12 12 12 12 12 12 12 12 12 12 12 12 12 12 12 9 9 9 9 9 9 9 10 10 10 10 10 10 10 10 10 10 10 10 10 10 10 10 10 10 10 10 10 10 10 10 10 10 10 10 10 10 10 10 10 10 10 10 10 10 10 10 10 10 11 11 11 11 11 11 11 11 11 11 1 1 1 1 1 1 1 1 1 1 1 1
staticfield java/util/IdentityHashMap NULL_KEY Ljava/lang/Object; java/lang/Object
ciInstanceKlass java/lang/invoke/MethodType$ConcurrentWeakInternSet$WeakEntry 1 1 46 1 1 1 1 1 1 1 1 1 1 1 1 1 1 1 1 1 1 1 1 1 7 100 100 7 7 1 1 1 1 12 12 12 12 12 12 9 10 10 10 10 10 1 1 1
ciInstanceKlass org/apache/commons/logging/Log 1 0 25 100 100 1 1 1 1 1 1 1 1 1 1 1 1 1 1 1 1 1 1 1 1 1 1
ciInstanceKlass org/springframework/util/Assert 1 1 323 10 100 10 10 8 10 100 10 8 10 8 10 8 10 10 8 10 10 8 10 10 18 10 10 8 10 8 10 10 8 10 11 11 11 10 8 10 8 10 10 8 10 8 10 10 10 10 10 8 10 100 10 10 8 10 10 8 8 10 8 8 10 8 8 8 8 11 100 8 8 7 100 1 1 1 1 1 1 1 1 1 1 1 1 1 1 1 1 1 1 1 1 1 1 1 1 1 1 1 1 1 1 1 1 1 1 1 1 1 1 1 1 1 1 1 1 1 1 1 1 1 1 1 1 1 1 1 1 1 1 1 100 1 1 1 1 1 1 1 1 1 100 1 1 1 1 1 1 1 1 1 1 1 1 1 1 1 1 1 1 1 1 1 1 1 1 1 1 1 1 1 1 1 1 1 1 100 1 1 1 1 1 1 100 100 1 1 1 1 1 1 1 12 1 12 12 1 12 1 1 12 1 12 1 12 7 12 1 12 12 1 12 12 1 15 16 15 16 12 12 7 12 1 12 1 12 7 12 1 12 100 12 100 12 12 12 1 12 1 7 12 12 1 12 1 12 12 12 12 12 1 12 1 12 1 12 12 1 1 12 1 1 12 1 1 1 1 100 12 1 1 1 1 1 1 1 1 1 10 1 10 1 1 1 1 1 1 1 1 1 1 1 1 1 1 1 1 1 1 1 1 1 1 1 1 1 1 1 1 1 100 12 12 1 1 100 1 1 1 100 1 1
ciInstanceKlass org/springframework/util/ClassUtils 1 1 928 10 9 10 11 10 10 7 7 10 10 10 10 8 10 10 11 7 8 10 10 10 10 10 10 8 10 8 8 10 10 10 7 10 7 10 10 10 10 7 100 8 8 10 10 100 100 8 8 10 8 100 10 8 10 10 9 9 11 10 10 10 10 9 9 8 8 10 8 10 8 10 8 8 8 10 8 10 10 10 100 8 10 11 11 11 10 10 9 11 7 8 10 10 10 10 10 10 10 10 7 10 10 11 10 8 10 10 7 9 11 10 10 10 10 8 10 10 10 8 10 10 8 8 10 10 10 8 10 10 10 10 10 10 8 10 10 8 10 10 10 10 7 10 10 10 8 10 8 10 10 10 11 11 7 11 8 10 10 10 10 10 10 10 10 9 18 11 10 10 10 10 8 10 10 10 7 10 10 7 10 7 10 7 10 7 9 7 9 7 9 7 9 7 9 7 9 7 9 7 9 7 11 7 11 11 10 11 11 7 7 7 7 7 7 7 7 10 7 7 7 7 7 7 7 7 7 7 7 7 7 7 7 7 7 7 7 7 7 7 7 7 7 7 7 7 7 7 7 7 7 10 1 1 1 1 1 1 1 1 1 1 1 3 1 3 1 3 1 1 1 1 1 1 1 1 1 1 1 1 1 1 1 1 1 1 1 1 1 1 1 1 1 1 1 1 1 1 1 1 1 1 1 100 100 1 1 1 1 1 1 1 1 100 1 1 1 1 1 1 1 1 1 1 1 1 1 1 100 100 100 1 1 1 1 1 1 1 100 100 1 1 1 1 1 100 1 1 1 1 1 1 1 1 1 1 1 1 1 1 1 1 1 1 1 1 1 1 1 1 1 1 1 1 1 1 1 1 1 1 1 1 1 1 1 1 1 1 1 1 1 1 1 1 1 1 1 1 1 100 100 1 1 1 1 1 1 1 1 1 1 1 1 1 1 1 1 1 1 1 1 1 1 1 1 100 1 1 1 1 1 1 1 1 1 1 1 1 1 1 1 1 1 1 1 1 1 1 1 1 1 1 1 1 100 1 1 1 1 1 1 1 1 1 1 1 1 1 1 1 1 1 1 100 100 1 1 1 1 1 1 1 1 1 100 1 1 1 1 1 1 1 1 1 1 1 1 1 1 1 1 1 1 100 1 1 1 1 1 1 1 1 1 1 1 1 1 1 1 1 1 1 1 1 1 1 1 1 1 1 1 1 1 1 1 1 1 1 1 1 1 1 1 1 12 12 12 12 7 12 12 1 1 12 100 12 12 12 1 7 12 12 12 1 1 12 12 12 12 100 12 12 1 12 1 1 12 12 12 1 12 1 12 12 12 1 1 1 1 12 12 1 1 1 1 1 1 12 1 12 12 12 12 12 12 12 12 12 12 12 1 1 12 1 12 1 12 1 1 1 12 1 7 12 12 7 12 1 1 12 12 12 12 12 12 12 1 12 12 12 12 12 12 12 7 12 1 12 12 12 1 12 7 12 1 12 12 12 12 7 12 12 1 12 12 12 1 12 12 1 1 12 12 1 12 12 12 12 12 100 12 1 12 12 1 12 12 12 1 12 12 12 1 12 1 12 12 12 12 1 12 1 12 12 12 12 12 7 12 12 12 1 15 16 15 16 12 12 12 12 12 1 12 12 12 1 12 12 1 1 1 1 1 1 1 1 1 1 1 1 12 1 12 12 12 12 12 1 1 1 1 1 1 1 1 12 1 1 1 1 1 1 1 1 1 1 1 1 1 1 1 1 1 1 1 1 1 1 1 1 1 1 1 1 1 1 1 1 1 12 1 1 1 1 1 1 1 1 1 1 1 1 1 1 1 1 1 1 1 1 1 1 1 1 1 1 1 1 1 1 1 1 1 1 1 1 1 1 1 1 1 1 1 1 1 1 1 1 1 1 1 1 1 1 1 1 1 1 1 1 1 1 1 1 1 1 1 1 1 1 1 1 1 1 1 1 1 1 1 1 1 1 1 1 1 1 1 1 1 1 1 1 1 1 1 1 1 1 1 1 1 1 1 1 1 1 1 10 10 1 1 1 1 1 1 1 1 1 1 1 1 1 1 1 1 1 1 7 12 12 1 1 100 1 1 100 1 1
staticfield org/springframework/util/ClassUtils EMPTY_CLASS_ARRAY [Ljava/lang/Class; 0 [Ljava/lang/Class;
staticfield org/springframework/util/ClassUtils primitiveWrapperTypeMap Ljava/util/Map; java/util/IdentityHashMap
staticfield org/springframework/util/ClassUtils primitiveTypeToWrapperMap Ljava/util/Map; java/util/IdentityHashMap
staticfield org/springframework/util/ClassUtils primitiveTypeNameMap Ljava/util/Map; java/util/HashMap
staticfield org/springframework/util/ClassUtils commonClassCache Ljava/util/Map; java/util/HashMap
staticfield org/springframework/util/ClassUtils javaLanguageInterfaces Ljava/util/Set; java/util/HashSet
staticfield org/springframework/util/ClassUtils interfaceMethodCache Ljava/util/Map; org/springframework/util/ConcurrentReferenceHashMap
ciInstanceKlass java/lang/invoke/BoundMethodHandle$Species_L 1 1 113 8 7 1 1 1 1 1 1 1 1 1 1 1 1 1 1 1 1 1 1 1 1 1 1 1 1 1 1 1 1 1 1 1 1 1 1 1 1 1 1 1 1 1 1 1 1 100 7 7 100 7 7 100 1 1 1 1 1 1 1 1 1 1 1 1 1 1 1 1 1 12 12 12 12 12 12 12 12 12 12 12 12 12 12 12 12 12 12 12 9 9 9 9 9 9 9 10 10 10 10 10 10 10 10 10 10 10 10 1 1 1 1
staticfield java/lang/invoke/BoundMethodHandle$Species_L SPECIES_DATA Ljava/lang/invoke/BoundMethodHandle$SpeciesData; java/lang/invoke/BoundMethodHandle$SpeciesData
ciInstanceKlass java/lang/invoke/LambdaForm$MH 1 1 20 1 7 1 100 1 1 1 1 1 1 1 7 1 1 12 9 1 1 1
ciInstanceKlass java/lang/invoke/LambdaForm$MH 1 1 20 1 7 1 100 1 1 1 1 1 1 1 7 1 1 12 10 1 1 1
ciInstanceKlass java/util/function/Supplier 1 0 14 1 1 1 1 1 1 1 1 100 100 1 1 1
ciInstanceKlass org/springframework/util/StringUtils 1 1 645 10 8 10 11 10 10 11 10 10 10 10 10 10 10 7 10 10 10 10 11 10 10 10 10 10 10 10 10 7 10 10 8 10 10 10 10 10 10 10 10 7 8 10 8 10 10 7 10 8 8 11 11 11 10 10 10 8 10 7 10 10 100 8 8 10 10 10 10 10 10 10 10 8 10 10 8 10 8 100 10 10 8 8 10 10 8 10 8 10 8 10 9 11 7 10 10 10 10 7 10 10 11 11 10 10 7 10 10 100 10 10 10 10 7 10 10 10 10 10 8 10 11 11 11 11 10 10 10 10 100 10 10 10 10 100 1 1 1 1 1 1 1 3 1 1 1 1 3 1 1 1 1 1 1 1 1 1 1 1 1 1 1 1 1 1 1 1 1 1 1 1 1 1 1 1 1 1 1 1 1 1 1 1 1 1 1 1 100 1 1 1 1 1 1 1 1 1 1 1 1 1 1 1 1 1 1 1 1 1 1 1 1 1 1 1 1 1 1 1 1 1 1 1 1 1 1 1 1 1 1 100 1 100 1 1 1 100 1 1 1 1 1 1 1 1 1 1 1 1 1 1 1 1 1 1 1 1 1 1 1 1 1 1 1 1 1 1 1 1 1 100 1 1 1 1 1 1 1 1 1 1 1 1 1 1 1 1 1 100 100 1 1 1 1 1 1 1 1 1 1 1 1 1 1 1 1 1 100 1 1 1 1 1 1 1 1 1 1 1 100 1 1 1 1 1 1 1 1 1 1 1 1 1 1 1 1 1 1 1 1 1 1 1 100 1 1 1 1 1 1 1 1 1 1 1 1 1 1 1 1 1 1 1 100 1 1 1 1 1 1 1 1 100 1 1 1 1 1 1 1 1 1 1 1 1 1 1 1 1 100 1 1 1 1 1 1 1 1 1 1 1 1 1 100 100 1 1 1 1 1 12 1 12 7 12 12 12 12 7 12 12 12 12 12 1 12 12 12 12 12 12 12 12 12 12 12 12 1 12 1 12 12 12 12 12 12 12 12 1 1 12 1 12 12 1 1 1 7 12 12 12 12 12 12 1 7 12 1 12 1 1 1 12 12 100 12 12 12 12 12 12 1 12 12 1 12 1 1 12 12 1 1 12 12 1 100 12 1 12 1 7 12 12 7 12 7 12 12 7 12 100 12 1 7 12 12 7 12 12 12 12 1 12 1 12 12 12 1 12 12 12 12 1 12 12 7 12 12 12 12 12 12 1 12 12 12 1 1 1 1 1 1 1 1 1 1 1 1 1 1 1 1 1 1 1 1 1 1 1 1 1 1 1 1 1 1 1 1 1 1 1 1 1 1 1 1 1 1 1 1 1 1 1 1 1 1 1 1 1 1 1 1 1 1 1 1 1 1 1 1 1 1 1 1 1 1 1 1 1 1 1 1 1 1 1 1 1 1 1 1 1 1 1 1 1 1 1 1 1 1 1 1 1 1
staticfield org/springframework/util/StringUtils EMPTY_STRING_ARRAY [Ljava/lang/String; 0 [Ljava/lang/String;
ciInstanceKlass org/springframework/util/ObjectUtils 1 1 450 7 10 100 100 10 10 10 10 7 10 7 11 10 7 11 100 11 10 8 10 10 10 10 10 10 100 7 10 8 10 8 10 10 10 10 7 10 7 10 9 8 10 10 10 10 10 7 10 7 10 7 10 7 10 7 10 7 10 7 10 7 10 10 10 10 10 10 10 10 10 10 10 10 10 10 10 10 8 8 10 10 10 10 8 7 10 10 10 10 10 10 10 10 10 10 8 100 8 8 8 10 10 10 10 10 10 10 10 10 10 10 1 1 1 3 1 3 1 1 1 1 1 1 1 1 1 1 1 1 1 1 1 1 1 1 1 1 1 1 1 1 1 1 1 1 1 1 1 100 1 1 1 1 1 1 1 1 1 1 1 1 1 1 1 1 1 100 100 1 1 1 1 1 1 1 1 1 1 1 1 1 1 1 1 1 1 100 100 1 1 1 1 1 1 1 1 1 1 1 1 1 100 1 1 1 1 1 1 1 1 1 1 1 1 1 1 1 1 1 1 1 1 1 1 1 1 1 1 1 1 1 1 1 1 1 1 1 1 1 1 1 1 1 1 1 1 1 1 1 1 1 1 1 1 1 1 1 100 1 1 1 1 1 1 100 1 1 1 1 1 1 1 1 1 1 1 1 1 1 1 1 1 1 12 1 1 12 7 12 12 12 1 12 1 12 7 12 1 12 1 12 1 100 12 12 12 100 12 12 12 1 1 1 12 1 12 12 12 1 12 7 12 12 1 12 12 12 7 12 12 12 12 12 12 12 12 12 12 12 12 12 12 12 12 12 12 12 12 100 12 100 12 100 12 100 12 1 1 12 12 7 12 12 1 1 12 12 12 12 12 12 12 12 12 1 1 1 1 1 12 12 12 12 12 12 12 12 12 12 1 1 1 1 1 1 1 1 1 1 1 1 1 1 1 1 1 1 1 1 1 1 1 1 1 1 1 1 1 1 1 1 1 1 1 1 1 1 1 1 1 1 1 1 1 1 1 1 1 1 1 1 1 1 1 1 1 1 1 1
staticfield org/springframework/util/ObjectUtils EMPTY_OBJECT_ARRAY [Ljava/lang/Object; 0 [Ljava/lang/Object;
instanceKlass org/springframework/core/ResolvableType$1
ciInstanceKlass org/springframework/core/ResolvableType 1 1 693 9 9 10 9 10 10 9 9 10 10 9 9 10 7 10 7 11 7 11 10 10 10 10 10 8 10 9 10 10 10 11 10 10 10 10 7 7 11 10 10 10 10 10 10 7 10 11 10 7 10 10 10 11 7 7 10 10 10 9 10 100 9 10 10 10 10 10 7 11 11 10 7 10 10 9 10 11 9 10 10 11 11 10 11 11 11 10 7 10 100 10 10 8 10 10 8 10 10 8 10 7 10 8 10 8 8 10 18 10 7 10 7 10 7 10 7 11 8 7 10 10 10 10 10 8 7 10 10 10 8 10 10 8 10 10 7 10 10 9 10 8 10 10 10 9 10 10 10 10 10 10 9 8 10 7 10 100 7 1 1 7 1 1 1 1 7 1 1 1 1 1 1 1 1 1 1 1 1 7 1 1 1 1 1 1 1 1 1 1 1 1 1 1 1 1 1 1 1 1 1 1 1 1 1 1 1 1 1 100 100 1 1 1 1 1 1 100 1 1 1 1 1 100 1 1 1 1 1 1 1 1 1 1 1 1 1 1 1 1 1 1 1 1 1 1 1 1 1 1 1 1 100 100 100 100 1 1 1 1 1 1 1 1 1 1 1 1 1 1 1 1 100 1 1 1 1 100 1 1 1 1 1 1 1 1 1 1 100 1 1 1 1 1 1 1 1 100 1 1 1 1 1 100 1 1 1 1 1 1 1 1 100 1 1 1 1 1 1 1 1 1 1 1 1 1 1 1 1 1 1 1 1 1 1 1 1 1 100 100 1 1 1 1 1 1 1 1 1 1 1 1 1 1 1 1 1 1 1 1 1 1 1 1 1 1 1 1 1 1 1 1 1 1 1 1 1 1 1 1 1 1 1 1 1 1 1 1 1 1 1 1 1 1 1 1 1 1 1 1 1 1 1 1 1 1 1 1 1 1 1 1 1 1 100 1 1 1 1 1 1 1 1 1 1 1 1 1 1 1 1 1 1 1 1 1 1 1 1 1 1 1 12 12 12 12 12 12 12 12 12 12 12 12 12 1 7 12 1 12 1 12 12 12 12 12 12 1 7 12 12 12 12 12 12 12 12 12 12 1 1 12 12 12 7 12 12 12 1 12 12 1 12 12 12 12 1 1 12 12 12 12 12 1 12 12 12 12 12 12 1 12 12 12 1 12 12 12 12 12 12 7 12 12 12 12 7 12 12 12 12 1 12 1 12 1 12 12 1 12 1 100 12 1 12 1 12 1 1 12 1 15 16 15 16 12 12 1 1 12 1 12 1 12 1 1 1 12 12 7 12 12 12 1 1 12 12 12 1 12 12 1 12 1 1 12 12 12 12 1 12 100 12 12 12 12 12 12 1 12 1 1 1 1 1 1 1 1 1 1 1 1 1 1 1 1 1 1 1 1 1 1 1 1 1 1 1 1 1 1 1 1 1 1 1 1 1 1 1 1 1 1 1 1 1 1 1 1 1 1 1 1 1 1 1 1 1 1 1 10 10 1 1 1 1 1 1 1 1 1 1 1 1 1 1 1 1 1 1 1 1 1 7 12 12 1 1 100 1 1 100 1 1
staticfield org/springframework/core/ResolvableType NONE Lorg/springframework/core/ResolvableType; org/springframework/core/ResolvableType
staticfield org/springframework/core/ResolvableType EMPTY_TYPES_ARRAY [Lorg/springframework/core/ResolvableType; 0 [Lorg/springframework/core/ResolvableType;
staticfield org/springframework/core/ResolvableType cache Lorg/springframework/util/ConcurrentReferenceHashMap; org/springframework/util/ConcurrentReferenceHashMap
ciInstanceKlass org/springframework/core/SerializableTypeWrapper$TypeProvider 1 1 24 100 100 100 1 1 1 1 1 1 1 1 1 1 1 1 1 1 1 100 1 1 1 1
ciInstanceKlass org/springframework/core/ResolvableType$1 1 1 56 9 10 10 10 10 7 7 1 1 1 1 1 1 1 1 1 1 1 1 1 1 1 1 1 1 1 1 1 1 1 1 1 100 1 1 1 12 12 12 12 7 12 12 1 1 1 1 1 1 1 1 1 1 1 1
ciInstanceKlass org/springframework/core/ResolvableType$VariableResolver 1 0 23 100 100 100 1 1 1 1 1 1 1 1 1 1 1 1 100 1 1 1 1 1 1
instanceKlass org/springframework/beans/factory/NoUniqueBeanDefinitionException
instanceKlass org/springframework/boot/web/context/MissingWebServerFactoryBeanException
ciInstanceKlass org/springframework/beans/factory/NoSuchBeanDefinitionException 0 0 88 100 10 8 10 8 10 10 9 9 8 10 10 10 8 10 10 100 100 1 1 1 1 1 1 1 1 1 1 1 1 1 1 1 1 1 1 1 1 1 1 1 1 1 1 1 1 1 1 1 1 100 1 1 1 1 1 1 1 1 12 1 12 1 12 12 12 12 1 100 12 12 12 1 12 12 1 1 1 1 1 1 1 1 1 1 1 1
ciInstanceKlass java/util/concurrent/ConcurrentHashMap$ReservationNode 1 1 24 1 1 1 1 1 1 1 1 1 1 1 1 100 7 100 1 1 1 1 12 10 1 1
ciInstanceKlass org/springframework/core/convert/converter/GenericConverter$ConvertiblePair 1 1 81 10 8 10 8 9 9 10 7 10 100 10 10 10 8 10 7 1 1 1 1 1 1 1 1 1 1 1 1 1 1 1 1 1 1 1 1 1 1 1 1 1 1 1 100 1 1 1 1 1 1 1 1 12 1 7 12 1 12 12 12 100 1 12 1 100 12 12 1 12 1 1 1 1 1 1 1 1 1 1 1
ciInstanceKlass java/util/concurrent/CopyOnWriteArrayList$COWIterator 1 1 76 1 1 1 1 1 1 1 1 1 1 1 1 1 1 1 1 1 1 1 1 1 1 1 1 1 1 1 1 1 1 1 1 1 1 1 1 1 1 1 100 7 100 100 100 100 100 100 7 100 1 1 1 1 1 1 12 12 12 12 12 12 12 12 9 9 10 10 10 10 10 10 10 11 1 1
instanceKlass org/springframework/core/log/LogMessage$SupplierMessage
instanceKlass org/springframework/core/log/LogMessage$FormatMessage
ciInstanceKlass org/springframework/core/log/LogMessage 1 1 112 10 10 10 10 10 9 10 7 10 7 10 7 10 7 10 100 10 100 10 7 7 100 1 1 1 1 1 1 100 1 1 1 1 1 1 1 1 1 1 1 1 1 1 1 1 1 1 1 1 1 1 1 1 1 1 1 1 1 1 1 1 1 1 1 1 1 1 1 1 1 1 1 1 1 1 1 1 1 1 1 12 12 100 12 12 12 12 12 1 12 1 12 1 12 1 12 1 12 1 12 1 1 1 1 1 1 1 1 1 1 1
ciInstanceKlass org/springframework/beans/factory/config/ConfigurableBeanFactory 1 0 104 100 100 100 100 1 1 1 8 1 8 1 1 1 100 1 1 1 1 1 1 1 1 1 1 1 1 1 1 1 1 1 1 1 1 1 1 1 1 1 1 1 1 1 1 1 1 1 1 1 1 1 1 1 1 1 1 1 1 1 1 1 1 1 1 1 1 1 1 1 1 1 1 100 1 1 1 100 1 1 1 1 1 1 1 1 1 1 1 1 1 1 1 1 1 1 1 1 1 1 1 1 1 1
ciInstanceKlass org/springframework/core/AttributeAccessor 1 1 98 8 10 8 11 11 18 10 11 8 100 10 100 1 1 1 1 1 1 1 1 1 1 1 1 1 1 1 1 1 1 1 1 1 1 1 1 100 1 1 1 1 1 1 1 1 1 1 1 1 100 12 1 12 100 12 1 15 16 15 16 12 12 12 1 1 100 12 1 1 1 1 1 1 1 10 1 11 1 1 1 1 1 1 1 1 100 12 12 1 1 100 1 1 1 100 1 1
ciInstanceKlass org/springframework/beans/factory/config/BeanDefinition 1 1 122 100 11 10 11 10 100 100 100 100 1 1 1 8 1 8 1 1 3 1 3 1 3 1 1 1 1 1 1 1 1 1 1 1 1 1 1 1 1 1 1 1 1 1 1 1 1 1 1 1 1 1 1 1 1 1 1 1 1 1 1 1 1 1 1 1 1 1 1 1 1 1 1 1 1 1 1 1 1 1 1 1 1 12 100 12 12 100 1 1 1 1 1 1 1 1 1 1 100 1 8 1 1 12 10 1 1 1 8 1 1 1 8 1 1 1 8 1 1 8 1 1
instanceKlass org/springframework/beans/factory/support/DefaultSingletonBeanRegistry
ciInstanceKlass org/springframework/core/SimpleAliasRegistry 1 1 269 10 10 10 9 7 10 9 8 10 8 10 11 11 100 10 8 10 8 10 11 11 7 10 100 8 8 8 8 10 8 8 8 8 10 11 11 8 11 10 10 8 8 11 7 10 10 10 18 11 8 10 7 10 18 8 8 8 8 11 8 8 8 11 7 7 100 1 1 1 1 1 1 1 1 1 1 1 1 1 1 1 1 1 1 1 1 100 100 100 1 1 1 1 1 1 1 1 1 1 1 1 1 1 1 100 100 1 1 1 1 1 1 1 1 100 1 1 1 1 1 1 1 1 1 1 1 1 12 12 7 12 12 1 12 12 1 7 12 1 12 7 12 7 12 1 1 12 1 12 12 12 1 12 1 1 1 1 1 12 1 1 1 1 12 12 12 1 12 7 12 12 1 1 12 1 12 7 12 1 15 16 15 16 12 12 1 12 1 12 15 12 1 1 1 1 7 12 1 1 1 7 12 1 1 1 1 1 1 1 1 1 1 1 1 1 1 1 1 1 1 1 1 1 1 1 1 1 1 1 1 1 1 1 1 1 1 1 1 1 1 1 10 1 10 1 1 1 1 1 1 1 10 1 1 1 7 12 12 12 1 1 100 1 1 1 100 1 1
instanceKlass org/springframework/beans/factory/support/FactoryBeanRegistrySupport
ciInstanceKlass org/springframework/beans/factory/support/DefaultSingletonBeanRegistry 1 1 448 10 7 10 9 7 10 9 9 7 10 9 10 9 9 9 7 10 9 9 9 9 8 10 8 11 100 100 10 8 10 10 8 8 8 10 10 10 11 11 11 8 11 10 10 7 11 100 8 10 9 11 8 8 11 10 9 10 10 100 11 11 11 100 10 11 7 11 10 11 10 100 10 8 8 18 11 7 10 10 18 18 10 7 100 10 11 8 11 11 10 11 10 11 10 100 10 8 8 11 100 11 8 8 11 11 100 11 11 11 7 100 1 1 1 3 1 1 1 1 1 1 1 1 1 1 1 1 1 1 1 1 1 1 1 1 1 1 1 1 1 1 1 1 1 1 1 1 1 1 1 1 1 1 100 100 100 100 1 1 1 1 1 1 1 1 1 1 1 1 1 1 1 1 1 1 1 1 1 100 100 100 100 1 1 1 1 1 1 1 1 1 1 1 1 1 1 1 1 1 1 1 1 1 1 1 100 1 1 1 1 1 1 1 1 1 1 1 1 1 1 1 100 1 1 1 1 1 1 1 1 1 1 100 1 1 1 1 1 1 1 1 1 1 1 1 1 1 1 1 1 1 1 1 1 1 1 1 12 1 12 12 1 12 12 1 12 7 12 12 12 12 1 12 12 12 12 1 7 12 1 7 12 1 1 1 12 12 1 1 1 12 12 12 12 12 12 1 12 12 12 1 12 1 1 12 12 7 12 1 1 12 12 12 12 1 12 100 12 12 1 12 12 1 12 7 12 12 12 1 1 1 1 15 16 15 16 12 12 1 12 12 15 15 12 1 1 12 1 12 12 12 12 12 12 1 12 1 1 12 1 12 1 1 12 12 1 12 12 12 1 1 1 1 1 1 1 1 1 1 1 1 1 1 1 1 1 1 1 1 1 1 1 1 1 1 1 1 1 1 1 1 1 1 1 1 1 1 1 1 1 1 1 1 10 10 1 1 1 1 1 10 10 1 1 1 1 1 1 1 1 1 1 1 1 7 12 12 12 12 1 1 100 1 1 100 1 1
instanceKlass org/springframework/beans/factory/support/AbstractBeanFactory
ciInstanceKlass org/springframework/beans/factory/support/FactoryBeanRegistrySupport 1 1 253 10 7 10 9 10 10 18 10 10 100 11 100 9 8 11 11 11 10 10 10 10 10 10 10 100 8 10 11 8 18 10 100 10 11 100 100 10 10 8 8 100 10 7 100 10 8 10 10 8 10 10 10 11 10 11 10 7 7 1 1 1 1 1 1 1 1 1 1 1 1 1 1 1 1 1 1 1 1 100 1 1 1 1 1 1 1 1 1 1 1 1 1 1 1 100 100 100 100 1 1 1 1 1 1 1 1 100 100 100 1 1 1 1 100 1 1 1 1 1 1 1 1 1 1 1 12 1 12 12 7 12 100 12 1 15 16 15 16 12 12 100 12 1 12 1 12 1 100 12 7 12 12 12 12 12 12 12 12 12 1 1 12 12 1 15 12 12 1 12 12 1 1 12 12 1 1 1 1 1 1 12 12 1 12 12 12 12 12 1 1 1 1 1 1 1 1 1 1 1 1 10 1 1 1 1 1 1 1 1 1 1 1 1 1 1 1 1 1 1 1 1 1 1 1 1 1 1 1 1 1 1 1 1 1 1 1 1 1 1 1 1 100 12 1 1 100 1 1 1 100 1 1
instanceKlass org/springframework/beans/factory/support/AbstractAutowireCapableBeanFactory
ciInstanceKlass org/springframework/beans/factory/support/AbstractBeanFactory 1 1 1431 9 10 10 9 9 7 10 9 7 10 9 7 10 9 7 10 9 7 10 9 7 10 9 10 9 7 8 10 9 9 9 9 10 10 10 9 11 10 7 10 8 10 8 10 11 8 8 10 10 100 10 10 10 10 7 11 11 11 10 8 11 8 11 8 10 18 11 10 10 10 10 100 10 8 8 10 10 10 100 8 10 10 18 10 10 10 10 10 10 10 100 8 10 11 100 8 18 11 100 10 11 100 8 10 8 10 10 10 10 10 10 11 100 10 100 8 8 10 11 10 10 10 11 10 7 11 11 10 100 8 11 10 18 10 10 7 10 100 11 10 7 10 10 10 10 10 10 10 9 9 10 11 10 7 10 10 10 10 10 10 10 10 10 10 11 7 10 10 10 11 10 8 11 10 11 10 8 10 8 9 9 9 8 10 11 8 8 11 10 9 10 7 10 10 10 8 11 11 11 11 7 11 8 11 11 11 7 10 7 7 9 7 9 7 9 7 9 10 8 8 100 8 8 100 8 10 11 8 8 8 8 11 8 8 11 9 8 11 10 8 11 10 11 10 11 10 11 10 11 11 11 10 11 11 11 11 10 10 7 11 10 7 100 10 10 11 11 10 7 10 10 8 8 8 11 10 10 11 7 10 11 7 11 10 10 10 8 10 8 8 10 10 11 18 11 7 9 10 10 11 10 10 10 8 8 8 10 100 11 8 10 10 10 11 11 10 10 10 10 10 10 10 9 9 9 10 100 10 18 10 10 18 10 10 100 10 100 100 10 100 10 10 10 10 100 10 10 8 10 8 8 8 10 10 10 7 10 11 10 10 10 9 10 10 8 10 8 8 8 11 7 10 10 100 10 10 10 10 10 10 10 10 10 10 10 10 11 10 10 100 11 10 7 100 1 1 1 1 1 1 1 1 1 1 1 1 1 1 1 1 1 1 1 1 1 1 1 1 1 1 1 1 1 1 1 1 1 1 1 1 1 1 1 1 1 1 1 1 1 1 1 1 1 1 1 1 1 1 1 1 1 1 1 1 1 1 1 1 1 1 1 1 1 1 1 1 1 1 1 1 1 1 1 1 1 1 1 1 1 1 1 1 1 1 1 1 1 1 1 100 100 100 100 100 100 100 100 100 100 100 100 100 100 1 1 1 1 1 1 1 100 1 1 1 1 1 1 1 1 1 100 1 1 1 1 1 1 1 1 1 1 1 1 1 1 1 1 1 1 1 1 100 100 100 1 1 1 1 1 1 1 1 1 1 1 1 1 1 1 1 1 1 1 100 1 1 1 1 1 1 100 1 1 1 1 1 1 1 1 1 1 1 1 1 1 1 1 1 1 1 1 1 1 1 1 1 1 1 1 1 1 1 1 1 1 1 1 1 1 1 1 1 1 1 100 1 1 1 1 1 1 1 1 1 100 1 1 1 1 1 1 1 1 1 1 1 1 1 1 1 1 1 1 100 100 1 1 1 1 1 1 1 1 1 1 1 1 1 1 1 1 1 1 100 1 1 1 1 1 1 100 1 1 1 1 1 1 1 1 1 1 1 1 1 1 1 1 1 1 1 1 1 1 1 1 1 1 100 100 100 1 1 1 1 1 1 1 1 1 1 100 1 1 1 1 1 1 1 1 1 1 1 1 1 1 100 100 100 1 1 1 1 1 1 1 1 1 100 1 1 1 1 1 1 1 1 1 100 1 1 1 1 1 1 1 1 1 1 1 1 1 1 1 1 1 1 1 1 1 1 1 1 1 1 1 1 1 1 1 1 1 1 100 1 1 1 1 1 1 1 1 1 1 1 1 1 1 1 12 12 7 12 12 12 1 12 12 1 12 1 12 1 12 12 1 12 1 12 7 12 12 1 1 12 12 7 12 12 12 12 12 12 12 7 12 12 1 1 12 1 12 12 1 1 12 12 1 12 12 12 1 12 12 12 12 1 12 7 12 7 12 1 15 16 15 16 12 12 12 12 12 12 1 12 1 1 12 12 1 1 12 12 15 12 12 12 12 12 12 12 7 12 1 1 7 12 1 1 15 12 1 12 12 1 1 1 12 12 12 12 12 12 100 12 1 12 1 1 1 12 12 12 7 12 12 12 12 1 12 12 1 1 12 7 12 15 16 12 12 100 12 1 12 1 12 1 12 12 12 12 12 12 12 12 12 12 12 1 12 100 12 12 12 12 12 12 12 12 1 12 12 7 12 12 1 100 12 12 12 1 12 1 12 12 12 1 7 12 1 1 12 12 12 12 1 12 12 1 12 12 7 12 12 1 12 1 12 12 12 1 1 1 12 1 12 1 12 1 12 12 1 1 1 1 1 1 1 12 1 1 1 1 12 1 1 12 12 1 100 12 1 12 12 12 12 12 12 12 12 12 12 12 7 12 1 12 12 1 1 12 12 1 12 12 1 1 1 12 12 7 1 12 1 12 12 1 12 1 1 12 16 15 16 12 12 1 12 12 12 7 12 12 12 1 1 1 12 1 1 12 12 12 12 7 12 12 12 12 12 12 12 1 15 16 12 12 12 15 16 12 12 12 1 12 1 1 12 1 12 12 12 1 12 12 1 100 12 1 1 1 12 12 1 12 7 12 12 12 12 12 12 12 1 100 12 1 1 1 7 12 1 12 12 1 12 12 12 12 12 12 12 12 12 12 12 12 12 12 100 12 1 100 12 12 1 1 1 1 1 1 1 1 1 1 1 1 1 1 1 1 1 1 1 1 1 1 1 1 1 1 1 1 1 1 1 1 1 1 1 1 1 1 1 1 1 10 1 1 1 1 1 1 1 1 1 1 1 1 10 1 1 1 1 1 1 1 1 10 1 1 1 1 1 1 1 1 1 1 1 1 1 1 1 1 1 1 1 10 1 1 1 1 1 1 1 1 1 1 1 1 1 1 1 1 1 1 1 1 1 1 1 1 1 1 1 1 1 1 1 1 1 1 1 1 1 1 1 1 1 1 1 1 1 1 1 1 1 1 1 1 1 1 1 1 1 1 1 1 1 1 1 1 1 1 1 1 1 1 1 1 1 1 1 10 1 1 1 1 1 1 1 1 1 1 1 1 1 1 1 1 1 1 1 1 1 10 1 1 1 10 1 1 1 1 1 1 1 1 1 1 1 1 1 1 1 1 1 1 1 1 1 1 1 1 1 1 1 1 1 1 1 1 1 1 1 1 1 1 1 1 1 1 1 1 7 12 12 12 12 12 12 12 1 1 100 1 1 100 1 1
instanceKlass org/springframework/beans/factory/support/DefaultListableBeanFactory
ciInstanceKlass org/springframework/beans/factory/support/AbstractAutowireCapableBeanFactory 1 1 1631 10 7 10 9 9 9 7 10 9 9 7 8 10 9 7 10 9 9 9 7 10 7 7 10 100 10 9 7 10 10 10 11 10 7 11 7 10 100 8 10 10 10 9 10 10 10 10 7 10 10 10 10 10 10 10 10 10 10 10 100 10 11 10 18 10 10 10 11 100 8 10 11 10 10 11 11 11 7 11 11 100 10 9 10 10 10 10 10 10 9 11 100 10 8 10 8 10 11 7 10 10 10 10 10 10 100 100 10 8 10 10 100 100 8 10 10 8 100 8 10 11 7 10 11 7 9 9 9 10 8 10 8 8 18 10 10 10 8 10 10 10 7 10 10 11 100 8 8 10 8 10 10 8 10 10 10 7 9 7 11 10 10 10 10 10 10 9 10 9 10 8 10 10 10 10 10 10 18 11 7 10 10 10 10 10 10 10 11 10 7 10 10 10 10 10 10 11 8 10 11 10 10 10 9 10 9 10 10 7 10 10 10 10 10 10 10 10 10 10 10 100 10 9 10 10 10 11 10 11 10 10 100 100 10 8 10 10 11 10 10 10 8 9 7 11 9 9 10 10 10 10 9 7 11 10 10 10 8 10 10 10 9 9 9 10 10 10 10 7 10 11 10 10 10 10 11 18 8 7 10 10 10 10 8 11 10 7 10 10 10 10 11 10 11 10 10 10 10 10 8 8 8 8 8 8 10 11 10 10 7 7 10 11 8 11 100 10 10 7 10 10 11 10 10 10 11 10 10 100 10 11 7 10 10 18 11 7 11 10 11 10 10 8 10 11 10 10 11 11 8 10 11 7 10 11 10 7 10 11 10 10 9 8 100 100 10 10 10 11 10 10 10 7 10 100 10 10 10 10 10 11 18 10 10 10 8 7 11 11 11 7 8 10 8 18 10 100 10 11 10 10 10 10 8 10 10 10 10 8 8 10 8 8 8 10 18 10 18 100 10 10 10 10 10 11 10 10 7 1 1 1 1 1 1 1 1 1 1 1 1 1 1 1 1 1 1 1 1 1 1 1 1 1 1 1 1 1 1 1 1 1 1 1 100 1 1 1 1 1 1 1 1 1 1 1 1 1 1 1 1 1 1 1 1 1 1 1 1 1 1 1 1 1 1 1 1 1 1 1 1 1 1 1 1 1 1 1 1 1 1 1 1 1 1 1 1 1 100 100 1 1 1 1 1 1 1 100 1 1 1 1 1 1 1 1 1 1 100 100 1 1 1 1 1 1 1 1 1 100 100 100 100 1 1 1 1 1 1 1 1 1 1 1 1 1 100 100 100 100 1 1 1 1 1 1 1 1 1 1 1 100 100 100 1 1 1 1 1 1 1 1 1 1 100 1 1 1 1 1 100 1 1 1 1 1 1 1 1 1 1 1 1 1 1 1 1 1 1 1 1 1 1 100 100 100 100 100 100 1 1 1 1 1 1 1 1 1 1 100 1 1 1 1 1 1 1 1 1 1 1 1 1 1 1 1 1 1 1 100 100 1 1 1 1 1 1 1 1 1 1 1 1 1 1 1 1 1 1 1 1 1 1 100 100 1 1 1 1 1 1 1 1 1 1 1 1 1 1 1 1 1 1 1 1 1 1 1 1 1 1 1 1 100 100 100 1 1 1 1 1 100 1 1 1 1 1 1 1 1 1 1 1 1 1 100 100 100 100 1 1 1 1 1 1 1 1 1 1 1 1 1 1 1 1 1 1 1 1 1 1 1 1 1 1 1 1 1 1 1 1 1 100 100 100 1 1 1 1 1 1 1 1 1 1 1 1 1 1 1 100 1 1 1 1 100 1 1 1 1 1 1 1 1 1 100 1 1 1 1 1 1 1 1 1 1 1 1 1 1 1 1 12 1 12 12 12 1 12 12 1 1 12 12 1 12 12 12 1 12 1 1 7 12 1 12 1 12 7 12 12 1 12 1 12 1 1 12 12 7 12 12 12 12 12 12 1 12 12 12 12 12 12 12 12 12 12 12 1 12 12 7 12 1 15 16 15 12 12 100 12 12 7 12 1 1 100 12 12 12 7 12 7 12 12 1 12 12 1 12 7 12 12 12 12 12 12 12 12 7 12 1 1 12 1 12 12 1 12 12 12 12 12 12 1 1 12 1 12 12 1 1 1 12 1 1 1 12 7 12 1 12 12 1 12 12 12 12 1 12 1 1 15 12 12 12 12 1 12 12 12 1 12 12 12 1 1 1 7 12 1 12 12 1 12 12 12 1 12 1 12 12 12 12 12 7 12 12 12 7 12 12 12 1 12 12 12 12 12 100 12 16 15 16 12 12 7 12 7 12 12 12 12 12 12 100 12 1 12 12 12 7 12 12 12 12 1 12 12 12 12 12 12 12 12 12 12 1 12 12 12 12 12 12 12 12 12 1 7 12 12 12 12 12 12 12 12 1 1 12 1 12 12 12 12 12 12 1 12 1 12 7 12 12 12 12 12 12 1 12 12 12 1 12 12 12 12 12 12 12 12 12 1 12 7 12 12 12 12 15 12 1 1 12 12 1 12 1 12 12 12 12 12 12 12 12 12 12 12 12 1 1 1 1 1 1 12 12 12 7 12 1 1 12 1 12 1 12 1 12 12 12 7 12 12 12 12 12 1 100 12 12 16 15 16 12 12 1 12 12 12 1 12 12 12 12 1 12 12 1 12 12 1 7 12 1 1 1 12 12 12 7 12 12 12 1 12 1 12 12 12 12 12 100 12 15 12 12 12 12 1 1 12 12 12 1 1 12 1 15 12 12 1 12 12 12 12 12 12 1 7 12 12 12 12 1 1 1 1 1 12 15 12 12 15 12 1 12 12 12 12 12 12 12 1 1 1 1 1 1 1 1 1 1 1 1 1 1 1 1 1 1 1 1 1 1 1 1 1 1 1 1 1 1 1 1 1 1 1 1 1 1 1 1 1 1 1 1 1 1 1 1 1 1 1 1 1 10 10 1 1 1 1 1 1 1 1 1 1 1 1 1 1 1 1 1 1 1 1 1 1 1 1 1 1 1 1 1 1 1 1 1 1 1 1 1 1 1 1 1 1 1 1 1 1 1 1 1 1 1 1 1 1 1 1 1 1 1 10 1 1 1 1 1 1 1 1 1 1 1 1 1 1 1 1 1 1 1 1 1 1 1 1 1 1 1 1 1 1 1 1 1 1 1 1 1 1 1 1 1 1 10 1 1 1 1 1 1 1 1 1 1 1 1 1 1 1 1 1 1 1 1 1 1 1 1 1 1 1 1 1 1 1 1 1 1 1 1 1 1 1 1 1 1 1 1 1 1 1 1 100 1 1 1 100 1 1 1 1 1 1 1 1 1 1 1 1 1 1 1 1 1 1 1 1 1 1 1 1 1 1 1 1 1 1 1 1 1 1 1 1 1 1 1 10 1 1 1 1 1 1 1 1 1 1 1 1 1 1 1 1 1 1 1 1 1 1 1 1 1 1 1 1 1 1 1 1 1 1 1 1 1 1 1 1 1 1 1 1 1 1 1 1 1 1 1 1 1 1 1 1 1 1 1 1 1 1 1 1 1 1 1 1 1 10 1 1 1 1 1 1 10 1 1 1 1 1 1 1 1 1 1 1 1 1 1 1 1 10 1 1 10 1 1 1 1 1 1 1 1 1 7 12 12 12 12 1 1 12 12 12 12 12 1 1 100 1 1 100 1 1
ciInstanceKlass org/springframework/beans/factory/support/DefaultListableBeanFactory 1 1 1719 10 9 9 10 10 10 10 9 9 9 9 7 10 9 9 9 9 9 7 10 9 7 10 9 10 7 10 11 11 9 8 10 7 10 18 10 10 11 10 7 10 11 10 11 100 10 8 10 100 10 10 8 11 11 9 10 7 10 7 10 10 10 10 11 11 11 11 10 10 10 10 10 10 10 11 10 10 10 11 11 11 7 10 10 10 10 10 10 10 10 10 10 10 10 10 7 10 100 8 10 10 11 100 100 8 10 8 9 11 10 11 10 10 10 8 10 10 10 10 7 100 10 100 10 10 11 8 8 10 11 7 11 10 11 10 10 10 18 11 10 100 10 9 11 11 11 10 10 10 11 8 7 10 100 8 10 8 10 8 10 10 10 10 7 10 10 100 11 7 10 9 9 7 10 10 10 18 11 7 10 10 11 8 8 10 100 10 10 10 10 11 10 9 10 8 10 7 7 10 18 100 10 11 10 7 10 8 11 8 11 18 11 11 8 10 8 7 10 100 11 8 10 10 100 10 11 11 8 8 8 11 10 11 8 8 11 8 10 11 11 10 10 8 11 10 10 10 9 100 11 11 10 100 8 8 8 8 10 10 18 18 10 10 18 18 10 18 18 11 10 11 100 11 10 10 11 11 10 10 10 10 7 10 100 11 10 10 10 10 10 7 10 7 7 7 10 9 100 10 10 11 10 10 10 11 10 10 10 10 10 10 11 100 10 11 10 11 10 10 11 10 10 10 10 10 10 11 7 11 11 11 10 10 100 10 7 11 11 18 11 18 11 10 11 10 10 10 10 7 10 11 11 10 10 7 10 10 10 10 7 11 7 10 11 10 7 10 10 9 7 10 18 11 7 10 10 10 10 10 10 10 10 10 11 11 10 10 10 8 10 10 10 8 8 10 10 10 10 10 10 8 10 10 10 10 10 10 7 10 10 10 8 10 8 8 8 100 8 10 100 10 8 10 11 11 11 8 10 10 7 7 100 100 1 1 1 1 100 1 1 1 100 1 1 1 1 1 1 1 1 1 1 1 1 1 1 1 1 1 1 1 1 1 1 1 1 1 1 1 1 1 1 1 1 1 1 1 1 1 1 1 1 1 1 1 1 1 1 1 1 1 1 1 1 1 1 1 1 1 1 1 1 1 1 1 1 1 1 1 1 1 1 1 1 1 1 1 1 1 1 1 1 1 1 100 1 1 1 1 1 1 100 1 1 1 1 1 1 1 1 1 1 1 1 1 1 1 1 1 1 1 1 1 1 1 1 1 1 1 1 1 1 100 100 100 1 1 1 1 1 1 1 1 100 1 1 1 1 1 100 1 1 1 1 1 1 1 1 1 1 1 1 1 1 1 1 100 100 100 100 100 100 100 100 100 100 1 1 1 1 1 1 1 1 1 1 1 1 1 1 1 1 100 100 1 1 1 1 1 1 1 1 1 1 1 1 1 1 1 1 1 1 1 1 1 1 1 1 1 1 1 1 1 1 1 1 1 1 1 1 1 1 1 1 1 1 100 1 1 1 1 1 1 1 1 1 1 1 1 1 1 1 1 1 1 1 1 1 1 100 100 100 1 1 1 1 1 1 100 1 1 1 1 1 1 1 1 1 1 1 1 1 1 1 1 1 1 1 1 1 1 1 1 1 1 1 1 1 1 1 1 1 1 1 1 1 1 1 1 1 1 1 1 1 1 1 1 1 1 1 1 1 1 1 1 1 1 1 1 100 100 100 100 100 1 1 1 1 1 1 1 1 1 1 1 1 100 1 1 1 1 1 1 1 1 100 1 1 1 100 1 100 1 1 1 1 1 1 1 1 1 1 1 1 1 1 1 1 1 1 1 1 1 1 1 1 100 1 1 1 1 1 1 1 1 1 1 1 1 1 100 1 1 1 1 1 1 1 1 1 1 1 1 1 1 1 1 1 1 100 1 1 1 1 100 1 1 1 1 100 1 1 100 1 1 1 1 1 1 1 1 1 1 1 1 1 1 1 1 1 1 1 1 1 1 1 1 1 1 1 1 1 1 1 1 1 1 1 1 1 1 1 1 1 100 1 1 12 12 12 12 12 12 12 12 12 7 12 12 1 12 12 12 12 12 12 1 12 1 12 12 1 12 12 12 12 1 7 12 1 7 12 1 15 16 15 12 12 100 12 12 12 1 12 7 12 12 12 12 1 7 12 1 12 12 1 12 12 12 100 12 7 12 1 12 12 12 12 12 12 12 12 7 12 12 12 12 12 12 12 12 12 7 12 12 7 12 12 1 12 12 12 12 12 12 12 12 12 12 12 12 12 1 1 1 12 12 12 1 1 1 100 12 1 12 7 12 12 7 12 12 12 1 12 12 7 12 12 1 1 12 1 12 12 12 1 1 12 12 1 12 12 12 12 12 16 15 16 12 7 12 12 1 12 7 12 7 12 12 12 12 12 12 12 1 1 12 1 1 12 1 12 1 12 12 12 12 1 12 1 12 1 12 12 12 1 12 12 12 16 15 16 12 12 1 12 12 12 1 1 1 12 12 12 12 12 12 12 1 12 1 1 12 15 16 12 1 12 12 12 1 12 1 7 12 7 12 15 12 12 12 1 12 1 1 12 1 12 1 12 12 1 12 12 12 1 1 1 12 12 1 1 12 1 12 12 12 12 1 12 12 12 100 12 1 12 12 1 1 1 1 1 12 16 15 16 12 15 16 12 12 12 15 12 15 15 15 12 7 12 7 12 1 12 12 12 12 12 12 12 12 12 1 12 1 12 12 12 12 12 7 12 1 12 1 1 1 12 12 1 12 12 12 12 12 12 12 12 12 12 12 12 12 7 12 1 12 12 12 12 12 12 12 12 12 12 12 12 12 1 12 12 12 12 1 12 1 12 15 16 12 7 12 15 12 12 12 12 12 12 12 1 12 12 12 12 100 12 1 12 12 12 12 1 12 1 12 12 1 12 12 12 1 16 15 16 12 12 1 12 12 12 7 12 7 12 12 12 12 12 12 12 12 12 1 12 12 100 1 1 12 12 12 12 1 12 12 12 12 12 12 1 12 12 1 12 1 1 1 1 1 1 1 1 12 12 1 1 1 1 1 1 1 1 1 1 1 1 1 1 1 1 1 1 1 1 1 1 1 1 1 1 1 1 1 1 1 1 1 1 1 1 1 1 10 10 1 1 1 1 1 1 1 1 1 1 1 1 1 1 1 1 1 1 1 1 1 1 1 1 1 1 1 1 1 1 1 1 1 1 1 1 1 1 1 1 1 1 1 1 1 1 1 1 1 1 1 1 1 1 1 1 1 1 1 1 1 1 1 1 1 1 1 1 1 1 1 1 1 1 1 1 1 1 1 1 1 1 1 1 1 1 1 1 1 1 1 1 1 1 1 1 1 1 1 1 1 1 1 1 1 1 1 1 1 1 1 1 1 1 1 1 10 1 1 1 1 1 1 1 1 1 1 1 1 1 1 1 1 1 1 1 1 1 1 1 1 10 1 1 1 1 1 1 1 1 1 1 1 1 1 1 1 1 1 1 1 100 1 1 1 10 1 1 1 10 1 11 1 10 10 10 1 1 1 1 1 1 1 1 1 1 1 1 1 1 1 1 1 1 1 1 1 1 1 1 1 1 1 1 1 1 1 1 1 1 1 1 1 1 1 1 1 1 1 1 1 1 1 1 1 1 1 1 1 1 1 1 1 10 1 1 1 10 1 1 1 1 1 1 1 1 1 1 1 1 1 1 1 1 1 1 1 1 1 1 1 1 10 1 1 1 1 1 1 1 1 1 1 1 1 1 1 1 1 1 1 1 1 1 1 1 1 1 1 1 1 1 1 1 1 1 1 1 1 1 7 12 12 12 12 1 12 12 12 12 12 12 12 12 1 1 100 1 1 100 1 1
staticfield org/springframework/beans/factory/support/DefaultListableBeanFactory serializableFactories Ljava/util/Map; java/util/concurrent/ConcurrentHashMap
instanceKlass org/springframework/boot/autoconfigure/jdbc/DataSourceProperties$DataSourceBeanCreationException
instanceKlass org/springframework/boot/context/properties/ConfigurationPropertiesBindException
instanceKlass org/springframework/beans/factory/UnsatisfiedDependencyException
instanceKlass org/springframework/beans/factory/BeanIsAbstractException
instanceKlass org/springframework/beans/factory/support/ScopeNotActiveException
instanceKlass org/springframework/beans/factory/BeanCurrentlyInCreationException
instanceKlass org/springframework/beans/factory/BeanCreationNotAllowedException
ciInstanceKlass org/springframework/beans/factory/BeanCreationException 1 1 166 10 9 9 10 7 10 8 10 8 10 10 10 8 8 8 8 9 10 100 10 11 100 11 100 10 10 11 11 11 8 10 10 8 10 10 10 10 10 10 100 10 7 7 1 1 1 1 1 1 1 1 1 1 1 1 1 1 1 1 1 1 1 1 1 1 1 1 100 100 1 1 1 1 1 1 1 1 1 1 1 1 1 1 100 1 1 1 1 100 100 1 1 1 1 1 1 1 1 1 1 1 1 12 12 12 12 1 12 1 12 1 12 12 12 1 1 1 1 12 12 1 100 12 1 12 1 12 100 12 12 1 12 12 1 100 12 12 100 12 1 1 1 1 1 1 1 1 1 1 1 1 1 1 1 1 1 1 1 1 1 1 1 1 1 1
ciInstanceKlass org/springframework/beans/factory/BeanCurrentlyInCreationException 0 0 22 8 10 100 100 1 1 1 1 1 1 1 1 1 1 1 1 1 1 12 1 1
instanceKlass org/springframework/beans/factory/xml/XmlBeanDefinitionReader$1
ciInstanceKlass org/springframework/core/NamedThreadLocal 1 1 36 10 8 10 9 7 7 1 1 1 1 1 1 1 1 1 1 1 1 1 1 1 1 1 1 12 1 7 12 12 1 1 1 1 1 1
ciInstanceKlass org/springframework/beans/factory/CannotLoadBeanClassException 0 0 72 100 10 8 10 8 8 8 10 8 10 9 9 9 8 8 100 100 1 1 1 1 1 1 1 1 1 1 1 1 1 1 1 1 100 100 100 1 1 1 100 1 1 1 1 1 1 1 12 1 12 1 1 1 12 1 12 12 12 12 1 1 1 1 1 1 1 1 1 1 1 1
instanceKlass org/springframework/beans/factory/parsing/BeanDefinitionParsingException
instanceKlass org/springframework/beans/factory/xml/XmlBeanDefinitionStoreException
instanceKlass org/springframework/beans/factory/support/BeanDefinitionOverrideException
ciInstanceKlass org/springframework/beans/factory/BeanDefinitionStoreException 0 0 59 10 9 9 10 10 100 10 8 10 8 8 10 100 100 1 1 1 1 1 1 1 1 1 1 1 1 1 1 1 1 1 1 1 1 1 1 1 1 1 1 12 12 12 12 12 1 12 1 12 1 1 12 1 1 1 1 1 1
ciInstanceKlass org/springframework/beans/BeanWrapper 1 0 114 100 100 100 1 1 1 1 1 1 1 1 1 1 1 1 1 1 1 100 1 1 1 1 1 1 1 100 1 8 1 1 12 10 1 1 1 8 1 1 1 8 1 1 1 8 1 1 1 8 1 1 8 1 1 8 1 1 1 8 1 1 1 8 1 1 8 1 1 8 1 1 8 1 1 1 8 1 1 1 8 1 1 8 1 1 1 8 1 1 8 1 1 1 8 1 1 1 8 1 1 8 1 1 1 8 1 1 1 8 1 1 8 1
ciInstanceKlass org/springframework/beans/factory/UnsatisfiedDependencyException 1 1 82 7 10 8 10 8 10 8 10 8 10 9 10 10 8 10 10 7 7 1 1 1 1 1 1 1 1 1 1 1 1 1 1 1 1 1 100 100 1 1 1 1 1 100 1 1 1 1 1 1 12 1 12 1 7 12 1 12 1 12 12 12 12 1 12 12 1 1 1 1 1 1 1 1 1 1 1 1 1 1 1 1
instanceKlass org/springframework/beans/BeanMetadataAttributeAccessor
ciInstanceKlass org/springframework/core/AttributeAccessorSupport 1 1 161 10 7 10 9 8 10 11 10 11 8 11 18 10 11 11 11 10 8 11 11 10 7 11 11 8 7 10 7 100 1 1 1 1 1 1 1 1 1 1 1 1 1 1 1 1 1 1 1 1 1 1 1 1 1 1 1 1 1 1 100 1 1 1 1 1 1 1 1 1 1 1 1 100 100 100 1 1 1 1 1 1 1 1 1 12 1 12 1 7 12 7 12 12 12 1 12 1 15 16 15 16 12 12 12 12 12 7 12 1 12 12 12 1 12 12 1 1 100 12 1 1 1 1 1 1 1 1 1 1 1 1 10 1 10 1 1 1 1 1 1 1 1 1 1 1 1 1 1 100 12 12 1 1 100 1 1 1 100 1 1
instanceKlass org/springframework/beans/PropertyValue
instanceKlass org/springframework/beans/factory/support/AbstractBeanDefinition
ciInstanceKlass org/springframework/beans/BeanMetadataAttributeAccessor 1 1 64 10 9 10 10 10 7 10 10 10 7 7 100 1 1 1 1 1 1 1 1 1 1 1 1 1 1 1 1 1 1 1 1 1 1 1 1 1 1 1 1 1 1 100 100 1 1 1 12 12 12 12 12 1 12 12 12 1 1 1 1 1 1 1
instanceKlass org/springframework/beans/factory/support/ChildBeanDefinition
instanceKlass org/springframework/beans/factory/support/GenericBeanDefinition
instanceKlass org/springframework/beans/factory/support/RootBeanDefinition
ciInstanceKlass org/springframework/beans/factory/support/AbstractBeanDefinition 1 1 754 100 10 10 7 8 9 9 9 9 9 9 7 10 9 9 9 7 10 9 9 9 9 7 9 9 9 11 10 11 10 11 10 11 10 11 10 11 10 11 10 11 10 10 10 10 10 10 7 11 10 10 10 7 11 10 10 10 10 10 10 10 10 10 10 10 10 10 10 10 10 10 10 10 10 10 10 10 10 10 10 10 10 10 10 10 10 10 10 10 10 10 10 11 11 10 10 10 10 10 10 10 10 10 10 10 10 9 7 10 7 100 8 10 100 10 8 10 10 8 10 10 10 10 9 8 10 8 10 9 10 10 9 10 11 11 11 100 100 11 10 8 10 11 9 9 9 10 10 10 10 10 9 9 9 9 100 10 11 7 10 10 10 100 8 10 10 10 18 11 10 10 8 8 8 10 10 10 10 10 10 10 10 10 8 10 10 8 8 10 8 8 10 8 8 8 8 8 8 8 8 7 100 1 1 1 1 1 3 1 3 1 3 1 3 1 3 1 1 1 1 1 1 1 1 8 1 1 1 1 1 1 1 1 1 1 1 1 1 1 1 1 1 1 1 1 1 1 1 1 1 1 1 1 1 1 1 1 1 1 1 1 1 1 1 1 1 1 1 1 1 1 1 1 1 1 1 1 1 1 1 1 100 100 100 1 1 1 1 1 1 1 1 1 1 1 1 1 100 1 1 1 1 1 1 1 1 1 1 1 1 1 1 1 1 1 1 100 100 1 1 1 100 1 1 1 1 1 1 1 1 1 1 1 1 1 1 1 1 1 1 1 1 1 1 100 1 1 1 1 1 1 1 1 1 1 1 1 1 1 1 1 1 1 1 1 1 1 1 1 1 1 1 1 1 1 1 1 1 1 1 1 1 1 1 1 1 1 1 1 1 1 1 1 1 1 1 1 1 1 1 1 1 1 1 1 1 1 1 1 1 1 1 1 1 1 1 1 1 1 100 1 1 1 1 1 1 1 1 1 1 1 1 1 1 1 1 1 1 1 1 1 1 1 1 1 1 100 1 1 1 12 12 1 1 12 12 12 12 12 12 1 12 12 12 1 12 12 12 12 1 12 12 12 12 12 12 12 12 12 12 12 12 12 12 12 12 12 12 12 12 12 12 12 12 1 12 12 12 12 1 12 12 12 12 12 12 12 12 7 12 12 12 12 12 12 12 12 12 12 12 12 12 12 12 12 12 12 12 12 12 12 12 12 12 12 12 12 12 12 12 12 12 12 100 12 12 12 12 7 12 1 12 1 1 1 12 1 1 12 12 1 12 7 12 7 12 12 1 12 1 12 12 12 100 12 12 12 7 12 12 12 1 1 12 12 1 7 12 12 12 12 12 12 12 12 12 12 1 100 12 1 12 12 1 1 12 12 1 15 16 15 16 12 100 12 100 12 12 1 1 1 12 12 7 12 100 12 12 12 12 12 1 12 1 1 12 1 1 12 1 1 1 1 1 1 1 1 1 1 1 1 1 1 1 1 1 1 1 1 1 1 1 1 1 1 1 1 1 1 1 1 1 1 1 1 1 1 1 1 1 1 1 1 1 1 1 1 1 1 1 1 1 1 1 1 1 1 1 1 1 1 1 1 1 1 1 10 10 1 1 1 1 1 1 1 1 1 1 1 1 1 1 1 1 1 1 1 1 100 12 12 1 1 100 1 1 1 100 1 1 1 100 1 8 1 1 12 10 1 1 8 1 1
instanceKlass org/springframework/context/annotation/ConfigurationClassBeanDefinitionReader$ConfigurationClassBeanDefinition
ciInstanceKlass org/springframework/beans/factory/support/RootBeanDefinition 1 1 337 10 9 7 10 9 9 9 9 10 10 10 10 10 7 10 10 10 10 9 9 9 9 9 100 8 10 10 9 10 9 10 10 8 10 10 10 10 10 9 7 10 11 11 10 10 10 9 10 11 11 11 7 10 10 9 10 7 10 10 100 10 8 10 10 10 10 1 1 1 1 1 1 1 1 1 1 1 1 1 1 1 1 1 1 1 1 1 1 1 1 1 1 1 1 1 1 1 1 1 1 1 1 1 1 1 1 1 1 1 1 1 1 1 1 1 1 1 1 1 1 1 1 1 1 1 1 1 1 1 1 1 1 100 100 1 1 1 1 1 1 1 1 1 1 1 1 1 1 1 1 1 1 1 1 1 1 1 1 1 1 1 1 100 1 1 1 1 1 1 1 100 1 1 1 1 1 1 1 1 1 1 1 1 1 1 1 1 1 1 100 100 1 1 1 1 100 1 1 1 1 1 1 1 1 100 1 1 1 1 1 1 1 1 1 1 1 1 1 1 1 1 12 12 1 12 12 12 12 12 12 12 12 12 1 12 12 12 12 12 12 12 12 12 1 1 12 7 12 12 12 12 12 12 1 7 12 12 7 12 12 12 12 1 12 7 12 12 12 100 12 12 12 12 12 100 12 12 1 12 12 12 12 1 12 1 1 12 12 12 1 1 1 1 1 1 1 1 1 1 1 1 1 1 1 1 1 1 1 1 1 1 1 1 1 1 1 1 1 1 1 1 1 1 1 1 1 1 1 1 1 1 1 1 1 1 1
ciInstanceKlass org/springframework/beans/factory/ObjectFactory 1 0 17 100 100 1 1 1 100 1 1 1 1 1 1 1 1 1 1
ciInstanceKlass org/springframework/beans/factory/support/AbstractBeanFactory$BeanPostProcessorCacheAwareList 1 1 120 10 9 10 10 7 10 10 10 10 10 10 10 10 10 10 10 10 10 10 10 7 7 1 1 1 1 1 1 1 1 1 1 1 1 1 1 1 1 1 1 1 1 1 1 1 1 1 1 1 1 1 1 1 1 1 1 1 1 1 1 1 1 1 1 1 1 1 1 1 1 1 1 1 1 1 1 1 1 1 1 100 1 1 1 1 1 1 1 12 12 12 12 1 7 12 12 12 12 12 12 12 12 12 12 12 12 12 12 12 1 1 1 1 1 1 100 1 1 1
ciInstanceKlass org/springframework/context/annotation/ConfigurationClassPostProcessor 1 1 722 9 10 10 10 9 7 10 9 7 10 9 7 10 9 10 9 7 10 9 9 7 10 9 9 9 9 9 9 9 9 9 100 3 8 10 8 8 9 8 10 10 10 10 11 100 7 10 8 10 10 10 10 8 11 10 7 10 7 10 11 7 10 11 11 9 11 11 8 11 10 7 10 11 11 18 11 7 100 8 11 100 100 10 7 10 7 10 11 10 8 11 10 10 10 11 9 7 10 10 10 11 8 18 11 11 11 11 10 10 11 11 11 7 10 11 11 11 11 11 10 8 7 10 11 11 7 11 11 7 10 7 8 10 10 10 100 8 10 8 100 8 8 10 11 11 8 11 11 11 10 7 10 11 7 11 9 9 10 10 10 11 8 7 11 10 10 11 10 18 11 11 10 10 10 10 9 7 8 100 100 100 100 100 100 1 1 1 1 1 1 1 1 1 1 1 1 1 1 1 1 1 1 1 1 1 1 1 1 1 1 1 1 1 1 1 1 1 1 1 1 1 1 1 1 1 1 1 1 1 1 1 1 1 100 100 1 1 1 1 100 1 1 1 1 1 1 1 1 1 1 1 1 1 1 1 1 1 1 1 1 1 1 1 1 1 1 1 1 1 1 1 1 1 1 1 1 1 1 1 1 1 1 1 1 1 1 1 1 1 1 1 1 1 1 100 100 100 100 100 100 100 100 100 100 1 1 1 1 1 1 1 1 1 1 1 1 1 1 1 1 1 1 1 1 1 1 1 1 1 1 1 1 100 100 100 100 100 100 100 100 100 100 1 1 1 1 1 1 1 1 1 1 1 1 1 1 1 1 12 12 12 7 12 12 1 12 1 12 1 12 7 12 12 1 12 12 1 12 12 12 7 12 12 12 12 7 12 12 1 1 7 12 1 1 12 1 12 12 7 12 7 12 7 12 1 1 1 12 12 12 12 1 12 12 1 12 1 12 7 12 1 12 12 12 7 12 7 12 1 12 12 1 12 7 12 1 15 16 15 16 12 12 1 1 1 12 1 1 1 12 1 12 12 12 1 12 12 12 12 12 12 1 12 12 12 12 1 16 15 16 12 7 12 12 12 12 7 12 12 7 12 12 1 12 7 12 12 12 12 12 1 1 1 12 1 12 1 1 7 12 12 12 1 1 12 1 1 1 1 12 1 12 7 12 7 12 1 12 1 12 7 12 7 12 12 12 12 12 1 1 12 7 12 12 12 12 15 12 12 12 12 12 12 7 12 1 1 1 1 1 1 1 1 1 1 1 1 1 1 1 1 1 1 1 1 1 1 1 1 1 1 1 1 1 1 1 1 1 1 1 1 1 1 1 1 1 1 1 1 1 1 1 1 1 1 1 1 1 1 1 1 1 1 1 1 1 1 1 1 1 1 1 1 1 10 1 10 1 1 1 1 1 1 1 1 1 1 1 1 1 1 1 1 1 1 1 1 1 1 1 1 10 1 1 1 1 1 1 1 1 1 1 1 1 1 1 1 1 1 1 1 1 1 1 1 1 1 1 1 1 1 1 1 1 1 1 1 1 1 1 1 1 1 1 1 1 1 1 1 1 1 1 1 1 1 1 1 1 1 10 1 1 1 1 1 1 1 1 7 12 12 12 12 1 1 100 1 1 100 1 1
staticfield org/springframework/context/annotation/ConfigurationClassPostProcessor IMPORT_BEAN_NAME_GENERATOR Lorg/springframework/context/annotation/AnnotationBeanNameGenerator; org/springframework/context/annotation/FullyQualifiedAnnotationBeanNameGenerator
staticfield org/springframework/context/annotation/ConfigurationClassPostProcessor IMPORT_REGISTRY_BEAN_NAME Ljava/lang/String; "org.springframework.context.annotation.ConfigurationClassPostProcessor.importRegistry"
ciInstanceKlass org/springframework/beans/factory/config/BeanDefinitionHolder 1 1 146 10 10 8 10 8 9 9 9 8 10 10 10 11 10 10 10 100 10 8 10 8 10 8 10 10 10 8 10 10 7 10 10 10 10 10 7 100 1 1 1 1 1 1 1 1 1 1 1 1 1 1 1 1 1 1 1 1 1 1 1 1 1 1 1 1 1 1 1 1 1 1 1 1 1 1 1 100 1 1 1 1 1 12 12 1 7 12 1 12 12 12 1 12 12 12 100 12 7 12 7 12 7 12 1 1 12 1 12 1 100 12 12 12 1 12 12 1 12 12 12 1 1 1 1 1 1 1 1 1 1 1 1 1 1 1 1 1 1 1 1 1 1 1 1 1
ciInstanceKlass org/springframework/beans/factory/config/SmartInstantiationAwareBeanPostProcessor 1 1 36 100 100 100 1 1 1 1 1 1 1 1 1 1 1 1 1 1 7 1 1 1 1 1 1 1 1 1 1 1 1 1 1 1 1 1
ciInstanceKlass org/springframework/beans/factory/annotation/AutowiredAnnotationBeanPostProcessor 1 1 767 10 9 10 10 10 10 9 7 10 9 8 9 9 100 3 9 7 10 10 9 9 9 7 11 7 8 7 10 10 8 11 7 8 10 11 8 10 11 7 100 100 10 8 10 10 10 10 10 10 11 11 11 7 10 18 10 10 7 100 100 8 10 11 7 10 100 8 10 8 8 7 10 10 10 10 10 10 10 100 8 8 10 10 11 8 8 11 10 11 11 8 8 11 11 7 11 10 11 10 8 10 8 8 10 10 7 10 10 10 10 9 10 18 10 18 11 10 11 11 11 11 7 11 11 18 7 11 7 10 10 10 8 10 10 7 11 11 11 8 8 8 100 8 10 11 11 10 10 10 10 10 10 10 8 10 8 10 7 10 10 8 7 10 10 100 11 10 11 100 10 10 100 8 100 100 100 100 100 1 1 1 1 1 1 1 1 1 1 1 1 1 1 1 1 1 1 1 1 1 1 1 1 1 1 1 1 1 1 1 1 1 1 1 100 100 1 1 1 1 1 1 1 1 1 1 1 1 1 1 1 1 1 1 1 1 1 1 1 1 1 1 1 1 1 1 1 1 1 1 1 1 1 1 1 1 1 1 1 1 1 1 1 1 1 1 1 1 1 1 1 1 1 1 1 100 100 100 100 100 100 100 100 100 1 1 1 1 1 1 1 1 1 100 100 100 1 1 1 1 1 1 1 1 1 1 1 1 1 1 1 1 1 1 100 1 1 1 1 1 1 1 1 1 1 1 100 100 1 1 1 1 1 1 1 1 1 100 1 1 1 1 1 1 1 1 1 1 1 100 1 1 1 1 1 1 1 1 1 1 100 100 1 1 1 1 1 1 1 1 1 1 1 1 100 100 100 1 1 1 1 1 1 1 1 1 1 1 12 12 12 12 12 7 12 12 1 12 12 12 12 1 12 1 7 12 12 12 12 1 7 12 1 1 1 12 7 12 1 7 12 1 1 100 12 12 1 12 12 1 1 1 1 12 12 12 12 12 12 12 7 12 12 1 7 12 1 15 16 15 12 7 12 12 1 1 1 1 12 12 12 1 1 12 1 1 1 7 12 12 12 12 12 12 1 1 1 12 12 7 12 1 1 12 12 12 1 1 12 12 1 12 12 12 12 1 12 1 1 12 7 12 1 12 12 12 12 12 16 15 12 12 15 12 12 12 7 12 12 7 12 12 1 12 7 12 16 15 16 12 1 1 12 1 12 12 12 1 100 12 1 12 12 12 1 1 1 1 1 12 12 12 12 7 12 12 12 7 12 7 12 1 1 12 1 12 7 1 1 12 12 1 12 12 12 1 12 100 12 1 1 1 1 1 1 1 1 1 1 1 1 1 1 1 1 1 1 1 1 1 1 1 1 1 1 1 1 1 1 1 1 1 1 1 1 1 1 1 1 1 1 1 1 1 1 1 1 1 1 1 1 1 1 1 1 10 1 10 1 100 1 1 1 1 1 1 1 1 1 1 1 1 1 1 1 1 1 1 1 1 1 1 1 1 1 1 1 1 1 1 1 1 1 1 1 1 1 1 1 1 1 1 1 1 1 1 10 100 1 1 1 1 10 1 1 1 1 1 1 1 1 1 1 1 1 1 10 1 1 1 1 1 1 1 1 1 1 1 1 1 1 1 1 1 1 1 1 1 1 1 1 1 1 1 1 1 1 1 1 1 1 1 1 1 1 1 1 1 1 1 1 7 12 12 1 12 1 12 12 1 1 100 1 1 100 1 1
ciInstanceKlass org/springframework/context/annotation/CommonAnnotationBeanPostProcessor 1 1 648 9 9 10 7 10 9 9 9 7 10 9 100 3 10 7 10 7 10 8 10 9 7 10 9 8 10 11 8 9 7 7 10 10 10 10 11 10 10 100 100 8 10 10 10 10 11 7 10 10 10 11 9 10 9 7 10 18 10 18 10 11 10 7 10 100 10 100 10 10 9 10 10 11 10 9 9 100 8 10 11 8 10 100 10 9 11 7 10 11 10 8 11 10 11 11 11 100 11 11 7 10 10 7 10 10 10 10 9 10 10 10 100 8 10 10 100 10 8 10 10 10 10 100 10 11 9 8 8 100 10 7 8 10 8 11 100 10 10 10 8 8 8 10 8 10 10 8 10 8 7 100 100 100 100 1 1 1 1 1 100 1 1 1 1 1 1 1 1 1 1 1 1 1 1 1 1 1 1 1 1 1 1 1 1 1 1 1 1 1 1 1 1 1 1 100 1 1 1 1 1 1 1 1 1 1 1 1 1 1 1 1 1 1 1 1 1 1 1 1 1 1 1 1 1 1 1 1 1 1 1 1 1 1 100 100 100 100 100 1 1 1 1 1 1 1 1 1 1 1 1 1 1 1 1 1 1 100 1 1 100 100 1 1 1 1 1 1 1 1 1 1 1 1 100 100 100 1 1 1 1 1 1 1 1 1 1 1 1 1 1 100 100 100 100 100 100 100 1 1 1 100 1 1 1 1 1 1 1 1 1 1 1 100 100 100 100 1 1 1 1 1 1 1 1 1 1 1 1 12 12 12 1 12 12 12 12 1 12 1 12 1 12 1 12 1 12 12 1 12 1 7 12 7 12 1 12 1 1 12 12 12 12 7 12 12 12 1 1 1 12 12 7 12 7 12 12 1 12 12 12 12 12 7 12 12 1 1 15 16 15 12 7 12 16 15 12 12 7 12 12 1 12 1 12 1 12 12 12 12 12 12 12 12 1 1 12 100 12 1 12 1 12 12 12 1 12 12 1 12 100 12 12 100 12 12 1 12 1 12 7 12 1 7 12 12 12 7 12 12 12 12 100 12 1 1 12 12 1 1 12 12 12 100 12 1 12 12 1 1 1 1 1 12 1 12 1 7 1 1 1 12 1 12 1 12 1 1 1 1 1 1 1 1 1 1 1 1 1 1 1 1 1 1 1 1 1 1 1 1 1 1 1 1 1 1 1 1 1 1 1 1 1 1 1 1 1 1 1 1 1 1 1 1 1 1 1 1 1 1 1 1 1 10 1 10 1 100 1 1 1 1 1 1 10 100 1 1 1 1 1 1 1 1 1 1 1 1 1 1 1 1 1 1 1 1 1 1 1 1 1 1 1 1 1 1 1 1 1 1 1 1 1 1 1 1 1 1 1 1 1 1 1 1 1 1 1 1 1 1 1 1 1 1 1 1 1 1 1 1 1 1 1 1 1 1 1 1 1 1 1 1 1 1 7 12 12 1 12 1 1 1 100 1 1 100 1 1
staticfield org/springframework/context/annotation/CommonAnnotationBeanPostProcessor jndiPresent Z 1
staticfield org/springframework/context/annotation/CommonAnnotationBeanPostProcessor resourceAnnotationTypes Ljava/util/Set; java/util/LinkedHashSet
staticfield org/springframework/context/annotation/CommonAnnotationBeanPostProcessor webServiceRefClass Ljava/lang/Class; java/lang/Class
staticfield org/springframework/context/annotation/CommonAnnotationBeanPostProcessor ejbClass Ljava/lang/Class; null
ciInstanceKlass org/springframework/boot/context/ContextIdApplicationContextInitializer$ContextId 1 1 58 10 7 10 9 9 7 100 10 10 8 10 10 10 10 7 1 1 1 1 1 1 1 1 1 1 1 1 1 1 1 1 1 1 1 1 12 1 12 12 100 1 1 12 1 12 12 12 12 1 1 1 1 1 1 1 1 1
ciInstanceKlass org/springframework/boot/autoconfigure/condition/ConditionEvaluationReport 1 1 354 10 7 10 9 7 10 9 7 10 9 8 10 8 8 11 11 7 10 11 11 10 9 8 11 8 11 18 11 10 7 10 10 8 10 18 10 10 11 10 9 7 7 10 7 8 11 11 10 11 11 10 11 11 18 10 10 11 10 10 18 10 10 10 10 10 8 7 10 8 10 10 9 10 7 10 100 1 1 100 1 1 1 1 1 1 1 1 1 1 1 1 1 1 1 1 1 1 1 1 1 1 1 1 1 1 1 1 1 1 1 1 1 1 1 1 1 1 1 1 1 1 1 1 1 1 1 1 1 1 1 1 1 1 1 1 1 1 1 1 1 1 1 1 1 1 1 1 1 100 100 100 100 1 1 1 1 1 1 1 1 1 1 1 1 1 100 1 1 1 1 1 1 1 1 1 1 1 1 12 1 12 1 12 1 12 1 7 12 1 1 7 12 7 12 1 12 12 12 12 1 7 12 1 1 15 16 15 16 12 12 7 12 1 12 1 12 15 12 12 12 12 12 12 1 1 12 1 1 12 12 12 12 12 100 12 15 12 12 12 12 16 15 16 12 12 12 12 12 7 12 1 1 7 12 1 7 12 7 12 12 12 1 12 1 1 1 1 1 1 1 1 1 1 1 1 1 1 1 1 1 1 1 10 1 10 1 1 1 1 1 1 1 1 1 1 1 10 1 1 1 1 1 1 1 1 1 1 1 1 1 1 1 1 10 1 1 1 1 10 1 1 1 1 1 1 1 1 1 1 1 1 1 1 1 1 1 1 1 1 7 12 12 12 12 12 1 1 100 1 1 100 1 1
staticfield org/springframework/boot/autoconfigure/condition/ConditionEvaluationReport ANCESTOR_CONDITION Lorg/springframework/boot/autoconfigure/condition/ConditionEvaluationReport$AncestorsMatchedCondition; org/springframework/boot/autoconfigure/condition/ConditionEvaluationReport$AncestorsMatchedCondition
ciInstanceKlass org/springframework/beans/factory/annotation/AnnotatedGenericBeanDefinition 1 1 87 10 10 11 9 8 10 7 10 11 10 10 8 11 10 9 7 7 100 1 1 1 1 1 1 1 1 1 1 1 1 1 1 1 1 1 1 1 1 1 100 100 1 1 1 1 1 1 1 12 12 7 12 12 1 7 12 1 12 12 12 12 1 100 12 12 12 1 1 1 1 1 1 1 1 1 1 1 1 1 1 1 1 1 1 1 1
ciInstanceKlass org/springframework/beans/factory/BeanFactoryUtils 1 1 329 10 100 8 10 8 10 9 18 11 7 7 8 10 10 10 10 100 10 8 11 7 11 7 10 10 11 10 11 11 10 11 10 7 10 11 11 10 18 11 11 10 18 10 100 10 10 11 11 11 11 10 11 11 11 11 100 11 10 100 10 11 11 10 10 7 10 1 1 1 1 1 1 1 1 1 1 1 1 1 1 1 1 1 1 1 1 1 1 1 1 1 1 100 1 1 1 1 1 1 1 1 1 1 1 1 1 1 1 100 1 1 1 1 1 1 1 1 1 1 1 1 1 1 1 1 1 1 1 100 1 100 1 1 1 1 1 1 1 1 1 1 1 1 1 1 1 1 100 100 1 1 1 1 1 1 1 1 1 1 1 1 1 1 12 1 1 12 1 7 12 12 1 15 16 15 16 12 7 12 1 1 1 12 12 12 12 1 12 1 12 1 12 1 12 12 12 12 12 12 12 12 12 1 12 12 12 12 16 15 16 12 12 12 12 15 12 1 100 12 100 12 12 12 12 100 12 12 12 100 12 100 12 1 12 12 1 12 12 12 12 12 1 1 1 1 1 1 1 1 10 1 10 1 1 1 1 1 1 1 1 1 1 1 1 1 1 1 1 1 1 1 1 1 1 1 1 10 1 1 1 1 1 1 10 1 1 1 1 1 1 1 1 1 1 1 1 1 1 1 1 1 1 1 1 1 1 1 1 1 1 1 1 1 1 7 12 12 12 12 1 1 100 1 1 1 100 1 1
staticfield org/springframework/beans/factory/BeanFactoryUtils transformedBeanNameCache Ljava/util/Map; java/util/concurrent/ConcurrentHashMap
ciInstanceKlass org/springframework/context/annotation/AnnotationBeanNameGenerator$$Lambda$192 1 1 33 1 7 1 7 1 100 1 1 1 1 1 12 10 12 9 1 1 12 10 1 1 1 1 7 1 7 1 1 12 10 1 1
ciInstanceKlass org/springframework/context/support/ApplicationContextAwareProcessor 1 1 152 10 9 7 11 10 9 7 7 7 7 7 7 7 10 11 18 10 10 11 11 11 11 11 11 11 11 11 7 7 100 1 1 1 1 1 1 1 1 1 1 1 1 1 1 1 1 1 1 1 1 1 100 1 100 1 1 1 1 1 1 1 1 12 12 1 7 12 12 12 1 1 1 1 1 1 1 7 12 100 12 1 15 16 15 12 100 12 12 12 12 12 12 12 12 12 12 12 1 1 1 1 1 1 1 1 1 1 1 1 1 1 1 1 10 1 10 1 1 1 1 1 1 1 1 1 1 1 1 1 1 1 1 1 1 1 1 1 1 1 100 12 12 1 1 100 1 1 1 100 1 1
ciInstanceKlass org/springframework/context/support/ApplicationListenerDetector 1 1 177 10 7 10 9 9 7 10 10 10 11 11 7 9 10 10 9 9 11 10 100 10 8 10 8 10 11 11 10 11 11 100 7 10 10 7 100 100 1 1 1 1 1 1 1 1 1 1 1 1 1 1 1 1 1 1 1 1 1 1 1 1 1 1 1 1 1 1 1 1 1 1 1 100 1 1 1 1 100 1 1 1 1 1 1 1 1 1 1 1 1 12 1 12 12 12 1 7 12 7 12 12 7 12 12 1 12 12 7 12 12 12 100 12 12 1 1 12 1 12 12 12 12 100 12 12 1 1 100 12 7 12 1 1 1 1 1 1 1 1 1 1 1 1 1 1 1 1 1 1 1 1 1 1 1 1 1 1 1 1 1 1 1 1 1 1 1 1 1 1 1 1 1 1 1 1 1
staticfield org/springframework/context/support/ApplicationListenerDetector logger Lorg/apache/commons/logging/Log; org/apache/commons/logging/LogAdapter$Slf4jLocationAwareLog
ciInstanceKlass org/springframework/beans/factory/FactoryBean 1 1 34 100 100 1 1 1 8 1 1 1 7 1 1 1 1 1 1 1 1 1 1 1 1 1 1 1 1 1 1 1 1 1 1 1
ciInstanceKlass org/springframework/boot/autoconfigure/SharedMetadataReaderFactoryContextInitializer$SharedMetadataReaderFactoryBean 1 1 68 10 7 10 9 7 10 10 7 10 7 7 100 100 100 1 1 1 1 1 1 1 1 1 1 1 1 1 1 1 1 1 1 1 100 1 1 1 1 1 1 1 1 1 1 1 1 1 1 1 12 1 12 12 1 12 12 1 12 100 1 1 1 1 1 1 1 1
ciInstanceKlass org/springframework/beans/factory/support/AbstractBeanFactory$BeanPostProcessorCache 1 1 41 10 7 10 9 9 9 9 7 7 1 1 1 1 1 1 1 1 1 1 1 1 1 1 1 1 1 1 1 1 1 12 1 12 12 12 12 100 1 1 1
ciInstanceKlass org/springframework/beans/factory/support/NullBean 1 1 31 10 100 10 8 7 1 1 1 1 1 1 1 1 1 1 1 1 1 1 1 1 1 1 1 1 12 1 12 1 1
ciInstanceKlass org/springframework/beans/factory/BeanFactoryUtils$$Lambda$201 1 1 24 1 7 1 7 1 100 1 1 12 10 1 1 1 1 7 1 7 1 1 12 10 1 1
ciInstanceKlass org/springframework/beans/BeanWrapperImpl 1 1 262 9 10 10 10 10 10 10 10 10 9 9 7 10 9 10 10 10 10 9 10 10 10 10 100 10 100 10 10 10 10 8 8 10 10 7 10 10 10 7 7 10 10 10 10 10 7 10 7 10 10 100 10 10 10 10 10 10 10 10 7 100 1 1 1 1 1 1 1 1 1 1 1 1 1 1 1 1 1 1 1 1 1 1 1 1 1 1 1 1 1 1 1 1 1 1 1 1 1 1 1 1 1 1 1 1 1 1 1 1 1 1 1 1 1 100 100 100 1 100 1 1 1 1 1 1 100 1 1 1 1 1 1 1 1 1 1 1 1 100 100 1 100 1 1 1 1 1 1 1 1 1 1 12 12 12 12 12 12 12 12 12 12 1 12 12 7 12 12 12 12 12 7 12 12 12 12 1 12 1 12 12 12 12 1 1 12 12 1 12 12 12 1 1 12 12 12 12 1 12 1 12 100 12 1 12 12 12 12 12 12 12 12 1 1 1 1 1 1 1 1 1 1 1 1 1 1 1 1 1 1 1 1 1 1 1 1 1 1 1 1 1 1 1 1 1 1 1 1 1 1 1 1 1 1 1 1 1 1 1 1 1
ciInstanceKlass org/springframework/context/annotation/ScannedGenericBeanDefinition 1 1 63 10 8 10 11 9 11 10 11 10 7 7 100 1 1 1 1 1 1 1 1 1 1 1 1 1 1 1 1 1 1 1 1 12 1 7 12 7 12 12 7 12 12 12 12 1 1 1 1 1 1 1 1 1 1 1 1 1 1 1 1 1 1
ciInstanceKlass org/springframework/context/annotation/ConfigurationClassBeanDefinitionReader$ConfigurationClassBeanDefinition 1 1 98 10 10 9 9 9 10 10 10 10 10 10 10 10 7 10 10 7 100 1 1 1 1 1 1 1 1 1 1 1 1 1 1 1 1 1 1 1 1 1 1 1 1 1 1 1 1 1 1 1 1 1 1 1 1 1 1 1 1 12 7 12 12 12 12 12 12 12 12 12 7 12 12 7 12 100 1 12 12 1 1 1 1 1 1 1 1 1 1 1 1 1 1 1 1 1 1 1
ciInstanceKlass org/springframework/aop/aspectj/annotation/AnnotationAwareAspectJAutoProxyCreator 1 1 152 10 100 11 10 9 11 11 11 100 10 11 8 10 9 10 7 10 7 10 9 10 10 11 10 11 100 10 10 7 7 1 1 1 1 1 1 1 1 1 1 1 1 1 1 1 1 1 1 1 1 1 1 1 1 1 1 1 100 1 1 1 1 1 1 1 1 1 1 1 1 100 1 1 1 1 1 1 1 1 1 1 1 1 1 1 12 1 7 12 12 12 12 100 12 12 1 12 12 1 100 12 12 12 1 12 1 12 12 12 7 12 12 12 7 12 1 12 100 12 1 1 1 1 1 1 1 1 1 1 1 1 1 1 1 1 1 1 1 1 1 1 1 1 1 1 1 1 1 1 1 1
ciInstanceKlass org/springframework/beans/factory/support/AbstractAutowireCapableBeanFactory$$Lambda$305 1 1 24 1 7 1 7 1 100 1 1 12 10 1 1 1 1 7 1 7 1 1 12 10 1 1
ciInstanceKlass org/mybatis/spring/mapper/MapperFactoryBean 1 1 132 10 7 12 1 1 1 9 7 12 1 1 1 9 12 1 1 10 12 1 8 1 10 7 12 1 1 1 10 12 1 1 11 7 12 1 1 1 10 7 12 1 1 1 10 12 1 1 10 7 12 1 1 1 10 12 1 7 1 9 12 1 1 100 1 10 8 1 10 12 1 1 10 12 1 8 1 10 12 1 1 11 100 12 1 1 1 100 1 10 12 1 11 12 1 1 100 1 1 1 1 1 1 1 1 1 1 1 1 1 1 1 1 100 1 1 1 1 1 1 1 1 1 1 1 1 1 1 1 1 1 1
ciInstanceKlass org/springframework/context/annotation/ConfigurationClassPostProcessor$ImportAwareBeanPostProcessor 1 1 86 10 9 7 11 7 10 7 11 10 10 11 11 7 7 100 1 1 1 1 1 1 1 1 1 1 1 1 1 1 1 1 1 1 1 1 1 1 1 1 1 1 1 1 1 1 1 12 12 100 1 1 12 1 7 12 1 7 12 7 12 7 12 12 12 1 1 1 1 1 1 1 1 1 1 1 1 1 1 1 1 1 1 1 1 1
ciInstanceKlass java/util/concurrent/locks/LockSupport 1 1 118 8 8 8 8 7 1 1 1 1 1 1 1 1 1 1 1 1 1 1 1 1 1 1 1 1 1 1 1 1 1 1 1 1 1 1 1 1 1 1 1 1 1 1 1 1 1 1 1 1 1 1 1 7 100 100 100 100 100 7 7 1 1 1 1 1 1 1 1 1 1 1 1 1 1 1 12 12 12 12 12 12 12 12 12 12 12 12 12 12 12 12 12 12 12 12 9 9 9 9 9 10 10 10 10 10 10 10 10 10 10 10 10 10 10 10 10 1
staticfield java/util/concurrent/locks/LockSupport UNSAFE Lsun/misc/Unsafe; sun/misc/Unsafe
staticfield java/util/concurrent/locks/LockSupport parkBlockerOffset J 88
staticfield java/util/concurrent/locks/LockSupport SEED J 232
staticfield java/util/concurrent/locks/LockSupport PROBE J 240
staticfield java/util/concurrent/locks/LockSupport SECONDARY J 244
ciInstanceKlass java/util/concurrent/ConcurrentHashMap$TreeNode 1 1 69 1 1 1 1 1 1 1 1 1 1 1 1 1 1 1 1 1 1 1 1 1 1 1 1 1 1 1 1 1 100 7 7 7 7 1 1 1 1 1 1 1 1 1 1 1 1 12 12 12 12 12 12 12 12 12 12 9 9 9 9 9 10 10 10 10 10 1 1
ciInstanceKlass java/util/concurrent/ConcurrentHashMap$TreeBin 1 1 231 8 7 7 1 1 1 1 1 1 1 1 1 1 1 1 1 1 1 1 1 1 1 1 1 1 1 1 1 1 1 1 1 1 1 1 1 1 1 1 1 1 1 1 1 1 1 1 1 1 1 1 1 1 1 1 1 1 1 1 1 1 1 1 1 1 1 1 1 1 1 1 1 1 1 1 1 1 1 1 1 1 1 1 1 1 1 3 3 3 100 7 100 100 7 7 7 100 100 7 7 100 7 1 1 1 1 1 1 1 1 1 1 1 1 1 1 1 1 1 1 1 1 1 1 1 1 1 1 1 1 1 1 1 1 12 12 12 12 12 12 12 12 12 12 12 12 12 12 12 12 12 12 12 12 12 12 12 12 12 12 12 12 12 12 12 12 12 12 12 12 12 12 12 12 12 12 12 12 12 9 9 9 9 9 9 9 9 9 9 9 9 9 9 9 9 9 9 10 10 10 10 10 10 10 10 10 10 10 10 10 10 10 10 10 10 10 10 10 10 10 10 10 10 10 10 10 10 1 1 1
staticfield java/util/concurrent/ConcurrentHashMap$TreeBin U Lsun/misc/Unsafe; sun/misc/Unsafe
staticfield java/util/concurrent/ConcurrentHashMap$TreeBin LOCKSTATE J 28
staticfield java/util/concurrent/ConcurrentHashMap$TreeBin $assertionsDisabled Z 1
compile org/springframework/beans/factory/support/AbstractBeanFactory isTypeMatch (Ljava/lang/String;Lorg/springframework/core/ResolvableType;Z)Z -1 4 inline 114 0 -1 org/springframework/beans/factory/support/AbstractBeanFactory isTypeMatch (Ljava/lang/String;Lorg/springframework/core/ResolvableType;Z)Z 1 2 org/springframework/beans/factory/support/AbstractBeanFactory transformedBeanName (Ljava/lang/String;)Ljava/lang/String; 2 2 org/springframework/beans/factory/BeanFactoryUtils transformedBeanName (Ljava/lang/String;)Ljava/lang/String; 3 3 org/springframework/util/Assert notNull (Ljava/lang/Object;Ljava/lang/String;)V 3 9 java/lang/String startsWith (Ljava/lang/String;)Z 4 3 java/lang/String startsWith (Ljava/lang/String;I)Z 3 21 java/lang/invoke/LambdaForm$MH linkToTargetMethod (Ljava/lang/Object;)Ljava/lang/Object; 4 4 java/lang/invoke/LambdaForm$MH identity_L (Ljava/lang/Object;)Ljava/lang/Object; 2 5 org/springframework/core/SimpleAliasRegistry canonicalName (Ljava/lang/String;)Ljava/lang/String; 3 7 java/util/concurrent/ConcurrentHashMap get (Ljava/lang/Object;)Ljava/lang/Object; 4 1 java/lang/String hashCode ()I 4 4 java/util/concurrent/ConcurrentHashMap spread (I)I 4 34 java/util/concurrent/ConcurrentHashMap tabAt ([Ljava/util/concurrent/ConcurrentHashMap$Node;I)Ljava/util/concurrent/ConcurrentHashMap$Node; 1 8 org/springframework/beans/factory/BeanFactoryUtils isFactoryDereference (Ljava/lang/String;)Z 2 7 java/lang/String startsWith (Ljava/lang/String;)Z 3 3 java/lang/String startsWith (Ljava/lang/String;I)Z 1 56 org/springframework/beans/factory/support/FactoryBeanRegistrySupport getTypeForFactoryBean (Lorg/springframework/beans/factory/FactoryBean;)Ljava/lang/Class; 2 0 java/lang/System getSecurityManager ()Ljava/lang/SecurityManager; 1 69 org/springframework/core/ResolvableType$1 isAssignableFrom (Ljava/lang/Class;)Z 2 12 org/springframework/util/ClassUtils isAssignable (Ljava/lang/Class;Ljava/lang/Class;)Z 3 3 org/springframework/util/Assert notNull (Ljava/lang/Object;Ljava/lang/String;)V 3 9 org/springframework/util/Assert notNull (Ljava/lang/Object;Ljava/lang/String;)V 3 57 java/util/IdentityHashMap get (Ljava/lang/Object;)Ljava/lang/Object; 4 1 java/util/IdentityHashMap maskNull (Ljava/lang/Object;)Ljava/lang/Object; 4 17 java/util/IdentityHashMap hash (Ljava/lang/Object;I)I 4 52 java/util/IdentityHashMap nextKeyIndex (II)I 1 84 org/springframework/core/ResolvableType isInstance (Ljava/lang/Object;)Z 2 9 org/springframework/core/ResolvableType$1 isAssignableFrom (Ljava/lang/Class;)Z 3 12 org/springframework/util/ClassUtils isAssignable (Ljava/lang/Class;Ljava/lang/Class;)Z 4 3 org/springframework/util/Assert notNull (Ljava/lang/Object;Ljava/lang/String;)V 4 9 org/springframework/util/Assert notNull (Ljava/lang/Object;Ljava/lang/String;)V 4 57 java/util/IdentityHashMap get (Ljava/lang/Object;)Ljava/lang/Object; 5 1 java/util/IdentityHashMap maskNull (Ljava/lang/Object;)Ljava/lang/Object; 5 17 java/util/IdentityHashMap hash (Ljava/lang/Object;I)I 5 52 java/util/IdentityHashMap nextKeyIndex (II)I 1 96 org/springframework/core/ResolvableType isInstance (Ljava/lang/Object;)Z 2 9 org/springframework/core/ResolvableType$1 isAssignableFrom (Ljava/lang/Class;)Z 3 12 org/springframework/util/ClassUtils isAssignable (Ljava/lang/Class;Ljava/lang/Class;)Z 4 3 org/springframework/util/Assert notNull (Ljava/lang/Object;Ljava/lang/String;)V 4 9 org/springframework/util/Assert notNull (Ljava/lang/Object;Ljava/lang/String;)V 4 57 java/util/IdentityHashMap get (Ljava/lang/Object;)Ljava/lang/Object; 5 1 java/util/IdentityHashMap maskNull (Ljava/lang/Object;)Ljava/lang/Object; 5 17 java/util/IdentityHashMap hash (Ljava/lang/Object;I)I 5 52 java/util/IdentityHashMap nextKeyIndex (II)I 1 105 org/springframework/core/ResolvableType hasGenerics ()Z 2 1 org/springframework/core/ResolvableType$1 getGenerics ()[Lorg/springframework/core/ResolvableType; 3 0 org/springframework/core/ResolvableType access$100 ()[Lorg/springframework/core/ResolvableType; 1 228 org/springframework/beans/factory/support/DefaultSingletonBeanRegistry containsSingleton (Ljava/lang/String;)Z 2 5 java/util/concurrent/ConcurrentHashMap containsKey (Ljava/lang/Object;)Z 3 2 java/util/concurrent/ConcurrentHashMap get (Ljava/lang/Object;)Ljava/lang/Object; 4 1 java/lang/String hashCode ()I 4 4 java/util/concurrent/ConcurrentHashMap spread (I)I 4 34 java/util/concurrent/ConcurrentHashMap tabAt ([Ljava/util/concurrent/ConcurrentHashMap$Node;I)Ljava/util/concurrent/ConcurrentHashMap$Node; 1 237 org/springframework/beans/factory/support/DefaultListableBeanFactory containsBeanDefinition (Ljava/lang/String;)Z 2 3 org/springframework/util/Assert notNull (Ljava/lang/Object;Ljava/lang/String;)V 2 11 java/util/concurrent/ConcurrentHashMap containsKey (Ljava/lang/Object;)Z 3 2 java/util/concurrent/ConcurrentHashMap get (Ljava/lang/Object;)Ljava/lang/Object; 4 1 java/lang/String hashCode ()I 4 4 java/util/concurrent/ConcurrentHashMap spread (I)I 4 34 java/util/concurrent/ConcurrentHashMap tabAt ([Ljava/util/concurrent/ConcurrentHashMap$Node;I)Ljava/util/concurrent/ConcurrentHashMap$Node; 1 246 org/springframework/beans/factory/support/AbstractBeanFactory getParentBeanFactory ()Lorg/springframework/beans/factory/BeanFactory; 1 282 org/springframework/beans/factory/support/AbstractBeanFactory getMergedLocalBeanDefinition (Ljava/lang/String;)Lorg/springframework/beans/factory/support/RootBeanDefinition; 2 5 java/util/concurrent/ConcurrentHashMap get (Ljava/lang/Object;)Ljava/lang/Object; 3 1 java/lang/String hashCode ()I 3 4 java/util/concurrent/ConcurrentHashMap spread (I)I 3 34 java/util/concurrent/ConcurrentHashMap tabAt ([Ljava/util/concurrent/ConcurrentHashMap$Node;I)Ljava/util/concurrent/ConcurrentHashMap$Node; 2 31 org/springframework/beans/factory/support/DefaultListableBeanFactory getBeanDefinition (Ljava/lang/String;)Lorg/springframework/beans/factory/config/BeanDefinition; 3 5 java/util/concurrent/ConcurrentHashMap get (Ljava/lang/Object;)Ljava/lang/Object; 4 1 java/lang/String hashCode ()I 4 4 java/util/concurrent/ConcurrentHashMap spread (I)I 4 34 java/util/concurrent/ConcurrentHashMap tabAt ([Ljava/util/concurrent/ConcurrentHashMap$Node;I)Ljava/util/concurrent/ConcurrentHashMap$Node; 2 34 org/springframework/beans/factory/support/AbstractBeanFactory getMergedBeanDefinition (Ljava/lang/String;Lorg/springframework/beans/factory/config/BeanDefinition;)Lorg/springframework/beans/factory/support/RootBeanDefinition; 1 289 org/springframework/beans/factory/support/RootBeanDefinition getDecoratedDefinition ()Lorg/springframework/beans/factory/config/BeanDefinitionHolder; 1 295 org/springframework/core/ResolvableType resolve ()Ljava/lang/Class; 1 485 org/springframework/beans/factory/support/AbstractAutowireCapableBeanFactory getTypeForFactoryBean (Ljava/lang/String;Lorg/springframework/beans/factory/support/RootBeanDefinition;Z)Lorg/springframework/core/ResolvableType; 2 19 org/springframework/beans/factory/support/AbstractBeanDefinition hasBeanClass ()Z 2 29 org/springframework/core/ResolvableType forClass (Ljava/lang/Class;)Lorg/springframework/core/ResolvableType; 3 5 org/springframework/core/ResolvableType <init> (Ljava/lang/Class;)V 4 1 java/lang/Object <init> ()V 2 41 org/springframework/beans/factory/support/AbstractBeanDefinition getInstanceSupplier ()Ljava/util/function/Supplier; 2 59 org/springframework/core/ResolvableType resolve ()Ljava/lang/Class; 2 78 org/springframework/core/ResolvableType resolve ()Ljava/lang/Class; 2 88 org/springframework/beans/factory/support/AbstractBeanDefinition getFactoryBeanName ()Ljava/lang/String; 2 94 org/springframework/beans/factory/support/AbstractBeanDefinition getFactoryMethodName ()Ljava/lang/String; 2 130 org/springframework/beans/factory/support/AbstractBeanDefinition hasBeanClass ()Z 2 154 org/springframework/beans/factory/support/AbstractBeanFactory getMergedBeanDefinition (Ljava/lang/String;Lorg/springframework/beans/factory/config/BeanDefinition;)Lorg/springframework/beans/factory/support/RootBeanDefinition; 2 190 org/springframework/core/ResolvableType resolve ()Ljava/lang/Class; 2 202 org/springframework/beans/factory/support/DefaultListableBeanFactory isBeanEligibleForMetadataCaching (Ljava/lang/String;)Z 3 9 org/springframework/beans/factory/support/AbstractBeanFactory isBeanEligibleForMetadataCaching (Ljava/lang/String;)Z 2 217 org/springframework/beans/factory/support/AbstractBeanDefinition isSingleton ()Z 2 260 org/springframework/core/ResolvableType forClass (Ljava/lang/Class;)Lorg/springframework/core/ResolvableType; 3 5 org/springframework/core/ResolvableType <init> (Ljava/lang/Class;)V 4 1 java/lang/Object <init> ()V 2 278 org/springframework/beans/factory/support/AbstractBeanDefinition hasBeanClass ()Z 2 310 org/springframework/core/ResolvableType resolve ()Ljava/lang/Class; 1 492 org/springframework/core/ResolvableType resolve ()Ljava/lang/Class; 1 576 org/springframework/core/ResolvableType resolve ()Ljava/lang/Class; 1 596 org/springframework/core/ResolvableType$1 isAssignableFrom (Lorg/springframework/core/ResolvableType;)Z 2 1 org/springframework/core/ResolvableType resolve ()Ljava/lang/Class; 2 21 org/springframework/util/ClassUtils isAssignable (Ljava/lang/Class;Ljava/lang/Class;)Z 3 3 org/springframework/util/Assert notNull (Ljava/lang/Object;Ljava/lang/String;)V 3 9 org/springframework/util/Assert notNull (Ljava/lang/Object;Ljava/lang/String;)V 3 57 java/util/IdentityHashMap get (Ljava/lang/Object;)Ljava/lang/Object; 4 1 java/util/IdentityHashMap maskNull (Ljava/lang/Object;)Ljava/lang/Object; 4 17 java/util/IdentityHashMap hash (Ljava/lang/Object;I)I 4 52 java/util/IdentityHashMap nextKeyIndex (II)I 1 603 org/springframework/core/ResolvableType$1 isAssignableFrom (Ljava/lang/Class;)Z 2 12 org/springframework/util/ClassUtils isAssignable (Ljava/lang/Class;Ljava/lang/Class;)Z 3 3 org/springframework/util/Assert notNull (Ljava/lang/Object;Ljava/lang/String;)V 3 9 org/springframework/util/Assert notNull (Ljava/lang/Object;Ljava/lang/String;)V 3 57 java/util/IdentityHashMap get (Ljava/lang/Object;)Ljava/lang/Object; 4 1 java/util/IdentityHashMap maskNull (Ljava/lang/Object;)Ljava/lang/Object; 4 17 java/util/IdentityHashMap hash (Ljava/lang/Object;I)I 4 52 java/util/IdentityHashMap nextKeyIndex (II)I
